config_id,control,delta,K,radius_fraction,quadrature_nodes,z,dimensionless_boundary,boundary
delta0.5_K32_radius0_common,common,0.5,32,0.0,128,-1.0,0.0,0.0
delta0.5_K32_radius0_common,common,0.5,32,0.0,128,-0.96875,0.0,0.0
delta0.5_K32_radius0_common,common,0.5,32,0.0,128,-0.9375,0.0,0.0
delta0.5_K32_radius0_common,common,0.5,32,0.0,128,-0.90625,0.0,0.0
delta0.5_K32_radius0_common,common,0.5,32,0.0,128,-0.875,0.0,0.0
delta0.5_K32_radius0_common,common,0.5,32,0.0,128,-0.84375,0.0,0.0
delta0.5_K32_radius0_common,common,0.5,32,0.0,128,-0.8125,0.0,0.0
delta0.5_K32_radius0_common,common,0.5,32,0.0,128,-0.78125,0.0,0.0
delta0.5_K32_radius0_common,common,0.5,32,0.0,128,-0.75,0.0,0.0
delta0.5_K32_radius0_common,common,0.5,32,0.0,128,-0.71875,0.0,0.0
delta0.5_K32_radius0_common,common,0.5,32,0.0,128,-0.6875,0.0,0.0
delta0.5_K32_radius0_common,common,0.5,32,0.0,128,-0.65625,0.0,0.0
delta0.5_K32_radius0_common,common,0.5,32,0.0,128,-0.625,0.0,0.0
delta0.5_K32_radius0_common,common,0.5,32,0.0,128,-0.59375,0.0,0.0
delta0.5_K32_radius0_common,common,0.5,32,0.0,128,-0.5625,0.0,0.0
delta0.5_K32_radius0_common,common,0.5,32,0.0,128,-0.53125,0.0,0.0
delta0.5_K32_radius0_common,common,0.5,32,0.0,128,-0.5,0.0,0.0
delta0.5_K32_radius0_common,common,0.5,32,0.0,128,-0.46875,0.0,0.0
delta0.5_K32_radius0_common,common,0.5,32,0.0,128,-0.4375,0.0,0.0
delta0.5_K32_radius0_common,common,0.5,32,0.0,128,-0.40625,0.0,0.0
delta0.5_K32_radius0_common,common,0.5,32,0.0,128,-0.375,0.0,0.0
delta0.5_K32_radius0_common,common,0.5,32,0.0,128,-0.34375,0.0,0.0
delta0.5_K32_radius0_common,common,0.5,32,0.0,128,-0.3125,0.0,0.0
delta0.5_K32_radius0_common,common,0.5,32,0.0,128,-0.28125,0.0,0.0
delta0.5_K32_radius0_common,common,0.5,32,0.0,128,-0.25,0.0,0.0
delta0.5_K32_radius0_common,common,0.5,32,0.0,128,-0.21875,0.0,0.0
delta0.5_K32_radius0_common,common,0.5,32,0.0,128,-0.1875,0.0,0.0
delta0.5_K32_radius0_common,common,0.5,32,0.0,128,-0.15625,0.0,0.0
delta0.5_K32_radius0_common,common,0.5,32,0.0,128,-0.125,0.0,0.0
delta0.5_K32_radius0_common,common,0.5,32,0.0,128,-0.09375,0.0,0.0
delta0.5_K32_radius0_common,common,0.5,32,0.0,128,-0.0625,0.0,0.0
delta0.5_K32_radius0_common,common,0.5,32,0.0,128,-0.03125,0.0,0.0
delta0.5_K32_radius0_common,common,0.5,32,0.0,128,0.0,0.0,0.0
delta0.5_K32_radius0_common,common,0.5,32,0.0,128,0.03125,0.0,0.0
delta0.5_K32_radius0_common,common,0.5,32,0.0,128,0.0625,0.0,0.0
delta0.5_K32_radius0_common,common,0.5,32,0.0,128,0.09375,0.0,0.0
delta0.5_K32_radius0_common,common,0.5,32,0.0,128,0.125,0.0,0.0
delta0.5_K32_radius0_common,common,0.5,32,0.0,128,0.15625,0.0,0.0
delta0.5_K32_radius0_common,common,0.5,32,0.0,128,0.1875,0.0,0.0
delta0.5_K32_radius0_common,common,0.5,32,0.0,128,0.21875,0.0,0.0
delta0.5_K32_radius0_common,common,0.5,32,0.0,128,0.25,0.0,0.0
delta0.5_K32_radius0_common,common,0.5,32,0.0,128,0.28125,0.0,0.0
delta0.5_K32_radius0_common,common,0.5,32,0.0,128,0.3125,0.0,0.0
delta0.5_K32_radius0_common,common,0.5,32,0.0,128,0.34375,0.0,0.0
delta0.5_K32_radius0_common,common,0.5,32,0.0,128,0.375,0.0,0.0
delta0.5_K32_radius0_common,common,0.5,32,0.0,128,0.40625,0.0,0.0
delta0.5_K32_radius0_common,common,0.5,32,0.0,128,0.4375,0.0,0.0
delta0.5_K32_radius0_common,common,0.5,32,0.0,128,0.46875,0.0,0.0
delta0.5_K32_radius0_common,common,0.5,32,0.0,128,0.5,0.0,0.0
delta0.5_K32_radius0_common,common,0.5,32,0.0,128,0.53125,0.0,0.0
delta0.5_K32_radius0_common,common,0.5,32,0.0,128,0.5625,0.0,0.0
delta0.5_K32_radius0_common,common,0.5,32,0.0,128,0.59375,0.0,0.0
delta0.5_K32_radius0_common,common,0.5,32,0.0,128,0.625,0.0,0.0
delta0.5_K32_radius0_common,common,0.5,32,0.0,128,0.65625,0.0,0.0
delta0.5_K32_radius0_common,common,0.5,32,0.0,128,0.6875,0.0,0.0
delta0.5_K32_radius0_common,common,0.5,32,0.0,128,0.71875,0.0,0.0
delta0.5_K32_radius0_common,common,0.5,32,0.0,128,0.75,0.0,0.0
delta0.5_K32_radius0_common,common,0.5,32,0.0,128,0.78125,0.0,0.0
delta0.5_K32_radius0_common,common,0.5,32,0.0,128,0.8125,0.0,0.0
delta0.5_K32_radius0_common,common,0.5,32,0.0,128,0.84375,0.0,0.0
delta0.5_K32_radius0_common,common,0.5,32,0.0,128,0.875,0.0,0.0
delta0.5_K32_radius0_common,common,0.5,32,0.0,128,0.90625,0.0,0.0
delta0.5_K32_radius0_common,common,0.5,32,0.0,128,0.9375,0.0,0.0
delta0.5_K32_radius0_common,common,0.5,32,0.0,128,0.96875,0.0,0.0
delta0.5_K32_radius0_common,common,0.5,32,0.0,128,1.0,0.0,0.0
delta0.5_K32_radius1_aligned,aligned,0.5,32,1.0,128,-1.0,0.0,0.0
delta0.5_K32_radius1_aligned,aligned,0.5,32,1.0,128,-0.96875,0.0,0.0
delta0.5_K32_radius1_aligned,aligned,0.5,32,1.0,128,-0.9375,0.0,0.0
delta0.5_K32_radius1_aligned,aligned,0.5,32,1.0,128,-0.90625,0.0,0.0
delta0.5_K32_radius1_aligned,aligned,0.5,32,1.0,128,-0.875,0.0,0.0
delta0.5_K32_radius1_aligned,aligned,0.5,32,1.0,128,-0.84375,0.0,0.0
delta0.5_K32_radius1_aligned,aligned,0.5,32,1.0,128,-0.8125,0.0,0.0
delta0.5_K32_radius1_aligned,aligned,0.5,32,1.0,128,-0.78125,0.0,0.0
delta0.5_K32_radius1_aligned,aligned,0.5,32,1.0,128,-0.75,0.0,0.0
delta0.5_K32_radius1_aligned,aligned,0.5,32,1.0,128,-0.71875,0.0,0.0
delta0.5_K32_radius1_aligned,aligned,0.5,32,1.0,128,-0.6875,0.0,0.0
delta0.5_K32_radius1_aligned,aligned,0.5,32,1.0,128,-0.65625,0.0,0.0
delta0.5_K32_radius1_aligned,aligned,0.5,32,1.0,128,-0.625,0.0,0.0
delta0.5_K32_radius1_aligned,aligned,0.5,32,1.0,128,-0.59375,0.0,0.0
delta0.5_K32_radius1_aligned,aligned,0.5,32,1.0,128,-0.5625,0.0,0.0
delta0.5_K32_radius1_aligned,aligned,0.5,32,1.0,128,-0.53125,0.0,0.0
delta0.5_K32_radius1_aligned,aligned,0.5,32,1.0,128,-0.5,0.0,0.0
delta0.5_K32_radius1_aligned,aligned,0.5,32,1.0,128,-0.46875,0.0,0.0
delta0.5_K32_radius1_aligned,aligned,0.5,32,1.0,128,-0.4375,0.0,0.0
delta0.5_K32_radius1_aligned,aligned,0.5,32,1.0,128,-0.40625,0.0,0.0
delta0.5_K32_radius1_aligned,aligned,0.5,32,1.0,128,-0.375,0.0,0.0
delta0.5_K32_radius1_aligned,aligned,0.5,32,1.0,128,-0.34375,0.0,0.0
delta0.5_K32_radius1_aligned,aligned,0.5,32,1.0,128,-0.3125,0.0,0.0
delta0.5_K32_radius1_aligned,aligned,0.5,32,1.0,128,-0.28125,0.0,0.0
delta0.5_K32_radius1_aligned,aligned,0.5,32,1.0,128,-0.25,0.0,0.0
delta0.5_K32_radius1_aligned,aligned,0.5,32,1.0,128,-0.21875,0.0,0.0
delta0.5_K32_radius1_aligned,aligned,0.5,32,1.0,128,-0.1875,0.0,0.0
delta0.5_K32_radius1_aligned,aligned,0.5,32,1.0,128,-0.15625,0.0,0.0
delta0.5_K32_radius1_aligned,aligned,0.5,32,1.0,128,-0.125,0.0,0.0
delta0.5_K32_radius1_aligned,aligned,0.5,32,1.0,128,-0.09375,0.0,0.0
delta0.5_K32_radius1_aligned,aligned,0.5,32,1.0,128,-0.0625,0.0,0.0
delta0.5_K32_radius1_aligned,aligned,0.5,32,1.0,128,-0.03125,0.0,0.0
delta0.5_K32_radius1_aligned,aligned,0.5,32,1.0,128,0.0,0.0,0.0
delta0.5_K32_radius1_aligned,aligned,0.5,32,1.0,128,0.03125,0.0,0.0
delta0.5_K32_radius1_aligned,aligned,0.5,32,1.0,128,0.0625,0.0,0.0
delta0.5_K32_radius1_aligned,aligned,0.5,32,1.0,128,0.09375,0.0,0.0
delta0.5_K32_radius1_aligned,aligned,0.5,32,1.0,128,0.125,0.0,0.0
delta0.5_K32_radius1_aligned,aligned,0.5,32,1.0,128,0.15625,0.0,0.0
delta0.5_K32_radius1_aligned,aligned,0.5,32,1.0,128,0.1875,0.0,0.0
delta0.5_K32_radius1_aligned,aligned,0.5,32,1.0,128,0.21875,0.0,0.0
delta0.5_K32_radius1_aligned,aligned,0.5,32,1.0,128,0.25,0.0,0.0
delta0.5_K32_radius1_aligned,aligned,0.5,32,1.0,128,0.28125,0.0,0.0
delta0.5_K32_radius1_aligned,aligned,0.5,32,1.0,128,0.3125,0.0,0.0
delta0.5_K32_radius1_aligned,aligned,0.5,32,1.0,128,0.34375,0.0,0.0
delta0.5_K32_radius1_aligned,aligned,0.5,32,1.0,128,0.375,0.0,0.0
delta0.5_K32_radius1_aligned,aligned,0.5,32,1.0,128,0.40625,0.0,0.0
delta0.5_K32_radius1_aligned,aligned,0.5,32,1.0,128,0.4375,0.0,0.0
delta0.5_K32_radius1_aligned,aligned,0.5,32,1.0,128,0.46875,0.0,0.0
delta0.5_K32_radius1_aligned,aligned,0.5,32,1.0,128,0.5,0.0,0.0
delta0.5_K32_radius1_aligned,aligned,0.5,32,1.0,128,0.53125,0.0,0.0
delta0.5_K32_radius1_aligned,aligned,0.5,32,1.0,128,0.5625,0.0,0.0
delta0.5_K32_radius1_aligned,aligned,0.5,32,1.0,128,0.59375,0.0,0.0
delta0.5_K32_radius1_aligned,aligned,0.5,32,1.0,128,0.625,0.0,0.0
delta0.5_K32_radius1_aligned,aligned,0.5,32,1.0,128,0.65625,0.0,0.0
delta0.5_K32_radius1_aligned,aligned,0.5,32,1.0,128,0.6875,0.0,0.0
delta0.5_K32_radius1_aligned,aligned,0.5,32,1.0,128,0.71875,0.0,0.0
delta0.5_K32_radius1_aligned,aligned,0.5,32,1.0,128,0.75,0.0,0.0
delta0.5_K32_radius1_aligned,aligned,0.5,32,1.0,128,0.78125,0.0,0.0
delta0.5_K32_radius1_aligned,aligned,0.5,32,1.0,128,0.8125,0.0,0.0
delta0.5_K32_radius1_aligned,aligned,0.5,32,1.0,128,0.84375,0.0,0.0
delta0.5_K32_radius1_aligned,aligned,0.5,32,1.0,128,0.875,0.0,0.0
delta0.5_K32_radius1_aligned,aligned,0.5,32,1.0,128,0.90625,0.0,0.0
delta0.5_K32_radius1_aligned,aligned,0.5,32,1.0,128,0.9375,0.0,0.0
delta0.5_K32_radius1_aligned,aligned,0.5,32,1.0,128,0.96875,0.0,0.0
delta0.5_K32_radius1_aligned,aligned,0.5,32,1.0,128,1.0,0.0,0.0
delta0.5_K32_radius1_transverse,transverse,0.5,32,1.0,128,-1.0,-0.999999999804794,-0.0010952804602802138
delta0.5_K32_radius1_transverse,transverse,0.5,32,1.0,128,-0.96875,-0.9687499998225289,-0.0010610529459092004
delta0.5_K32_radius1_transverse,transverse,0.5,32,1.0,128,-0.9375,-0.9374999998391552,-0.0010268254315369727
delta0.5_K32_radius1_transverse,transverse,0.5,32,1.0,128,-0.90625,-0.9062499998547096,-0.000992597917163571
delta0.5_K32_radius1_transverse,transverse,0.5,32,1.0,128,-0.875,-0.8749999998692273,-0.000958370402789034
delta0.5_K32_radius1_transverse,transverse,0.5,32,1.0,128,-0.84375,-0.8437499998827445,-0.000924142888413401
delta0.5_K32_radius1_transverse,transverse,0.5,32,1.0,128,-0.8125,-0.812499999895296,-0.0008899153740367103
delta0.5_K32_radius1_transverse,transverse,0.5,32,1.0,128,-0.78125,-0.7812499999069187,-0.0008556878596590023
delta0.5_K32_radius1_transverse,transverse,0.5,32,1.0,128,-0.75,-0.7499999999176475,-0.0008214603452803153
delta0.5_K32_radius1_transverse,transverse,0.5,32,1.0,128,-0.71875,-0.7187499999275186,-0.0007872328309006889
delta0.5_K32_radius1_transverse,transverse,0.5,32,1.0,128,-0.6875,-0.6874999999365675,-0.0007530053165201618
delta0.5_K32_radius1_transverse,transverse,0.5,32,1.0,128,-0.65625,-0.6562499999448304,-0.0007187778021387738
delta0.5_K32_radius1_transverse,transverse,0.5,32,1.0,128,-0.625,-0.6249999999523423,-0.0006845502877565635
delta0.5_K32_radius1_transverse,transverse,0.5,32,1.0,128,-0.59375,-0.5937499999591396,-0.0006503227733735702
delta0.5_K32_radius1_transverse,transverse,0.5,32,1.0,128,-0.5625,-0.5624999999652576,-0.000616095258989833
delta0.5_K32_radius1_transverse,transverse,0.5,32,1.0,128,-0.53125,-0.5312499999707323,-0.0005818677446053914
delta0.5_K32_radius1_transverse,transverse,0.5,32,1.0,128,-0.5,-0.49999999997559924,-0.0005476402302202839
delta0.5_K32_radius1_transverse,transverse,0.5,32,1.0,128,-0.46875,-0.4687499999798945,-0.0005134127158345504
delta0.5_K32_radius1_transverse,transverse,0.5,32,1.0,128,-0.4375,-0.43749999998365346,-0.00047918520144822933
delta0.5_K32_radius1_transverse,transverse,0.5,32,1.0,128,-0.40625,-0.40624999998691214,-0.0004449576870613604
delta0.5_K32_radius1_transverse,transverse,0.5,32,1.0,128,-0.375,-0.374999999989706,-0.00041073017267398236
delta0.5_K32_radius1_transverse,transverse,0.5,32,1.0,128,-0.34375,-0.343749999992071,-0.0003765026582861346
delta0.5_K32_radius1_transverse,transverse,0.5,32,1.0,128,-0.3125,-0.3124999999940428,-0.0003422751438978562
delta0.5_K32_radius1_transverse,transverse,0.5,32,1.0,128,-0.28125,-0.28124999999565725,-0.00030804762950918636
delta0.5_K32_radius1_transverse,transverse,0.5,32,1.0,128,-0.25,-0.24999999999694994,-0.0002738201151201641
delta0.5_K32_radius1_transverse,transverse,0.5,32,1.0,128,-0.21875,-0.21874999999795672,-0.00023959260073082872
delta0.5_K32_radius1_transverse,transverse,0.5,32,1.0,128,-0.1875,-0.18749999999871325,-0.00020536508634121925
delta0.5_K32_radius1_transverse,transverse,0.5,32,1.0,128,-0.15625,-0.15624999999925537,-0.0001711375719513749
delta0.5_K32_radius1_transverse,transverse,0.5,32,1.0,128,-0.125,-0.12499999999961876,-0.00013691005756133484
delta0.5_K32_radius1_transverse,transverse,0.5,32,1.0,128,-0.09375,-0.09374999999983917,-0.00010268254317113814
delta0.5_K32_radius1_transverse,transverse,0.5,32,1.0,128,-0.0625,-0.062499999999952364,-6.845502878082402e-05
delta0.5_K32_radius1_transverse,transverse,0.5,32,1.0,128,-0.03125,-0.031249999999994046,-3.422751439043158e-05
delta0.5_K32_radius1_transverse,transverse,0.5,32,1.0,128,0.0,0.0,0.0
delta0.5_K32_radius1_transverse,transverse,0.5,32,1.0,128,0.03125,0.031249999999994046,3.422751439043158e-05
delta0.5_K32_radius1_transverse,transverse,0.5,32,1.0,128,0.0625,0.06249999999995236,6.845502878082402e-05
delta0.5_K32_radius1_transverse,transverse,0.5,32,1.0,128,0.09375,0.09374999999983917,0.00010268254317113814
delta0.5_K32_radius1_transverse,transverse,0.5,32,1.0,128,0.125,0.12499999999961876,0.00013691005756133484
delta0.5_K32_radius1_transverse,transverse,0.5,32,1.0,128,0.15625,0.15624999999925537,0.0001711375719513749
delta0.5_K32_radius1_transverse,transverse,0.5,32,1.0,128,0.1875,0.18749999999871325,0.00020536508634121925
delta0.5_K32_radius1_transverse,transverse,0.5,32,1.0,128,0.21875,0.21874999999795672,0.00023959260073082872
delta0.5_K32_radius1_transverse,transverse,0.5,32,1.0,128,0.25,0.24999999999694997,0.00027382011512016414
delta0.5_K32_radius1_transverse,transverse,0.5,32,1.0,128,0.28125,0.28124999999565725,0.00030804762950918636
delta0.5_K32_radius1_transverse,transverse,0.5,32,1.0,128,0.3125,0.3124999999940429,0.00034227514389785626
delta0.5_K32_radius1_transverse,transverse,0.5,32,1.0,128,0.34375,0.343749999992071,0.0003765026582861346
delta0.5_K32_radius1_transverse,transverse,0.5,32,1.0,128,0.375,0.374999999989706,0.00041073017267398236
delta0.5_K32_radius1_transverse,transverse,0.5,32,1.0,128,0.40625,0.40624999998691214,0.0004449576870613604
delta0.5_K32_radius1_transverse,transverse,0.5,32,1.0,128,0.4375,0.4374999999836534,0.0004791852014482293
delta0.5_K32_radius1_transverse,transverse,0.5,32,1.0,128,0.46875,0.4687499999798945,0.0005134127158345504
delta0.5_K32_radius1_transverse,transverse,0.5,32,1.0,128,0.5,0.4999999999755993,0.000547640230220284
delta0.5_K32_radius1_transverse,transverse,0.5,32,1.0,128,0.53125,0.5312499999707323,0.0005818677446053914
delta0.5_K32_radius1_transverse,transverse,0.5,32,1.0,128,0.5625,0.5624999999652576,0.000616095258989833
delta0.5_K32_radius1_transverse,transverse,0.5,32,1.0,128,0.59375,0.5937499999591396,0.0006503227733735702
delta0.5_K32_radius1_transverse,transverse,0.5,32,1.0,128,0.625,0.6249999999523423,0.0006845502877565635
delta0.5_K32_radius1_transverse,transverse,0.5,32,1.0,128,0.65625,0.6562499999448304,0.0007187778021387738
delta0.5_K32_radius1_transverse,transverse,0.5,32,1.0,128,0.6875,0.6874999999365677,0.000753005316520162
delta0.5_K32_radius1_transverse,transverse,0.5,32,1.0,128,0.71875,0.7187499999275186,0.0007872328309006889
delta0.5_K32_radius1_transverse,transverse,0.5,32,1.0,128,0.75,0.7499999999176475,0.0008214603452803153
delta0.5_K32_radius1_transverse,transverse,0.5,32,1.0,128,0.78125,0.7812499999069186,0.0008556878596590021
delta0.5_K32_radius1_transverse,transverse,0.5,32,1.0,128,0.8125,0.812499999895296,0.0008899153740367103
delta0.5_K32_radius1_transverse,transverse,0.5,32,1.0,128,0.84375,0.8437499998827444,0.0009241428884134008
delta0.5_K32_radius1_transverse,transverse,0.5,32,1.0,128,0.875,0.8749999998692273,0.000958370402789034
delta0.5_K32_radius1_transverse,transverse,0.5,32,1.0,128,0.90625,0.9062499998547097,0.0009925979171635712
delta0.5_K32_radius1_transverse,transverse,0.5,32,1.0,128,0.9375,0.9374999998391551,0.0010268254315369727
delta0.5_K32_radius1_transverse,transverse,0.5,32,1.0,128,0.96875,0.9687499998225289,0.0010610529459092004
delta0.5_K32_radius1_transverse,transverse,0.5,32,1.0,128,1.0,0.9999999998047939,0.0010952804602802138
delta0.5_K32_radius0.125_aligned,aligned,0.5,32,0.125,128,-1.0,8.109141464091473e-13,1.1102230246251565e-16
delta0.5_K32_radius0.125_aligned,aligned,0.5,32,0.125,128,-0.96875,8.109141464091473e-13,1.1102230246251565e-16
delta0.5_K32_radius0.125_aligned,aligned,0.5,32,0.125,128,-0.9375,8.109141464091473e-13,1.1102230246251565e-16
delta0.5_K32_radius0.125_aligned,aligned,0.5,32,0.125,128,-0.90625,8.109141464091473e-13,1.1102230246251565e-16
delta0.5_K32_radius0.125_aligned,aligned,0.5,32,0.125,128,-0.875,8.109141464091473e-13,1.1102230246251565e-16
delta0.5_K32_radius0.125_aligned,aligned,0.5,32,0.125,128,-0.84375,8.109141464091473e-13,1.1102230246251565e-16
delta0.5_K32_radius0.125_aligned,aligned,0.5,32,0.125,128,-0.8125,8.109141464091473e-13,1.1102230246251565e-16
delta0.5_K32_radius0.125_aligned,aligned,0.5,32,0.125,128,-0.78125,8.109141464091473e-13,1.1102230246251565e-16
delta0.5_K32_radius0.125_aligned,aligned,0.5,32,0.125,128,-0.75,8.109141464091473e-13,1.1102230246251565e-16
delta0.5_K32_radius0.125_aligned,aligned,0.5,32,0.125,128,-0.71875,8.109141464091473e-13,1.1102230246251565e-16
delta0.5_K32_radius0.125_aligned,aligned,0.5,32,0.125,128,-0.6875,8.109141464091473e-13,1.1102230246251565e-16
delta0.5_K32_radius0.125_aligned,aligned,0.5,32,0.125,128,-0.65625,8.109141464091473e-13,1.1102230246251565e-16
delta0.5_K32_radius0.125_aligned,aligned,0.5,32,0.125,128,-0.625,8.109141464091473e-13,1.1102230246251565e-16
delta0.5_K32_radius0.125_aligned,aligned,0.5,32,0.125,128,-0.59375,8.109141464091473e-13,1.1102230246251565e-16
delta0.5_K32_radius0.125_aligned,aligned,0.5,32,0.125,128,-0.5625,8.109141464091473e-13,1.1102230246251565e-16
delta0.5_K32_radius0.125_aligned,aligned,0.5,32,0.125,128,-0.53125,8.109141464091473e-13,1.1102230246251565e-16
delta0.5_K32_radius0.125_aligned,aligned,0.5,32,0.125,128,-0.5,8.109141464091473e-13,1.1102230246251565e-16
delta0.5_K32_radius0.125_aligned,aligned,0.5,32,0.125,128,-0.46875,8.109141464091473e-13,1.1102230246251565e-16
delta0.5_K32_radius0.125_aligned,aligned,0.5,32,0.125,128,-0.4375,8.109141464091473e-13,1.1102230246251565e-16
delta0.5_K32_radius0.125_aligned,aligned,0.5,32,0.125,128,-0.40625,8.109141464091473e-13,1.1102230246251565e-16
delta0.5_K32_radius0.125_aligned,aligned,0.5,32,0.125,128,-0.375,8.109141464091473e-13,1.1102230246251565e-16
delta0.5_K32_radius0.125_aligned,aligned,0.5,32,0.125,128,-0.34375,8.109141464091473e-13,1.1102230246251565e-16
delta0.5_K32_radius0.125_aligned,aligned,0.5,32,0.125,128,-0.3125,8.109141464091473e-13,1.1102230246251565e-16
delta0.5_K32_radius0.125_aligned,aligned,0.5,32,0.125,128,-0.28125,8.109141464091473e-13,1.1102230246251565e-16
delta0.5_K32_radius0.125_aligned,aligned,0.5,32,0.125,128,-0.25,8.109141464091473e-13,1.1102230246251565e-16
delta0.5_K32_radius0.125_aligned,aligned,0.5,32,0.125,128,-0.21875,8.109141464091473e-13,1.1102230246251565e-16
delta0.5_K32_radius0.125_aligned,aligned,0.5,32,0.125,128,-0.1875,8.109141464091473e-13,1.1102230246251565e-16
delta0.5_K32_radius0.125_aligned,aligned,0.5,32,0.125,128,-0.15625,8.109141464091473e-13,1.1102230246251565e-16
delta0.5_K32_radius0.125_aligned,aligned,0.5,32,0.125,128,-0.125,8.109141464091473e-13,1.1102230246251565e-16
delta0.5_K32_radius0.125_aligned,aligned,0.5,32,0.125,128,-0.09375,8.109141464091473e-13,1.1102230246251565e-16
delta0.5_K32_radius0.125_aligned,aligned,0.5,32,0.125,128,-0.0625,8.109141464091473e-13,1.1102230246251565e-16
delta0.5_K32_radius0.125_aligned,aligned,0.5,32,0.125,128,-0.03125,8.109141464091473e-13,1.1102230246251565e-16
delta0.5_K32_radius0.125_aligned,aligned,0.5,32,0.125,128,0.0,8.109141464091473e-13,1.1102230246251565e-16
delta0.5_K32_radius0.125_aligned,aligned,0.5,32,0.125,128,0.03125,8.109141464091473e-13,1.1102230246251565e-16
delta0.5_K32_radius0.125_aligned,aligned,0.5,32,0.125,128,0.0625,8.109141464091473e-13,1.1102230246251565e-16
delta0.5_K32_radius0.125_aligned,aligned,0.5,32,0.125,128,0.09375,8.109141464091473e-13,1.1102230246251565e-16
delta0.5_K32_radius0.125_aligned,aligned,0.5,32,0.125,128,0.125,8.109141464091473e-13,1.1102230246251565e-16
delta0.5_K32_radius0.125_aligned,aligned,0.5,32,0.125,128,0.15625,8.109141464091473e-13,1.1102230246251565e-16
delta0.5_K32_radius0.125_aligned,aligned,0.5,32,0.125,128,0.1875,8.109141464091473e-13,1.1102230246251565e-16
delta0.5_K32_radius0.125_aligned,aligned,0.5,32,0.125,128,0.21875,8.109141464091473e-13,1.1102230246251565e-16
delta0.5_K32_radius0.125_aligned,aligned,0.5,32,0.125,128,0.25,8.109141464091473e-13,1.1102230246251565e-16
delta0.5_K32_radius0.125_aligned,aligned,0.5,32,0.125,128,0.28125,8.109141464091473e-13,1.1102230246251565e-16
delta0.5_K32_radius0.125_aligned,aligned,0.5,32,0.125,128,0.3125,8.109141464091473e-13,1.1102230246251565e-16
delta0.5_K32_radius0.125_aligned,aligned,0.5,32,0.125,128,0.34375,8.109141464091473e-13,1.1102230246251565e-16
delta0.5_K32_radius0.125_aligned,aligned,0.5,32,0.125,128,0.375,8.109141464091473e-13,1.1102230246251565e-16
delta0.5_K32_radius0.125_aligned,aligned,0.5,32,0.125,128,0.40625,8.109141464091473e-13,1.1102230246251565e-16
delta0.5_K32_radius0.125_aligned,aligned,0.5,32,0.125,128,0.4375,8.109141464091473e-13,1.1102230246251565e-16
delta0.5_K32_radius0.125_aligned,aligned,0.5,32,0.125,128,0.46875,8.109141464091473e-13,1.1102230246251565e-16
delta0.5_K32_radius0.125_aligned,aligned,0.5,32,0.125,128,0.5,8.109141464091473e-13,1.1102230246251565e-16
delta0.5_K32_radius0.125_aligned,aligned,0.5,32,0.125,128,0.53125,8.109141464091473e-13,1.1102230246251565e-16
delta0.5_K32_radius0.125_aligned,aligned,0.5,32,0.125,128,0.5625,8.109141464091473e-13,1.1102230246251565e-16
delta0.5_K32_radius0.125_aligned,aligned,0.5,32,0.125,128,0.59375,8.109141464091473e-13,1.1102230246251565e-16
delta0.5_K32_radius0.125_aligned,aligned,0.5,32,0.125,128,0.625,8.109141464091473e-13,1.1102230246251565e-16
delta0.5_K32_radius0.125_aligned,aligned,0.5,32,0.125,128,0.65625,8.109141464091473e-13,1.1102230246251565e-16
delta0.5_K32_radius0.125_aligned,aligned,0.5,32,0.125,128,0.6875,8.109141464091473e-13,1.1102230246251565e-16
delta0.5_K32_radius0.125_aligned,aligned,0.5,32,0.125,128,0.71875,8.109141464091473e-13,1.1102230246251565e-16
delta0.5_K32_radius0.125_aligned,aligned,0.5,32,0.125,128,0.75,8.109141464091473e-13,1.1102230246251565e-16
delta0.5_K32_radius0.125_aligned,aligned,0.5,32,0.125,128,0.78125,8.109141464091473e-13,1.1102230246251565e-16
delta0.5_K32_radius0.125_aligned,aligned,0.5,32,0.125,128,0.8125,8.109141464091473e-13,1.1102230246251565e-16
delta0.5_K32_radius0.125_aligned,aligned,0.5,32,0.125,128,0.84375,8.109141464091473e-13,1.1102230246251565e-16
delta0.5_K32_radius0.125_aligned,aligned,0.5,32,0.125,128,0.875,8.109141464091473e-13,1.1102230246251565e-16
delta0.5_K32_radius0.125_aligned,aligned,0.5,32,0.125,128,0.90625,8.109141464091473e-13,1.1102230246251565e-16
delta0.5_K32_radius0.125_aligned,aligned,0.5,32,0.125,128,0.9375,8.109141464091473e-13,1.1102230246251565e-16
delta0.5_K32_radius0.125_aligned,aligned,0.5,32,0.125,128,0.96875,8.109141464091473e-13,1.1102230246251565e-16
delta0.5_K32_radius0.125_aligned,aligned,0.5,32,0.125,128,1.0,8.109141464091473e-13,1.1102230246251565e-16
delta0.5_K32_radius0.125_transverse,transverse,0.5,32,0.125,128,-1.0,-0.9999999999969501,-0.00013691005756133484
delta0.5_K32_radius0.125_transverse,transverse,0.5,32,0.125,128,-0.96875,-0.9687499999972272,-0.000132631618262568
delta0.5_K32_radius0.125_transverse,transverse,0.5,32,0.125,128,-0.9375,-0.9374999999974871,-0.00012835317896379883
delta0.5_K32_radius0.125_transverse,transverse,0.5,32,0.125,128,-0.90625,-0.9062499999977301,-0.00012407473966502734
delta0.5_K32_radius0.125_transverse,transverse,0.5,32,0.125,128,-0.875,-0.8749999999979569,-0.00011979630036625361
delta0.5_K32_radius0.125_transverse,transverse,0.5,32,0.125,128,-0.84375,-0.843749999998168,-0.00011551786106747776
delta0.5_K32_radius0.125_transverse,transverse,0.5,32,0.125,128,-0.8125,-0.8124999999983641,-0.00011123942176869985
delta0.5_K32_radius0.125_transverse,transverse,0.5,32,0.125,128,-0.78125,-0.7812499999985458,-0.00010696098246991996
delta0.5_K32_radius0.125_transverse,transverse,0.5,32,0.125,128,-0.75,-0.7499999999987135,-0.00010268254317113816
delta0.5_K32_radius0.125_transverse,transverse,0.5,32,0.125,128,-0.71875,-0.7187499999988677,-9.84041038723545e-05
delta0.5_K32_radius0.125_transverse,transverse,0.5,32,0.125,128,-0.6875,-0.6874999999990089,-9.412566457356908e-05
delta0.5_K32_radius0.125_transverse,transverse,0.5,32,0.125,128,-0.65625,-0.656249999999138,-8.984722527478199e-05
delta0.5_K32_radius0.125_transverse,transverse,0.5,32,0.125,128,-0.625,-0.6249999999992555,-8.556878597599332e-05
delta0.5_K32_radius0.125_transverse,transverse,0.5,32,0.125,128,-0.59375,-0.5937499999993616,-8.129034667720309e-05
delta0.5_K32_radius0.125_transverse,transverse,0.5,32,0.125,128,-0.5625,-0.5624999999994573,-7.701190737841142e-05
delta0.5_K32_radius0.125_transverse,transverse,0.5,32,0.125,128,-0.53125,-0.5312499999995427,-7.273346807961834e-05
delta0.5_K32_radius0.125_transverse,transverse,0.5,32,0.125,128,-0.5,-0.49999999999961886,-6.845502878082402e-05
delta0.5_K32_radius0.125_transverse,transverse,0.5,32,0.125,128,-0.46875,-0.4687499999996859,-6.417658948202843e-05
delta0.5_K32_radius0.125_transverse,transverse,0.5,32,0.125,128,-0.4375,-0.4374999999997447,-5.989815018323172e-05
delta0.5_K32_radius0.125_transverse,transverse,0.5,32,0.125,128,-0.40625,-0.4062499999997956,-5.5619710884433924e-05
delta0.5_K32_radius0.125_transverse,transverse,0.5,32,0.125,128,-0.375,-0.37499999999983924,-5.1341271585635134e-05
delta0.5_K32_radius0.125_transverse,transverse,0.5,32,0.125,128,-0.34375,-0.34374999999987615,-4.706283228683543e-05
delta0.5_K32_radius0.125_transverse,transverse,0.5,32,0.125,128,-0.3125,-0.31249999999990696,-4.2784392988034884e-05
delta0.5_K32_radius0.125_transverse,transverse,0.5,32,0.125,128,-0.28125,-0.2812499999999323,-3.850595368923359e-05
delta0.5_K32_radius0.125_transverse,transverse,0.5,32,0.125,128,-0.25,-0.24999999999995237,-3.422751439043158e-05
delta0.5_K32_radius0.125_transverse,transverse,0.5,32,0.125,128,-0.21875,-0.21874999999996814,-2.9949075091628974e-05
delta0.5_K32_radius0.125_transverse,transverse,0.5,32,0.125,128,-0.1875,-0.1874999999999799,-2.567063579282582e-05
delta0.5_K32_radius0.125_transverse,transverse,0.5,32,0.125,128,-0.15625,-0.15624999999998837,-2.139219649402222e-05
delta0.5_K32_radius0.125_transverse,transverse,0.5,32,0.125,128,-0.125,-0.12499999999999406,-1.7113757195218236e-05
delta0.5_K32_radius0.125_transverse,transverse,0.5,32,0.125,128,-0.09375,-0.0937499999999975,-1.2835317896413945e-05
delta0.5_K32_radius0.125_transverse,transverse,0.5,32,0.125,128,-0.0625,-0.062499999999999264,-8.556878597609424e-06
delta0.5_K32_radius0.125_transverse,transverse,0.5,32,0.125,128,-0.03125,-0.031249999999999913,-4.27843929880475e-06
delta0.5_K32_radius0.125_transverse,transverse,0.5,32,0.125,128,0.0,0.0,0.0
delta0.5_K32_radius0.125_transverse,transverse,0.5,32,0.125,128,0.03125,0.031249999999999913,4.27843929880475e-06
delta0.5_K32_radius0.125_transverse,transverse,0.5,32,0.125,128,0.0625,0.062499999999999264,8.556878597609424e-06
delta0.5_K32_radius0.125_transverse,transverse,0.5,32,0.125,128,0.09375,0.0937499999999975,1.2835317896413945e-05
delta0.5_K32_radius0.125_transverse,transverse,0.5,32,0.125,128,0.125,0.12499999999999409,1.711375719521824e-05
delta0.5_K32_radius0.125_transverse,transverse,0.5,32,0.125,128,0.15625,0.1562499999999884,2.1392196494022223e-05
delta0.5_K32_radius0.125_transverse,transverse,0.5,32,0.125,128,0.1875,0.18749999999997993,2.5670635792825827e-05
delta0.5_K32_radius0.125_transverse,transverse,0.5,32,0.125,128,0.21875,0.2187499999999681,2.994907509162897e-05
delta0.5_K32_radius0.125_transverse,transverse,0.5,32,0.125,128,0.25,0.24999999999995237,3.422751439043158e-05
delta0.5_K32_radius0.125_transverse,transverse,0.5,32,0.125,128,0.28125,0.2812499999999323,3.850595368923359e-05
delta0.5_K32_radius0.125_transverse,transverse,0.5,32,0.125,128,0.3125,0.31249999999990696,4.2784392988034884e-05
delta0.5_K32_radius0.125_transverse,transverse,0.5,32,0.125,128,0.34375,0.34374999999987615,4.706283228683543e-05
delta0.5_K32_radius0.125_transverse,transverse,0.5,32,0.125,128,0.375,0.37499999999983924,5.1341271585635134e-05
delta0.5_K32_radius0.125_transverse,transverse,0.5,32,0.125,128,0.40625,0.4062499999997956,5.5619710884433924e-05
delta0.5_K32_radius0.125_transverse,transverse,0.5,32,0.125,128,0.4375,0.4374999999997447,5.989815018323172e-05
delta0.5_K32_radius0.125_transverse,transverse,0.5,32,0.125,128,0.46875,0.46874999999968586,6.417658948202842e-05
delta0.5_K32_radius0.125_transverse,transverse,0.5,32,0.125,128,0.5,0.4999999999996188,6.8455028780824e-05
delta0.5_K32_radius0.125_transverse,transverse,0.5,32,0.125,128,0.53125,0.5312499999995427,7.273346807961834e-05
delta0.5_K32_radius0.125_transverse,transverse,0.5,32,0.125,128,0.5625,0.5624999999994572,7.70119073784114e-05
delta0.5_K32_radius0.125_transverse,transverse,0.5,32,0.125,128,0.59375,0.5937499999993617,8.12903466772031e-05
delta0.5_K32_radius0.125_transverse,transverse,0.5,32,0.125,128,0.625,0.6249999999992555,8.556878597599332e-05
delta0.5_K32_radius0.125_transverse,transverse,0.5,32,0.125,128,0.65625,0.6562499999991381,8.9847225274782e-05
delta0.5_K32_radius0.125_transverse,transverse,0.5,32,0.125,128,0.6875,0.687499999999009,9.412566457356909e-05
delta0.5_K32_radius0.125_transverse,transverse,0.5,32,0.125,128,0.71875,0.7187499999988677,9.84041038723545e-05
delta0.5_K32_radius0.125_transverse,transverse,0.5,32,0.125,128,0.75,0.7499999999987135,0.00010268254317113816
delta0.5_K32_radius0.125_transverse,transverse,0.5,32,0.125,128,0.78125,0.7812499999985458,0.00010696098246991996
delta0.5_K32_radius0.125_transverse,transverse,0.5,32,0.125,128,0.8125,0.8124999999983642,0.00011123942176869986
delta0.5_K32_radius0.125_transverse,transverse,0.5,32,0.125,128,0.84375,0.8437499999981681,0.00011551786106747778
delta0.5_K32_radius0.125_transverse,transverse,0.5,32,0.125,128,0.875,0.874999999997957,0.00011979630036625363
delta0.5_K32_radius0.125_transverse,transverse,0.5,32,0.125,128,0.90625,0.90624999999773,0.0001240747396650273
delta0.5_K32_radius0.125_transverse,transverse,0.5,32,0.125,128,0.9375,0.937499999997487,0.0001283531789637988
delta0.5_K32_radius0.125_transverse,transverse,0.5,32,0.125,128,0.96875,0.9687499999972271,0.00013263161826256798
delta0.5_K32_radius0.125_transverse,transverse,0.5,32,0.125,128,1.0,0.9999999999969502,0.00013691005756133484
delta0.5_K32_radius0.015625_aligned,aligned,0.5,32,0.015625,128,-1.0,0.0,0.0
delta0.5_K32_radius0.015625_aligned,aligned,0.5,32,0.015625,128,-0.96875,0.0,0.0
delta0.5_K32_radius0.015625_aligned,aligned,0.5,32,0.015625,128,-0.9375,0.0,0.0
delta0.5_K32_radius0.015625_aligned,aligned,0.5,32,0.015625,128,-0.90625,0.0,0.0
delta0.5_K32_radius0.015625_aligned,aligned,0.5,32,0.015625,128,-0.875,0.0,0.0
delta0.5_K32_radius0.015625_aligned,aligned,0.5,32,0.015625,128,-0.84375,0.0,0.0
delta0.5_K32_radius0.015625_aligned,aligned,0.5,32,0.015625,128,-0.8125,0.0,0.0
delta0.5_K32_radius0.015625_aligned,aligned,0.5,32,0.015625,128,-0.78125,0.0,0.0
delta0.5_K32_radius0.015625_aligned,aligned,0.5,32,0.015625,128,-0.75,0.0,0.0
delta0.5_K32_radius0.015625_aligned,aligned,0.5,32,0.015625,128,-0.71875,0.0,0.0
delta0.5_K32_radius0.015625_aligned,aligned,0.5,32,0.015625,128,-0.6875,0.0,0.0
delta0.5_K32_radius0.015625_aligned,aligned,0.5,32,0.015625,128,-0.65625,0.0,0.0
delta0.5_K32_radius0.015625_aligned,aligned,0.5,32,0.015625,128,-0.625,0.0,0.0
delta0.5_K32_radius0.015625_aligned,aligned,0.5,32,0.015625,128,-0.59375,0.0,0.0
delta0.5_K32_radius0.015625_aligned,aligned,0.5,32,0.015625,128,-0.5625,0.0,0.0
delta0.5_K32_radius0.015625_aligned,aligned,0.5,32,0.015625,128,-0.53125,0.0,0.0
delta0.5_K32_radius0.015625_aligned,aligned,0.5,32,0.015625,128,-0.5,0.0,0.0
delta0.5_K32_radius0.015625_aligned,aligned,0.5,32,0.015625,128,-0.46875,0.0,0.0
delta0.5_K32_radius0.015625_aligned,aligned,0.5,32,0.015625,128,-0.4375,0.0,0.0
delta0.5_K32_radius0.015625_aligned,aligned,0.5,32,0.015625,128,-0.40625,0.0,0.0
delta0.5_K32_radius0.015625_aligned,aligned,0.5,32,0.015625,128,-0.375,0.0,0.0
delta0.5_K32_radius0.015625_aligned,aligned,0.5,32,0.015625,128,-0.34375,0.0,0.0
delta0.5_K32_radius0.015625_aligned,aligned,0.5,32,0.015625,128,-0.3125,0.0,0.0
delta0.5_K32_radius0.015625_aligned,aligned,0.5,32,0.015625,128,-0.28125,0.0,0.0
delta0.5_K32_radius0.015625_aligned,aligned,0.5,32,0.015625,128,-0.25,0.0,0.0
delta0.5_K32_radius0.015625_aligned,aligned,0.5,32,0.015625,128,-0.21875,0.0,0.0
delta0.5_K32_radius0.015625_aligned,aligned,0.5,32,0.015625,128,-0.1875,0.0,0.0
delta0.5_K32_radius0.015625_aligned,aligned,0.5,32,0.015625,128,-0.15625,0.0,0.0
delta0.5_K32_radius0.015625_aligned,aligned,0.5,32,0.015625,128,-0.125,0.0,0.0
delta0.5_K32_radius0.015625_aligned,aligned,0.5,32,0.015625,128,-0.09375,0.0,0.0
delta0.5_K32_radius0.015625_aligned,aligned,0.5,32,0.015625,128,-0.0625,0.0,0.0
delta0.5_K32_radius0.015625_aligned,aligned,0.5,32,0.015625,128,-0.03125,0.0,0.0
delta0.5_K32_radius0.015625_aligned,aligned,0.5,32,0.015625,128,0.0,0.0,0.0
delta0.5_K32_radius0.015625_aligned,aligned,0.5,32,0.015625,128,0.03125,0.0,0.0
delta0.5_K32_radius0.015625_aligned,aligned,0.5,32,0.015625,128,0.0625,0.0,0.0
delta0.5_K32_radius0.015625_aligned,aligned,0.5,32,0.015625,128,0.09375,0.0,0.0
delta0.5_K32_radius0.015625_aligned,aligned,0.5,32,0.015625,128,0.125,0.0,0.0
delta0.5_K32_radius0.015625_aligned,aligned,0.5,32,0.015625,128,0.15625,0.0,0.0
delta0.5_K32_radius0.015625_aligned,aligned,0.5,32,0.015625,128,0.1875,0.0,0.0
delta0.5_K32_radius0.015625_aligned,aligned,0.5,32,0.015625,128,0.21875,0.0,0.0
delta0.5_K32_radius0.015625_aligned,aligned,0.5,32,0.015625,128,0.25,0.0,0.0
delta0.5_K32_radius0.015625_aligned,aligned,0.5,32,0.015625,128,0.28125,0.0,0.0
delta0.5_K32_radius0.015625_aligned,aligned,0.5,32,0.015625,128,0.3125,0.0,0.0
delta0.5_K32_radius0.015625_aligned,aligned,0.5,32,0.015625,128,0.34375,0.0,0.0
delta0.5_K32_radius0.015625_aligned,aligned,0.5,32,0.015625,128,0.375,0.0,0.0
delta0.5_K32_radius0.015625_aligned,aligned,0.5,32,0.015625,128,0.40625,0.0,0.0
delta0.5_K32_radius0.015625_aligned,aligned,0.5,32,0.015625,128,0.4375,0.0,0.0
delta0.5_K32_radius0.015625_aligned,aligned,0.5,32,0.015625,128,0.46875,0.0,0.0
delta0.5_K32_radius0.015625_aligned,aligned,0.5,32,0.015625,128,0.5,0.0,0.0
delta0.5_K32_radius0.015625_aligned,aligned,0.5,32,0.015625,128,0.53125,0.0,0.0
delta0.5_K32_radius0.015625_aligned,aligned,0.5,32,0.015625,128,0.5625,0.0,0.0
delta0.5_K32_radius0.015625_aligned,aligned,0.5,32,0.015625,128,0.59375,0.0,0.0
delta0.5_K32_radius0.015625_aligned,aligned,0.5,32,0.015625,128,0.625,0.0,0.0
delta0.5_K32_radius0.015625_aligned,aligned,0.5,32,0.015625,128,0.65625,0.0,0.0
delta0.5_K32_radius0.015625_aligned,aligned,0.5,32,0.015625,128,0.6875,0.0,0.0
delta0.5_K32_radius0.015625_aligned,aligned,0.5,32,0.015625,128,0.71875,0.0,0.0
delta0.5_K32_radius0.015625_aligned,aligned,0.5,32,0.015625,128,0.75,0.0,0.0
delta0.5_K32_radius0.015625_aligned,aligned,0.5,32,0.015625,128,0.78125,0.0,0.0
delta0.5_K32_radius0.015625_aligned,aligned,0.5,32,0.015625,128,0.8125,0.0,0.0
delta0.5_K32_radius0.015625_aligned,aligned,0.5,32,0.015625,128,0.84375,0.0,0.0
delta0.5_K32_radius0.015625_aligned,aligned,0.5,32,0.015625,128,0.875,0.0,0.0
delta0.5_K32_radius0.015625_aligned,aligned,0.5,32,0.015625,128,0.90625,0.0,0.0
delta0.5_K32_radius0.015625_aligned,aligned,0.5,32,0.015625,128,0.9375,0.0,0.0
delta0.5_K32_radius0.015625_aligned,aligned,0.5,32,0.015625,128,0.96875,0.0,0.0
delta0.5_K32_radius0.015625_aligned,aligned,0.5,32,0.015625,128,1.0,0.0,0.0
delta0.5_K32_radius0.015625_transverse,transverse,0.5,32,0.015625,128,-1.0,-0.9999999999999525,-1.7113757195218236e-05
delta0.5_K32_radius0.015625_transverse,transverse,0.5,32,0.015625,128,-0.96875,-0.9687499999999569,-1.6578952282867717e-05
delta0.5_K32_radius0.015625_transverse,transverse,0.5,32,0.015625,128,-0.9375,-0.9374999999999609,-1.6044147370517188e-05
delta0.5_K32_radius0.015625_transverse,transverse,0.5,32,0.015625,128,-0.90625,-0.9062499999999647,-1.550934245816666e-05
delta0.5_K32_radius0.015625_transverse,transverse,0.5,32,0.015625,128,-0.875,-0.8749999999999684,-1.4974537545816127e-05
delta0.5_K32_radius0.015625_transverse,transverse,0.5,32,0.015625,128,-0.84375,-0.8437499999999715,-1.4439732633465584e-05
delta0.5_K32_radius0.015625_transverse,transverse,0.5,32,0.015625,128,-0.8125,-0.8124999999999746,-1.3904927721115042e-05
delta0.5_K32_radius0.015625_transverse,transverse,0.5,32,0.015625,128,-0.78125,-0.7812499999999775,-1.3370122808764496e-05
delta0.5_K32_radius0.015625_transverse,transverse,0.5,32,0.015625,128,-0.75,-0.74999999999998,-1.2835317896413945e-05
delta0.5_K32_radius0.015625_transverse,transverse,0.5,32,0.015625,128,-0.71875,-0.7187499999999823,-1.230051298406339e-05
delta0.5_K32_radius0.015625_transverse,transverse,0.5,32,0.015625,128,-0.6875,-0.6874999999999846,-1.1765708071712832e-05
delta0.5_K32_radius0.015625_transverse,transverse,0.5,32,0.015625,128,-0.65625,-0.6562499999999867,-1.1230903159362272e-05
delta0.5_K32_radius0.015625_transverse,transverse,0.5,32,0.015625,128,-0.625,-0.6249999999999885,-1.0696098247011708e-05
delta0.5_K32_radius0.015625_transverse,transverse,0.5,32,0.015625,128,-0.59375,-0.5937499999999901,-1.0161293334661142e-05
delta0.5_K32_radius0.015625_transverse,transverse,0.5,32,0.015625,128,-0.5625,-0.5624999999999916,-9.62648842231057e-06
delta0.5_K32_radius0.015625_transverse,transverse,0.5,32,0.015625,128,-0.53125,-0.531249999999993,-9.09168350996e-06
delta0.5_K32_radius0.015625_transverse,transverse,0.5,32,0.015625,128,-0.5,-0.4999999999999941,-8.556878597609424e-06
delta0.5_K32_radius0.015625_transverse,transverse,0.5,32,0.015625,128,-0.46875,-0.4687499999999952,-8.022073685258848e-06
delta0.5_K32_radius0.015625_transverse,transverse,0.5,32,0.015625,128,-0.4375,-0.437499999999996,-7.487268772908265e-06
delta0.5_K32_radius0.015625_transverse,transverse,0.5,32,0.015625,128,-0.40625,-0.4062499999999968,-6.952463860557684e-06
delta0.5_K32_radius0.015625_transverse,transverse,0.5,32,0.015625,128,-0.375,-0.3749999999999975,-6.4176589482071005e-06
delta0.5_K32_radius0.015625_transverse,transverse,0.5,32,0.015625,128,-0.34375,-0.3437499999999981,-5.882854035856516e-06
delta0.5_K32_radius0.015625_transverse,transverse,0.5,32,0.015625,128,-0.3125,-0.31249999999999856,-5.348049123505928e-06
delta0.5_K32_radius0.015625_transverse,transverse,0.5,32,0.015625,128,-0.28125,-0.28124999999999895,-4.813244211155339e-06
delta0.5_K32_radius0.015625_transverse,transverse,0.5,32,0.015625,128,-0.25,-0.2499999999999993,-4.27843929880475e-06
delta0.5_K32_radius0.015625_transverse,transverse,0.5,32,0.015625,128,-0.21875,-0.21874999999999956,-3.743634386454159e-06
delta0.5_K32_radius0.015625_transverse,transverse,0.5,32,0.015625,128,-0.1875,-0.1874999999999997,-3.2088294741035664e-06
delta0.5_K32_radius0.015625_transverse,transverse,0.5,32,0.015625,128,-0.15625,-0.15624999999999986,-2.674024561752974e-06
delta0.5_K32_radius0.015625_transverse,transverse,0.5,32,0.015625,128,-0.125,-0.12500000000001166,-2.1392196494025806e-06
delta0.5_K32_radius0.015625_transverse,transverse,0.5,32,0.015625,128,-0.09375,-0.09375000000003364,-1.6044147370523615e-06
delta0.5_K32_radius0.015625_transverse,transverse,0.5,32,0.015625,128,-0.0625,-0.06249999999995248,-1.0696098247003774e-06
delta0.5_K32_radius0.015625_transverse,transverse,0.5,32,0.015625,128,-0.03125,-0.031249999999976463,-5.348049123501925e-07
delta0.5_K32_radius0.015625_transverse,transverse,0.5,32,0.015625,128,0.0,-4.440892098500626e-16,-7.600034910390651e-21
delta0.5_K32_radius0.015625_transverse,transverse,0.5,32,0.015625,128,0.03125,0.03124999999997602,5.348049123501849e-07
delta0.5_K32_radius0.015625_transverse,transverse,0.5,32,0.015625,128,0.0625,0.06249999999995248,1.0696098247003774e-06
delta0.5_K32_radius0.015625_transverse,transverse,0.5,32,0.015625,128,0.09375,0.0937500000000332,1.6044147370523539e-06
delta0.5_K32_radius0.015625_transverse,transverse,0.5,32,0.015625,128,0.125,0.12500000000001077,2.1392196494025653e-06
delta0.5_K32_radius0.015625_transverse,transverse,0.5,32,0.015625,128,0.15625,0.15624999999999983,2.6740245617529735e-06
delta0.5_K32_radius0.015625_transverse,transverse,0.5,32,0.015625,128,0.1875,0.1874999999999997,3.2088294741035664e-06
delta0.5_K32_radius0.015625_transverse,transverse,0.5,32,0.015625,128,0.21875,0.21874999999999956,3.743634386454159e-06
delta0.5_K32_radius0.015625_transverse,transverse,0.5,32,0.015625,128,0.25,0.2499999999999993,4.27843929880475e-06
delta0.5_K32_radius0.015625_transverse,transverse,0.5,32,0.015625,128,0.28125,0.28124999999999895,4.813244211155339e-06
delta0.5_K32_radius0.015625_transverse,transverse,0.5,32,0.015625,128,0.3125,0.3124999999999986,5.348049123505929e-06
delta0.5_K32_radius0.015625_transverse,transverse,0.5,32,0.015625,128,0.34375,0.3437499999999981,5.882854035856516e-06
delta0.5_K32_radius0.015625_transverse,transverse,0.5,32,0.015625,128,0.375,0.3749999999999975,6.4176589482071005e-06
delta0.5_K32_radius0.015625_transverse,transverse,0.5,32,0.015625,128,0.40625,0.4062499999999969,6.952463860557685e-06
delta0.5_K32_radius0.015625_transverse,transverse,0.5,32,0.015625,128,0.4375,0.437499999999996,7.487268772908265e-06
delta0.5_K32_radius0.015625_transverse,transverse,0.5,32,0.015625,128,0.46875,0.46874999999999517,8.022073685258846e-06
delta0.5_K32_radius0.015625_transverse,transverse,0.5,32,0.015625,128,0.5,0.4999999999999941,8.556878597609424e-06
delta0.5_K32_radius0.015625_transverse,transverse,0.5,32,0.015625,128,0.53125,0.5312499999999929,9.091683509959997e-06
delta0.5_K32_radius0.015625_transverse,transverse,0.5,32,0.015625,128,0.5625,0.5624999999999916,9.62648842231057e-06
delta0.5_K32_radius0.015625_transverse,transverse,0.5,32,0.015625,128,0.59375,0.5937499999999901,1.0161293334661142e-05
delta0.5_K32_radius0.015625_transverse,transverse,0.5,32,0.015625,128,0.625,0.6249999999999885,1.0696098247011708e-05
delta0.5_K32_radius0.015625_transverse,transverse,0.5,32,0.015625,128,0.65625,0.6562499999999867,1.1230903159362272e-05
delta0.5_K32_radius0.015625_transverse,transverse,0.5,32,0.015625,128,0.6875,0.6874999999999847,1.1765708071712833e-05
delta0.5_K32_radius0.015625_transverse,transverse,0.5,32,0.015625,128,0.71875,0.7187499999999823,1.230051298406339e-05
delta0.5_K32_radius0.015625_transverse,transverse,0.5,32,0.015625,128,0.75,0.74999999999998,1.2835317896413945e-05
delta0.5_K32_radius0.015625_transverse,transverse,0.5,32,0.015625,128,0.78125,0.7812499999999776,1.3370122808764498e-05
delta0.5_K32_radius0.015625_transverse,transverse,0.5,32,0.015625,128,0.8125,0.8124999999999746,1.3904927721115042e-05
delta0.5_K32_radius0.015625_transverse,transverse,0.5,32,0.015625,128,0.84375,0.8437499999999715,1.4439732633465584e-05
delta0.5_K32_radius0.015625_transverse,transverse,0.5,32,0.015625,128,0.875,0.8749999999999682,1.4974537545816124e-05
delta0.5_K32_radius0.015625_transverse,transverse,0.5,32,0.015625,128,0.90625,0.9062499999999645,1.5509342458166656e-05
delta0.5_K32_radius0.015625_transverse,transverse,0.5,32,0.015625,128,0.9375,0.9374999999999608,1.6044147370517188e-05
delta0.5_K32_radius0.015625_transverse,transverse,0.5,32,0.015625,128,0.96875,0.9687499999999569,1.6578952282867717e-05
delta0.5_K32_radius0.015625_transverse,transverse,0.5,32,0.015625,128,1.0,0.9999999999999527,1.711375719521824e-05
delta0.5_K128_radius0_common,common,0.5,128,0.0,128,-1.0,0.0,0.0
delta0.5_K128_radius0_common,common,0.5,128,0.0,128,-0.96875,0.0,0.0
delta0.5_K128_radius0_common,common,0.5,128,0.0,128,-0.9375,0.0,0.0
delta0.5_K128_radius0_common,common,0.5,128,0.0,128,-0.90625,0.0,0.0
delta0.5_K128_radius0_common,common,0.5,128,0.0,128,-0.875,0.0,0.0
delta0.5_K128_radius0_common,common,0.5,128,0.0,128,-0.84375,0.0,0.0
delta0.5_K128_radius0_common,common,0.5,128,0.0,128,-0.8125,0.0,0.0
delta0.5_K128_radius0_common,common,0.5,128,0.0,128,-0.78125,0.0,0.0
delta0.5_K128_radius0_common,common,0.5,128,0.0,128,-0.75,0.0,0.0
delta0.5_K128_radius0_common,common,0.5,128,0.0,128,-0.71875,0.0,0.0
delta0.5_K128_radius0_common,common,0.5,128,0.0,128,-0.6875,0.0,0.0
delta0.5_K128_radius0_common,common,0.5,128,0.0,128,-0.65625,0.0,0.0
delta0.5_K128_radius0_common,common,0.5,128,0.0,128,-0.625,0.0,0.0
delta0.5_K128_radius0_common,common,0.5,128,0.0,128,-0.59375,0.0,0.0
delta0.5_K128_radius0_common,common,0.5,128,0.0,128,-0.5625,0.0,0.0
delta0.5_K128_radius0_common,common,0.5,128,0.0,128,-0.53125,0.0,0.0
delta0.5_K128_radius0_common,common,0.5,128,0.0,128,-0.5,0.0,0.0
delta0.5_K128_radius0_common,common,0.5,128,0.0,128,-0.46875,0.0,0.0
delta0.5_K128_radius0_common,common,0.5,128,0.0,128,-0.4375,0.0,0.0
delta0.5_K128_radius0_common,common,0.5,128,0.0,128,-0.40625,0.0,0.0
delta0.5_K128_radius0_common,common,0.5,128,0.0,128,-0.375,0.0,0.0
delta0.5_K128_radius0_common,common,0.5,128,0.0,128,-0.34375,0.0,0.0
delta0.5_K128_radius0_common,common,0.5,128,0.0,128,-0.3125,0.0,0.0
delta0.5_K128_radius0_common,common,0.5,128,0.0,128,-0.28125,0.0,0.0
delta0.5_K128_radius0_common,common,0.5,128,0.0,128,-0.25,0.0,0.0
delta0.5_K128_radius0_common,common,0.5,128,0.0,128,-0.21875,0.0,0.0
delta0.5_K128_radius0_common,common,0.5,128,0.0,128,-0.1875,0.0,0.0
delta0.5_K128_radius0_common,common,0.5,128,0.0,128,-0.15625,0.0,0.0
delta0.5_K128_radius0_common,common,0.5,128,0.0,128,-0.125,0.0,0.0
delta0.5_K128_radius0_common,common,0.5,128,0.0,128,-0.09375,0.0,0.0
delta0.5_K128_radius0_common,common,0.5,128,0.0,128,-0.0625,0.0,0.0
delta0.5_K128_radius0_common,common,0.5,128,0.0,128,-0.03125,0.0,0.0
delta0.5_K128_radius0_common,common,0.5,128,0.0,128,0.0,0.0,0.0
delta0.5_K128_radius0_common,common,0.5,128,0.0,128,0.03125,0.0,0.0
delta0.5_K128_radius0_common,common,0.5,128,0.0,128,0.0625,0.0,0.0
delta0.5_K128_radius0_common,common,0.5,128,0.0,128,0.09375,0.0,0.0
delta0.5_K128_radius0_common,common,0.5,128,0.0,128,0.125,0.0,0.0
delta0.5_K128_radius0_common,common,0.5,128,0.0,128,0.15625,0.0,0.0
delta0.5_K128_radius0_common,common,0.5,128,0.0,128,0.1875,0.0,0.0
delta0.5_K128_radius0_common,common,0.5,128,0.0,128,0.21875,0.0,0.0
delta0.5_K128_radius0_common,common,0.5,128,0.0,128,0.25,0.0,0.0
delta0.5_K128_radius0_common,common,0.5,128,0.0,128,0.28125,0.0,0.0
delta0.5_K128_radius0_common,common,0.5,128,0.0,128,0.3125,0.0,0.0
delta0.5_K128_radius0_common,common,0.5,128,0.0,128,0.34375,0.0,0.0
delta0.5_K128_radius0_common,common,0.5,128,0.0,128,0.375,0.0,0.0
delta0.5_K128_radius0_common,common,0.5,128,0.0,128,0.40625,0.0,0.0
delta0.5_K128_radius0_common,common,0.5,128,0.0,128,0.4375,0.0,0.0
delta0.5_K128_radius0_common,common,0.5,128,0.0,128,0.46875,0.0,0.0
delta0.5_K128_radius0_common,common,0.5,128,0.0,128,0.5,0.0,0.0
delta0.5_K128_radius0_common,common,0.5,128,0.0,128,0.53125,0.0,0.0
delta0.5_K128_radius0_common,common,0.5,128,0.0,128,0.5625,0.0,0.0
delta0.5_K128_radius0_common,common,0.5,128,0.0,128,0.59375,0.0,0.0
delta0.5_K128_radius0_common,common,0.5,128,0.0,128,0.625,0.0,0.0
delta0.5_K128_radius0_common,common,0.5,128,0.0,128,0.65625,0.0,0.0
delta0.5_K128_radius0_common,common,0.5,128,0.0,128,0.6875,0.0,0.0
delta0.5_K128_radius0_common,common,0.5,128,0.0,128,0.71875,0.0,0.0
delta0.5_K128_radius0_common,common,0.5,128,0.0,128,0.75,0.0,0.0
delta0.5_K128_radius0_common,common,0.5,128,0.0,128,0.78125,0.0,0.0
delta0.5_K128_radius0_common,common,0.5,128,0.0,128,0.8125,0.0,0.0
delta0.5_K128_radius0_common,common,0.5,128,0.0,128,0.84375,0.0,0.0
delta0.5_K128_radius0_common,common,0.5,128,0.0,128,0.875,0.0,0.0
delta0.5_K128_radius0_common,common,0.5,128,0.0,128,0.90625,0.0,0.0
delta0.5_K128_radius0_common,common,0.5,128,0.0,128,0.9375,0.0,0.0
delta0.5_K128_radius0_common,common,0.5,128,0.0,128,0.96875,0.0,0.0
delta0.5_K128_radius0_common,common,0.5,128,0.0,128,1.0,0.0,0.0
delta0.5_K128_radius1_aligned,aligned,0.5,128,1.0,128,-1.0,0.0,0.0
delta0.5_K128_radius1_aligned,aligned,0.5,128,1.0,128,-0.96875,0.0,0.0
delta0.5_K128_radius1_aligned,aligned,0.5,128,1.0,128,-0.9375,0.0,0.0
delta0.5_K128_radius1_aligned,aligned,0.5,128,1.0,128,-0.90625,0.0,0.0
delta0.5_K128_radius1_aligned,aligned,0.5,128,1.0,128,-0.875,0.0,0.0
delta0.5_K128_radius1_aligned,aligned,0.5,128,1.0,128,-0.84375,0.0,0.0
delta0.5_K128_radius1_aligned,aligned,0.5,128,1.0,128,-0.8125,0.0,0.0
delta0.5_K128_radius1_aligned,aligned,0.5,128,1.0,128,-0.78125,0.0,0.0
delta0.5_K128_radius1_aligned,aligned,0.5,128,1.0,128,-0.75,0.0,0.0
delta0.5_K128_radius1_aligned,aligned,0.5,128,1.0,128,-0.71875,0.0,0.0
delta0.5_K128_radius1_aligned,aligned,0.5,128,1.0,128,-0.6875,0.0,0.0
delta0.5_K128_radius1_aligned,aligned,0.5,128,1.0,128,-0.65625,0.0,0.0
delta0.5_K128_radius1_aligned,aligned,0.5,128,1.0,128,-0.625,0.0,0.0
delta0.5_K128_radius1_aligned,aligned,0.5,128,1.0,128,-0.59375,0.0,0.0
delta0.5_K128_radius1_aligned,aligned,0.5,128,1.0,128,-0.5625,0.0,0.0
delta0.5_K128_radius1_aligned,aligned,0.5,128,1.0,128,-0.53125,0.0,0.0
delta0.5_K128_radius1_aligned,aligned,0.5,128,1.0,128,-0.5,0.0,0.0
delta0.5_K128_radius1_aligned,aligned,0.5,128,1.0,128,-0.46875,0.0,0.0
delta0.5_K128_radius1_aligned,aligned,0.5,128,1.0,128,-0.4375,0.0,0.0
delta0.5_K128_radius1_aligned,aligned,0.5,128,1.0,128,-0.40625,0.0,0.0
delta0.5_K128_radius1_aligned,aligned,0.5,128,1.0,128,-0.375,0.0,0.0
delta0.5_K128_radius1_aligned,aligned,0.5,128,1.0,128,-0.34375,0.0,0.0
delta0.5_K128_radius1_aligned,aligned,0.5,128,1.0,128,-0.3125,0.0,0.0
delta0.5_K128_radius1_aligned,aligned,0.5,128,1.0,128,-0.28125,0.0,0.0
delta0.5_K128_radius1_aligned,aligned,0.5,128,1.0,128,-0.25,0.0,0.0
delta0.5_K128_radius1_aligned,aligned,0.5,128,1.0,128,-0.21875,0.0,0.0
delta0.5_K128_radius1_aligned,aligned,0.5,128,1.0,128,-0.1875,0.0,0.0
delta0.5_K128_radius1_aligned,aligned,0.5,128,1.0,128,-0.15625,0.0,0.0
delta0.5_K128_radius1_aligned,aligned,0.5,128,1.0,128,-0.125,0.0,0.0
delta0.5_K128_radius1_aligned,aligned,0.5,128,1.0,128,-0.09375,0.0,0.0
delta0.5_K128_radius1_aligned,aligned,0.5,128,1.0,128,-0.0625,0.0,0.0
delta0.5_K128_radius1_aligned,aligned,0.5,128,1.0,128,-0.03125,0.0,0.0
delta0.5_K128_radius1_aligned,aligned,0.5,128,1.0,128,0.0,0.0,0.0
delta0.5_K128_radius1_aligned,aligned,0.5,128,1.0,128,0.03125,0.0,0.0
delta0.5_K128_radius1_aligned,aligned,0.5,128,1.0,128,0.0625,0.0,0.0
delta0.5_K128_radius1_aligned,aligned,0.5,128,1.0,128,0.09375,0.0,0.0
delta0.5_K128_radius1_aligned,aligned,0.5,128,1.0,128,0.125,0.0,0.0
delta0.5_K128_radius1_aligned,aligned,0.5,128,1.0,128,0.15625,0.0,0.0
delta0.5_K128_radius1_aligned,aligned,0.5,128,1.0,128,0.1875,0.0,0.0
delta0.5_K128_radius1_aligned,aligned,0.5,128,1.0,128,0.21875,0.0,0.0
delta0.5_K128_radius1_aligned,aligned,0.5,128,1.0,128,0.25,0.0,0.0
delta0.5_K128_radius1_aligned,aligned,0.5,128,1.0,128,0.28125,0.0,0.0
delta0.5_K128_radius1_aligned,aligned,0.5,128,1.0,128,0.3125,0.0,0.0
delta0.5_K128_radius1_aligned,aligned,0.5,128,1.0,128,0.34375,0.0,0.0
delta0.5_K128_radius1_aligned,aligned,0.5,128,1.0,128,0.375,0.0,0.0
delta0.5_K128_radius1_aligned,aligned,0.5,128,1.0,128,0.40625,0.0,0.0
delta0.5_K128_radius1_aligned,aligned,0.5,128,1.0,128,0.4375,0.0,0.0
delta0.5_K128_radius1_aligned,aligned,0.5,128,1.0,128,0.46875,0.0,0.0
delta0.5_K128_radius1_aligned,aligned,0.5,128,1.0,128,0.5,0.0,0.0
delta0.5_K128_radius1_aligned,aligned,0.5,128,1.0,128,0.53125,0.0,0.0
delta0.5_K128_radius1_aligned,aligned,0.5,128,1.0,128,0.5625,0.0,0.0
delta0.5_K128_radius1_aligned,aligned,0.5,128,1.0,128,0.59375,0.0,0.0
delta0.5_K128_radius1_aligned,aligned,0.5,128,1.0,128,0.625,0.0,0.0
delta0.5_K128_radius1_aligned,aligned,0.5,128,1.0,128,0.65625,0.0,0.0
delta0.5_K128_radius1_aligned,aligned,0.5,128,1.0,128,0.6875,0.0,0.0
delta0.5_K128_radius1_aligned,aligned,0.5,128,1.0,128,0.71875,0.0,0.0
delta0.5_K128_radius1_aligned,aligned,0.5,128,1.0,128,0.75,0.0,0.0
delta0.5_K128_radius1_aligned,aligned,0.5,128,1.0,128,0.78125,0.0,0.0
delta0.5_K128_radius1_aligned,aligned,0.5,128,1.0,128,0.8125,0.0,0.0
delta0.5_K128_radius1_aligned,aligned,0.5,128,1.0,128,0.84375,0.0,0.0
delta0.5_K128_radius1_aligned,aligned,0.5,128,1.0,128,0.875,0.0,0.0
delta0.5_K128_radius1_aligned,aligned,0.5,128,1.0,128,0.90625,0.0,0.0
delta0.5_K128_radius1_aligned,aligned,0.5,128,1.0,128,0.9375,0.0,0.0
delta0.5_K128_radius1_aligned,aligned,0.5,128,1.0,128,0.96875,0.0,0.0
delta0.5_K128_radius1_aligned,aligned,0.5,128,1.0,128,1.0,0.0,0.0
delta0.5_K128_radius1_transverse,transverse,0.5,128,1.0,128,-1.0,-0.9999999999969154,-0.0005507229417260744
delta0.5_K128_radius1_transverse,transverse,0.5,128,1.0,128,-0.96875,-0.9687499999971955,-0.0005335128497972358
delta0.5_K128_radius1_transverse,transverse,0.5,128,1.0,128,-0.9375,-0.9374999999974583,-0.0005163027578683877
delta0.5_K128_radius1_transverse,transverse,0.5,128,1.0,128,-0.90625,-0.906249999997704,-0.00049909266593953
delta0.5_K128_radius1_transverse,transverse,0.5,128,1.0,128,-0.875,-0.8749999999979334,-0.0004818825740106635
delta0.5_K128_radius1_transverse,transverse,0.5,128,1.0,128,-0.84375,-0.8437499999981471,-0.0004646724820817883
delta0.5_K128_radius1_transverse,transverse,0.5,128,1.0,128,-0.8125,-0.8124999999983455,-0.00044746239015290465
delta0.5_K128_radius1_transverse,transverse,0.5,128,1.0,128,-0.78125,-0.7812499999985292,-0.0004302522982240128
delta0.5_K128_radius1_transverse,transverse,0.5,128,1.0,128,-0.75,-0.7499999999986989,-0.0004130422062951134
delta0.5_K128_radius1_transverse,transverse,0.5,128,1.0,128,-0.71875,-0.7187499999988548,-0.0003958321143662063
delta0.5_K128_radius1_transverse,transverse,0.5,128,1.0,128,-0.6875,-0.687499999998998,-0.0003786220224372923
delta0.5_K128_radius1_transverse,transverse,0.5,128,1.0,128,-0.65625,-0.6562499999991283,-0.0003614119305083711
delta0.5_K128_radius1_transverse,transverse,0.5,128,1.0,128,-0.625,-0.6249999999992473,-0.0003442018385794437
delta0.5_K128_radius1_transverse,transverse,0.5,128,1.0,128,-0.59375,-0.5937499999993544,-0.0003269917466505098
delta0.5_K128_radius1_transverse,transverse,0.5,128,1.0,128,-0.5625,-0.5624999999994512,-0.0003097816547215702
delta0.5_K128_radius1_transverse,transverse,0.5,128,1.0,128,-0.53125,-0.5312499999995377,-0.00029257156279262494
delta0.5_K128_radius1_transverse,transverse,0.5,128,1.0,128,-0.5,-0.49999999999961464,-0.0002753614708636744
delta0.5_K128_radius1_transverse,transverse,0.5,128,1.0,128,-0.46875,-0.4687499999996825,-0.00025815137893471886
delta0.5_K128_radius1_transverse,transverse,0.5,128,1.0,128,-0.4375,-0.437499999999742,-0.0002409412870057587
delta0.5_K128_radius1_transverse,transverse,0.5,128,1.0,128,-0.40625,-0.4062499999997935,-0.00022373119507679417
delta0.5_K128_radius1_transverse,transverse,0.5,128,1.0,128,-0.375,-0.3749999999998376,-0.00020652110314782552
delta0.5_K128_radius1_transverse,transverse,0.5,128,1.0,128,-0.34375,-0.34374999999987504,-0.00018931101121885324
delta0.5_K128_radius1_transverse,transverse,0.5,128,1.0,128,-0.3125,-0.31249999999990613,-0.00017210091928987744
delta0.5_K128_radius1_transverse,transverse,0.5,128,1.0,128,-0.28125,-0.2812499999999316,-0.00015489082736089857
delta0.5_K128_radius1_transverse,transverse,0.5,128,1.0,128,-0.25,-0.24999999999995204,-0.0001376807354319169
delta0.5_K128_radius1_transverse,transverse,0.5,128,1.0,128,-0.21875,-0.21874999999996797,-0.00012047064350293276
delta0.5_K128_radius1_transverse,transverse,0.5,128,1.0,128,-0.1875,-0.18749999999997993,-0.00010326055157394644
delta0.5_K128_radius1_transverse,transverse,0.5,128,1.0,128,-0.15625,-0.15624999999998845,-8.605045964495821e-05
delta0.5_K128_radius1_transverse,transverse,0.5,128,1.0,128,-0.125,-0.12499999999999423,-6.884036771596847e-05
delta0.5_K128_radius1_transverse,transverse,0.5,128,1.0,128,-0.09375,-0.09374999999999772,-5.163027578697749e-05
delta0.5_K128_radius1_transverse,transverse,0.5,128,1.0,128,-0.0625,-0.062499999999999487,-3.4420183857985544e-05
delta0.5_K128_radius1_transverse,transverse,0.5,128,1.0,128,-0.03125,-0.03125000000000014,-1.7210091928992992e-05
delta0.5_K128_radius1_transverse,transverse,0.5,128,1.0,128,0.0,-4.440892098500626e-16,-2.445701160381889e-19
delta0.5_K128_radius1_transverse,transverse,0.5,128,1.0,128,0.03125,0.03124999999999969,1.7210091928992745e-05
delta0.5_K128_radius1_transverse,transverse,0.5,128,1.0,128,0.0625,0.062499999999999035,3.44201838579853e-05
delta0.5_K128_radius1_transverse,transverse,0.5,128,1.0,128,0.09375,0.09374999999999727,5.163027578697724e-05
delta0.5_K128_radius1_transverse,transverse,0.5,128,1.0,128,0.125,0.12499999999999378,6.884036771596823e-05
delta0.5_K128_radius1_transverse,transverse,0.5,128,1.0,128,0.15625,0.156249999999988,8.605045964495796e-05
delta0.5_K128_radius1_transverse,transverse,0.5,128,1.0,128,0.1875,0.1874999999999795,0.00010326055157394618
delta0.5_K128_radius1_transverse,transverse,0.5,128,1.0,128,0.21875,0.21874999999996753,0.00012047064350293252
delta0.5_K128_radius1_transverse,transverse,0.5,128,1.0,128,0.25,0.24999999999995162,0.00013768073543191667
delta0.5_K128_radius1_transverse,transverse,0.5,128,1.0,128,0.28125,0.28124999999993117,0.00015489082736089833
delta0.5_K128_radius1_transverse,transverse,0.5,128,1.0,128,0.3125,0.3124999999999057,0.0001721009192898772
delta0.5_K128_radius1_transverse,transverse,0.5,128,1.0,128,0.34375,0.34374999999987454,0.00018931101121885297
delta0.5_K128_radius1_transverse,transverse,0.5,128,1.0,128,0.375,0.37499999999983713,0.00020652110314782528
delta0.5_K128_radius1_transverse,transverse,0.5,128,1.0,128,0.40625,0.40624999999979305,0.00022373119507679393
delta0.5_K128_radius1_transverse,transverse,0.5,128,1.0,128,0.4375,0.4374999999997415,0.00024094128700575843
delta0.5_K128_radius1_transverse,transverse,0.5,128,1.0,128,0.46875,0.46874999999968203,0.0002581513789347186
delta0.5_K128_radius1_transverse,transverse,0.5,128,1.0,128,0.5,0.4999999999996142,0.0002753614708636742
delta0.5_K128_radius1_transverse,transverse,0.5,128,1.0,128,0.53125,0.5312499999995373,0.0002925715627926247
delta0.5_K128_radius1_transverse,transverse,0.5,128,1.0,128,0.5625,0.5624999999994508,0.00030978165472157
delta0.5_K128_radius1_transverse,transverse,0.5,128,1.0,128,0.59375,0.5937499999993541,0.00032699174665050965
delta0.5_K128_radius1_transverse,transverse,0.5,128,1.0,128,0.625,0.6249999999992468,0.0003442018385794435
delta0.5_K128_radius1_transverse,transverse,0.5,128,1.0,128,0.65625,0.6562499999991278,0.00036141193050837084
delta0.5_K128_radius1_transverse,transverse,0.5,128,1.0,128,0.6875,0.6874999999989976,0.00037862202243729205
delta0.5_K128_radius1_transverse,transverse,0.5,128,1.0,128,0.71875,0.7187499999988544,0.0003958321143662061
delta0.5_K128_radius1_transverse,transverse,0.5,128,1.0,128,0.75,0.7499999999986985,0.0004130422062951132
delta0.5_K128_radius1_transverse,transverse,0.5,128,1.0,128,0.78125,0.7812499999985288,0.00043025229822401265
delta0.5_K128_radius1_transverse,transverse,0.5,128,1.0,128,0.8125,0.8124999999983452,0.00044746239015290443
delta0.5_K128_radius1_transverse,transverse,0.5,128,1.0,128,0.84375,0.8437499999981467,0.000464672482081788
delta0.5_K128_radius1_transverse,transverse,0.5,128,1.0,128,0.875,0.874999999997933,0.00048188257401066327
delta0.5_K128_radius1_transverse,transverse,0.5,128,1.0,128,0.90625,0.9062499999977037,0.0004990926659395299
delta0.5_K128_radius1_transverse,transverse,0.5,128,1.0,128,0.9375,0.9374999999974576,0.0005163027578683872
delta0.5_K128_radius1_transverse,transverse,0.5,128,1.0,128,0.96875,0.9687499999971951,0.0005335128497972356
delta0.5_K128_radius1_transverse,transverse,0.5,128,1.0,128,1.0,0.9999999999969147,0.0005507229417260741
delta0.5_K128_radius0.125_aligned,aligned,0.5,128,0.125,128,-1.0,0.0,0.0
delta0.5_K128_radius0.125_aligned,aligned,0.5,128,0.125,128,-0.96875,0.0,0.0
delta0.5_K128_radius0.125_aligned,aligned,0.5,128,0.125,128,-0.9375,0.0,0.0
delta0.5_K128_radius0.125_aligned,aligned,0.5,128,0.125,128,-0.90625,0.0,0.0
delta0.5_K128_radius0.125_aligned,aligned,0.5,128,0.125,128,-0.875,0.0,0.0
delta0.5_K128_radius0.125_aligned,aligned,0.5,128,0.125,128,-0.84375,0.0,0.0
delta0.5_K128_radius0.125_aligned,aligned,0.5,128,0.125,128,-0.8125,0.0,0.0
delta0.5_K128_radius0.125_aligned,aligned,0.5,128,0.125,128,-0.78125,0.0,0.0
delta0.5_K128_radius0.125_aligned,aligned,0.5,128,0.125,128,-0.75,0.0,0.0
delta0.5_K128_radius0.125_aligned,aligned,0.5,128,0.125,128,-0.71875,0.0,0.0
delta0.5_K128_radius0.125_aligned,aligned,0.5,128,0.125,128,-0.6875,0.0,0.0
delta0.5_K128_radius0.125_aligned,aligned,0.5,128,0.125,128,-0.65625,0.0,0.0
delta0.5_K128_radius0.125_aligned,aligned,0.5,128,0.125,128,-0.625,0.0,0.0
delta0.5_K128_radius0.125_aligned,aligned,0.5,128,0.125,128,-0.59375,0.0,0.0
delta0.5_K128_radius0.125_aligned,aligned,0.5,128,0.125,128,-0.5625,0.0,0.0
delta0.5_K128_radius0.125_aligned,aligned,0.5,128,0.125,128,-0.53125,0.0,0.0
delta0.5_K128_radius0.125_aligned,aligned,0.5,128,0.125,128,-0.5,0.0,0.0
delta0.5_K128_radius0.125_aligned,aligned,0.5,128,0.125,128,-0.46875,0.0,0.0
delta0.5_K128_radius0.125_aligned,aligned,0.5,128,0.125,128,-0.4375,0.0,0.0
delta0.5_K128_radius0.125_aligned,aligned,0.5,128,0.125,128,-0.40625,0.0,0.0
delta0.5_K128_radius0.125_aligned,aligned,0.5,128,0.125,128,-0.375,0.0,0.0
delta0.5_K128_radius0.125_aligned,aligned,0.5,128,0.125,128,-0.34375,0.0,0.0
delta0.5_K128_radius0.125_aligned,aligned,0.5,128,0.125,128,-0.3125,0.0,0.0
delta0.5_K128_radius0.125_aligned,aligned,0.5,128,0.125,128,-0.28125,0.0,0.0
delta0.5_K128_radius0.125_aligned,aligned,0.5,128,0.125,128,-0.25,0.0,0.0
delta0.5_K128_radius0.125_aligned,aligned,0.5,128,0.125,128,-0.21875,0.0,0.0
delta0.5_K128_radius0.125_aligned,aligned,0.5,128,0.125,128,-0.1875,0.0,0.0
delta0.5_K128_radius0.125_aligned,aligned,0.5,128,0.125,128,-0.15625,0.0,0.0
delta0.5_K128_radius0.125_aligned,aligned,0.5,128,0.125,128,-0.125,0.0,0.0
delta0.5_K128_radius0.125_aligned,aligned,0.5,128,0.125,128,-0.09375,0.0,0.0
delta0.5_K128_radius0.125_aligned,aligned,0.5,128,0.125,128,-0.0625,0.0,0.0
delta0.5_K128_radius0.125_aligned,aligned,0.5,128,0.125,128,-0.03125,0.0,0.0
delta0.5_K128_radius0.125_aligned,aligned,0.5,128,0.125,128,0.0,0.0,0.0
delta0.5_K128_radius0.125_aligned,aligned,0.5,128,0.125,128,0.03125,0.0,0.0
delta0.5_K128_radius0.125_aligned,aligned,0.5,128,0.125,128,0.0625,0.0,0.0
delta0.5_K128_radius0.125_aligned,aligned,0.5,128,0.125,128,0.09375,0.0,0.0
delta0.5_K128_radius0.125_aligned,aligned,0.5,128,0.125,128,0.125,0.0,0.0
delta0.5_K128_radius0.125_aligned,aligned,0.5,128,0.125,128,0.15625,0.0,0.0
delta0.5_K128_radius0.125_aligned,aligned,0.5,128,0.125,128,0.1875,0.0,0.0
delta0.5_K128_radius0.125_aligned,aligned,0.5,128,0.125,128,0.21875,0.0,0.0
delta0.5_K128_radius0.125_aligned,aligned,0.5,128,0.125,128,0.25,0.0,0.0
delta0.5_K128_radius0.125_aligned,aligned,0.5,128,0.125,128,0.28125,0.0,0.0
delta0.5_K128_radius0.125_aligned,aligned,0.5,128,0.125,128,0.3125,0.0,0.0
delta0.5_K128_radius0.125_aligned,aligned,0.5,128,0.125,128,0.34375,0.0,0.0
delta0.5_K128_radius0.125_aligned,aligned,0.5,128,0.125,128,0.375,0.0,0.0
delta0.5_K128_radius0.125_aligned,aligned,0.5,128,0.125,128,0.40625,0.0,0.0
delta0.5_K128_radius0.125_aligned,aligned,0.5,128,0.125,128,0.4375,0.0,0.0
delta0.5_K128_radius0.125_aligned,aligned,0.5,128,0.125,128,0.46875,0.0,0.0
delta0.5_K128_radius0.125_aligned,aligned,0.5,128,0.125,128,0.5,0.0,0.0
delta0.5_K128_radius0.125_aligned,aligned,0.5,128,0.125,128,0.53125,0.0,0.0
delta0.5_K128_radius0.125_aligned,aligned,0.5,128,0.125,128,0.5625,0.0,0.0
delta0.5_K128_radius0.125_aligned,aligned,0.5,128,0.125,128,0.59375,0.0,0.0
delta0.5_K128_radius0.125_aligned,aligned,0.5,128,0.125,128,0.625,0.0,0.0
delta0.5_K128_radius0.125_aligned,aligned,0.5,128,0.125,128,0.65625,0.0,0.0
delta0.5_K128_radius0.125_aligned,aligned,0.5,128,0.125,128,0.6875,0.0,0.0
delta0.5_K128_radius0.125_aligned,aligned,0.5,128,0.125,128,0.71875,0.0,0.0
delta0.5_K128_radius0.125_aligned,aligned,0.5,128,0.125,128,0.75,0.0,0.0
delta0.5_K128_radius0.125_aligned,aligned,0.5,128,0.125,128,0.78125,0.0,0.0
delta0.5_K128_radius0.125_aligned,aligned,0.5,128,0.125,128,0.8125,0.0,0.0
delta0.5_K128_radius0.125_aligned,aligned,0.5,128,0.125,128,0.84375,0.0,0.0
delta0.5_K128_radius0.125_aligned,aligned,0.5,128,0.125,128,0.875,0.0,0.0
delta0.5_K128_radius0.125_aligned,aligned,0.5,128,0.125,128,0.90625,0.0,0.0
delta0.5_K128_radius0.125_aligned,aligned,0.5,128,0.125,128,0.9375,0.0,0.0
delta0.5_K128_radius0.125_aligned,aligned,0.5,128,0.125,128,0.96875,0.0,0.0
delta0.5_K128_radius0.125_aligned,aligned,0.5,128,0.125,128,1.0,0.0,0.0
delta0.5_K128_radius0.125_transverse,transverse,0.5,128,0.125,128,-1.0,-0.999999999999952,-6.884036771596835e-05
delta0.5_K128_radius0.125_transverse,transverse,0.5,128,0.125,128,-0.96875,-0.9687499999999564,-6.668910622484454e-05
delta0.5_K128_radius0.125_transverse,transverse,0.5,128,0.125,128,-0.9375,-0.9374999999999604,-6.45378447337207e-05
delta0.5_K128_radius0.125_transverse,transverse,0.5,128,0.125,128,-0.90625,-0.9062499999999644,-6.238658324259686e-05
delta0.5_K128_radius0.125_transverse,transverse,0.5,128,0.125,128,-0.875,-0.874999999999968,-6.0235321751473e-05
delta0.5_K128_radius0.125_transverse,transverse,0.5,128,0.125,128,-0.84375,-0.8437499999999712,-5.808406026034911e-05
delta0.5_K128_radius0.125_transverse,transverse,0.5,128,0.125,128,-0.8125,-0.8124999999999741,-5.593279876922519e-05
delta0.5_K128_radius0.125_transverse,transverse,0.5,128,0.125,128,-0.78125,-0.781249999999977,-5.3781537278101274e-05
delta0.5_K128_radius0.125_transverse,transverse,0.5,128,0.125,128,-0.75,-0.7499999999999799,-5.163027578697736e-05
delta0.5_K128_radius0.125_transverse,transverse,0.5,128,0.125,128,-0.71875,-0.7187499999999822,-4.9479014295853406e-05
delta0.5_K128_radius0.125_transverse,transverse,0.5,128,0.125,128,-0.6875,-0.6874999999999843,-4.732775280472944e-05
delta0.5_K128_radius0.125_transverse,transverse,0.5,128,0.125,128,-0.65625,-0.6562499999999865,-4.517649131360547e-05
delta0.5_K128_radius0.125_transverse,transverse,0.5,128,0.125,128,-0.625,-0.6249999999999883,-4.302522982248148e-05
delta0.5_K128_radius0.125_transverse,transverse,0.5,128,0.125,128,-0.59375,-0.59374999999999,-4.087396833135748e-05
delta0.5_K128_radius0.125_transverse,transverse,0.5,128,0.125,128,-0.5625,-0.5624999999999915,-3.8722706840233466e-05
delta0.5_K128_radius0.125_transverse,transverse,0.5,128,0.125,128,-0.53125,-0.5312499999999928,-3.6571445349109444e-05
delta0.5_K128_radius0.125_transverse,transverse,0.5,128,0.125,128,-0.5,-0.4999999999999941,-3.442018385798542e-05
delta0.5_K128_radius0.125_transverse,transverse,0.5,128,0.125,128,-0.46875,-0.4687499999999952,-3.2268922366861386e-05
delta0.5_K128_radius0.125_transverse,transverse,0.5,128,0.125,128,-0.4375,-0.437499999999996,-3.0117660875737324e-05
delta0.5_K128_radius0.125_transverse,transverse,0.5,128,0.125,128,-0.40625,-0.4062499999999968,-2.7966399384613264e-05
delta0.5_K128_radius0.125_transverse,transverse,0.5,128,0.125,128,-0.375,-0.3749999999999975,-2.58151378934892e-05
delta0.5_K128_radius0.125_transverse,transverse,0.5,128,0.125,128,-0.34375,-0.3437499999999981,-2.3663876402365126e-05
delta0.5_K128_radius0.125_transverse,transverse,0.5,128,0.125,128,-0.3125,-0.3124999999999986,-2.1512614911241046e-05
delta0.5_K128_radius0.125_transverse,transverse,0.5,128,0.125,128,-0.28125,-0.28124999999999895,-1.9361353420116956e-05
delta0.5_K128_radius0.125_transverse,transverse,0.5,128,0.125,128,-0.25,-0.24999999999999933,-1.7210091928992867e-05
delta0.5_K128_radius0.125_transverse,transverse,0.5,128,0.125,128,-0.21875,-0.21874999999999953,-1.5058830437868767e-05
delta0.5_K128_radius0.125_transverse,transverse,0.5,128,0.125,128,-0.1875,-0.18749999999999967,-1.2907568946744662e-05
delta0.5_K128_radius0.125_transverse,transverse,0.5,128,0.125,128,-0.15625,-0.15624999999999983,-1.075630745562056e-05
delta0.5_K128_radius0.125_transverse,transverse,0.5,128,0.125,128,-0.125,-0.12500000000000988,-8.605045964497138e-06
delta0.5_K128_radius0.125_transverse,transverse,0.5,128,0.125,128,-0.09375,-0.09375000000003231,-6.453784473374567e-06
delta0.5_K128_radius0.125_transverse,transverse,0.5,128,0.125,128,-0.0625,-0.062499999999951594,-4.302522982244896e-06
delta0.5_K128_radius0.125_transverse,transverse,0.5,128,0.125,128,-0.03125,-0.031249999999975575,-2.151261491122433e-06
delta0.5_K128_radius0.125_transverse,transverse,0.5,128,0.125,128,0.0,0.0,0.0
delta0.5_K128_radius0.125_transverse,transverse,0.5,128,0.125,128,0.03125,0.031249999999975575,2.151261491122433e-06
delta0.5_K128_radius0.125_transverse,transverse,0.5,128,0.125,128,0.0625,0.062499999999951594,4.302522982244896e-06
delta0.5_K128_radius0.125_transverse,transverse,0.5,128,0.125,128,0.09375,0.09375000000003231,6.453784473374567e-06
delta0.5_K128_radius0.125_transverse,transverse,0.5,128,0.125,128,0.125,0.12500000000000988,8.605045964497138e-06
delta0.5_K128_radius0.125_transverse,transverse,0.5,128,0.125,128,0.15625,0.15624999999999986,1.0756307455620562e-05
delta0.5_K128_radius0.125_transverse,transverse,0.5,128,0.125,128,0.1875,0.18749999999999972,1.2907568946744667e-05
delta0.5_K128_radius0.125_transverse,transverse,0.5,128,0.125,128,0.21875,0.2187499999999995,1.5058830437868765e-05
delta0.5_K128_radius0.125_transverse,transverse,0.5,128,0.125,128,0.25,0.2499999999999993,1.7210091928992867e-05
delta0.5_K128_radius0.125_transverse,transverse,0.5,128,0.125,128,0.28125,0.281249999999999,1.936135342011696e-05
delta0.5_K128_radius0.125_transverse,transverse,0.5,128,0.125,128,0.3125,0.31249999999999867,2.151261491124105e-05
delta0.5_K128_radius0.125_transverse,transverse,0.5,128,0.125,128,0.34375,0.34374999999999817,2.3663876402365132e-05
delta0.5_K128_radius0.125_transverse,transverse,0.5,128,0.125,128,0.375,0.3749999999999975,2.58151378934892e-05
delta0.5_K128_radius0.125_transverse,transverse,0.5,128,0.125,128,0.40625,0.40624999999999684,2.7966399384613268e-05
delta0.5_K128_radius0.125_transverse,transverse,0.5,128,0.125,128,0.4375,0.437499999999996,3.0117660875737324e-05
delta0.5_K128_radius0.125_transverse,transverse,0.5,128,0.125,128,0.46875,0.46874999999999517,3.226892236686138e-05
delta0.5_K128_radius0.125_transverse,transverse,0.5,128,0.125,128,0.5,0.49999999999999406,3.442018385798542e-05
delta0.5_K128_radius0.125_transverse,transverse,0.5,128,0.125,128,0.53125,0.5312499999999929,3.657144534910945e-05
delta0.5_K128_radius0.125_transverse,transverse,0.5,128,0.125,128,0.5625,0.5624999999999915,3.8722706840233466e-05
delta0.5_K128_radius0.125_transverse,transverse,0.5,128,0.125,128,0.59375,0.5937499999999899,4.0873968331357474e-05
delta0.5_K128_radius0.125_transverse,transverse,0.5,128,0.125,128,0.625,0.6249999999999882,4.3025229822481476e-05
delta0.5_K128_radius0.125_transverse,transverse,0.5,128,0.125,128,0.65625,0.6562499999999867,4.5176491313605484e-05
delta0.5_K128_radius0.125_transverse,transverse,0.5,128,0.125,128,0.6875,0.6874999999999842,4.732775280472943e-05
delta0.5_K128_radius0.125_transverse,transverse,0.5,128,0.125,128,0.71875,0.7187499999999822,4.9479014295853406e-05
delta0.5_K128_radius0.125_transverse,transverse,0.5,128,0.125,128,0.75,0.7499999999999798,5.1630275786977353e-05
delta0.5_K128_radius0.125_transverse,transverse,0.5,128,0.125,128,0.78125,0.7812499999999769,5.378153727810127e-05
delta0.5_K128_radius0.125_transverse,transverse,0.5,128,0.125,128,0.8125,0.8124999999999741,5.593279876922519e-05
delta0.5_K128_radius0.125_transverse,transverse,0.5,128,0.125,128,0.84375,0.8437499999999711,5.80840602603491e-05
delta0.5_K128_radius0.125_transverse,transverse,0.5,128,0.125,128,0.875,0.874999999999968,6.0235321751473e-05
delta0.5_K128_radius0.125_transverse,transverse,0.5,128,0.125,128,0.90625,0.9062499999999643,6.238658324259685e-05
delta0.5_K128_radius0.125_transverse,transverse,0.5,128,0.125,128,0.9375,0.9374999999999604,6.45378447337207e-05
delta0.5_K128_radius0.125_transverse,transverse,0.5,128,0.125,128,0.96875,0.9687499999999561,6.668910622484452e-05
delta0.5_K128_radius0.125_transverse,transverse,0.5,128,0.125,128,1.0,0.999999999999952,6.884036771596835e-05
delta0.5_K128_radius0.015625_aligned,aligned,0.5,128,0.015625,128,-1.0,0.0,0.0
delta0.5_K128_radius0.015625_aligned,aligned,0.5,128,0.015625,128,-0.96875,0.0,0.0
delta0.5_K128_radius0.015625_aligned,aligned,0.5,128,0.015625,128,-0.9375,0.0,0.0
delta0.5_K128_radius0.015625_aligned,aligned,0.5,128,0.015625,128,-0.90625,0.0,0.0
delta0.5_K128_radius0.015625_aligned,aligned,0.5,128,0.015625,128,-0.875,0.0,0.0
delta0.5_K128_radius0.015625_aligned,aligned,0.5,128,0.015625,128,-0.84375,0.0,0.0
delta0.5_K128_radius0.015625_aligned,aligned,0.5,128,0.015625,128,-0.8125,0.0,0.0
delta0.5_K128_radius0.015625_aligned,aligned,0.5,128,0.015625,128,-0.78125,0.0,0.0
delta0.5_K128_radius0.015625_aligned,aligned,0.5,128,0.015625,128,-0.75,0.0,0.0
delta0.5_K128_radius0.015625_aligned,aligned,0.5,128,0.015625,128,-0.71875,0.0,0.0
delta0.5_K128_radius0.015625_aligned,aligned,0.5,128,0.015625,128,-0.6875,0.0,0.0
delta0.5_K128_radius0.015625_aligned,aligned,0.5,128,0.015625,128,-0.65625,0.0,0.0
delta0.5_K128_radius0.015625_aligned,aligned,0.5,128,0.015625,128,-0.625,0.0,0.0
delta0.5_K128_radius0.015625_aligned,aligned,0.5,128,0.015625,128,-0.59375,0.0,0.0
delta0.5_K128_radius0.015625_aligned,aligned,0.5,128,0.015625,128,-0.5625,0.0,0.0
delta0.5_K128_radius0.015625_aligned,aligned,0.5,128,0.015625,128,-0.53125,0.0,0.0
delta0.5_K128_radius0.015625_aligned,aligned,0.5,128,0.015625,128,-0.5,0.0,0.0
delta0.5_K128_radius0.015625_aligned,aligned,0.5,128,0.015625,128,-0.46875,0.0,0.0
delta0.5_K128_radius0.015625_aligned,aligned,0.5,128,0.015625,128,-0.4375,0.0,0.0
delta0.5_K128_radius0.015625_aligned,aligned,0.5,128,0.015625,128,-0.40625,0.0,0.0
delta0.5_K128_radius0.015625_aligned,aligned,0.5,128,0.015625,128,-0.375,0.0,0.0
delta0.5_K128_radius0.015625_aligned,aligned,0.5,128,0.015625,128,-0.34375,0.0,0.0
delta0.5_K128_radius0.015625_aligned,aligned,0.5,128,0.015625,128,-0.3125,0.0,0.0
delta0.5_K128_radius0.015625_aligned,aligned,0.5,128,0.015625,128,-0.28125,0.0,0.0
delta0.5_K128_radius0.015625_aligned,aligned,0.5,128,0.015625,128,-0.25,0.0,0.0
delta0.5_K128_radius0.015625_aligned,aligned,0.5,128,0.015625,128,-0.21875,0.0,0.0
delta0.5_K128_radius0.015625_aligned,aligned,0.5,128,0.015625,128,-0.1875,0.0,0.0
delta0.5_K128_radius0.015625_aligned,aligned,0.5,128,0.015625,128,-0.15625,0.0,0.0
delta0.5_K128_radius0.015625_aligned,aligned,0.5,128,0.015625,128,-0.125,0.0,0.0
delta0.5_K128_radius0.015625_aligned,aligned,0.5,128,0.015625,128,-0.09375,0.0,0.0
delta0.5_K128_radius0.015625_aligned,aligned,0.5,128,0.015625,128,-0.0625,0.0,0.0
delta0.5_K128_radius0.015625_aligned,aligned,0.5,128,0.015625,128,-0.03125,0.0,0.0
delta0.5_K128_radius0.015625_aligned,aligned,0.5,128,0.015625,128,0.0,0.0,0.0
delta0.5_K128_radius0.015625_aligned,aligned,0.5,128,0.015625,128,0.03125,0.0,0.0
delta0.5_K128_radius0.015625_aligned,aligned,0.5,128,0.015625,128,0.0625,0.0,0.0
delta0.5_K128_radius0.015625_aligned,aligned,0.5,128,0.015625,128,0.09375,0.0,0.0
delta0.5_K128_radius0.015625_aligned,aligned,0.5,128,0.015625,128,0.125,0.0,0.0
delta0.5_K128_radius0.015625_aligned,aligned,0.5,128,0.015625,128,0.15625,0.0,0.0
delta0.5_K128_radius0.015625_aligned,aligned,0.5,128,0.015625,128,0.1875,0.0,0.0
delta0.5_K128_radius0.015625_aligned,aligned,0.5,128,0.015625,128,0.21875,0.0,0.0
delta0.5_K128_radius0.015625_aligned,aligned,0.5,128,0.015625,128,0.25,0.0,0.0
delta0.5_K128_radius0.015625_aligned,aligned,0.5,128,0.015625,128,0.28125,0.0,0.0
delta0.5_K128_radius0.015625_aligned,aligned,0.5,128,0.015625,128,0.3125,0.0,0.0
delta0.5_K128_radius0.015625_aligned,aligned,0.5,128,0.015625,128,0.34375,0.0,0.0
delta0.5_K128_radius0.015625_aligned,aligned,0.5,128,0.015625,128,0.375,0.0,0.0
delta0.5_K128_radius0.015625_aligned,aligned,0.5,128,0.015625,128,0.40625,0.0,0.0
delta0.5_K128_radius0.015625_aligned,aligned,0.5,128,0.015625,128,0.4375,0.0,0.0
delta0.5_K128_radius0.015625_aligned,aligned,0.5,128,0.015625,128,0.46875,0.0,0.0
delta0.5_K128_radius0.015625_aligned,aligned,0.5,128,0.015625,128,0.5,0.0,0.0
delta0.5_K128_radius0.015625_aligned,aligned,0.5,128,0.015625,128,0.53125,0.0,0.0
delta0.5_K128_radius0.015625_aligned,aligned,0.5,128,0.015625,128,0.5625,0.0,0.0
delta0.5_K128_radius0.015625_aligned,aligned,0.5,128,0.015625,128,0.59375,0.0,0.0
delta0.5_K128_radius0.015625_aligned,aligned,0.5,128,0.015625,128,0.625,0.0,0.0
delta0.5_K128_radius0.015625_aligned,aligned,0.5,128,0.015625,128,0.65625,0.0,0.0
delta0.5_K128_radius0.015625_aligned,aligned,0.5,128,0.015625,128,0.6875,0.0,0.0
delta0.5_K128_radius0.015625_aligned,aligned,0.5,128,0.015625,128,0.71875,0.0,0.0
delta0.5_K128_radius0.015625_aligned,aligned,0.5,128,0.015625,128,0.75,0.0,0.0
delta0.5_K128_radius0.015625_aligned,aligned,0.5,128,0.015625,128,0.78125,0.0,0.0
delta0.5_K128_radius0.015625_aligned,aligned,0.5,128,0.015625,128,0.8125,0.0,0.0
delta0.5_K128_radius0.015625_aligned,aligned,0.5,128,0.015625,128,0.84375,0.0,0.0
delta0.5_K128_radius0.015625_aligned,aligned,0.5,128,0.015625,128,0.875,0.0,0.0
delta0.5_K128_radius0.015625_aligned,aligned,0.5,128,0.015625,128,0.90625,0.0,0.0
delta0.5_K128_radius0.015625_aligned,aligned,0.5,128,0.015625,128,0.9375,0.0,0.0
delta0.5_K128_radius0.015625_aligned,aligned,0.5,128,0.015625,128,0.96875,0.0,0.0
delta0.5_K128_radius0.015625_aligned,aligned,0.5,128,0.015625,128,1.0,0.0,0.0
delta0.5_K128_radius0.015625_transverse,transverse,0.5,128,0.015625,128,-1.0,-0.999999999999988,-8.605045964496354e-06
delta0.5_K128_radius0.015625_transverse,transverse,0.5,128,0.015625,128,-0.96875,-0.9687499999999885,-8.336138278105843e-06
delta0.5_K128_radius0.015625_transverse,transverse,0.5,128,0.015625,128,-0.9375,-0.9374999999999889,-8.067230591715333e-06
delta0.5_K128_radius0.015625_transverse,transverse,0.5,128,0.015625,128,-0.90625,-0.9062499999999893,-7.798322905324823e-06
delta0.5_K128_radius0.015625_transverse,transverse,0.5,128,0.015625,128,-0.875,-0.8749999999999898,-7.529415218934312e-06
delta0.5_K128_radius0.015625_transverse,transverse,0.5,128,0.015625,128,-0.84375,-0.8437499999999902,-7.260507532543802e-06
delta0.5_K128_radius0.015625_transverse,transverse,0.5,128,0.015625,128,-0.8125,-0.8124999999999907,-6.9915998461532916e-06
delta0.5_K128_radius0.015625_transverse,transverse,0.5,128,0.015625,128,-0.78125,-0.7812499999999911,-6.72269215976278e-06
delta0.5_K128_radius0.015625_transverse,transverse,0.5,128,0.015625,128,-0.75,-0.7499999999999911,-6.453784473372267e-06
delta0.5_K128_radius0.015625_transverse,transverse,0.5,128,0.015625,128,-0.71875,-0.7187499999999916,-6.184876786981756e-06
delta0.5_K128_radius0.015625_transverse,transverse,0.5,128,0.015625,128,-0.6875,-0.687499999999992,-5.915969100591246e-06
delta0.5_K128_radius0.015625_transverse,transverse,0.5,128,0.015625,128,-0.65625,-0.6562499999999925,-5.647061414200735e-06
delta0.5_K128_radius0.015625_transverse,transverse,0.5,128,0.015625,128,-0.625,-0.6249999999999925,-5.378153727810221e-06
delta0.5_K128_radius0.015625_transverse,transverse,0.5,128,0.015625,128,-0.59375,-0.5937499999999929,-5.1092460414197105e-06
delta0.5_K128_radius0.015625_transverse,transverse,0.5,128,0.015625,128,-0.5625,-0.5624999999999933,-4.8403383550292e-06
delta0.5_K128_radius0.015625_transverse,transverse,0.5,128,0.015625,128,-0.53125,-0.5312499999999938,-4.571430668638689e-06
delta0.5_K128_radius0.015625_transverse,transverse,0.5,128,0.015625,128,-0.5,-0.4999999999999938,-4.302522982248175e-06
delta0.5_K128_radius0.015625_transverse,transverse,0.5,128,0.015625,128,-0.46875,-0.46874999999999467,-4.033615295857668e-06
delta0.5_K128_radius0.015625_transverse,transverse,0.5,128,0.015625,128,-0.4375,-0.4374999999999951,-3.764707609467158e-06
delta0.5_K128_radius0.015625_transverse,transverse,0.5,128,0.015625,128,-0.40625,-0.4062499999999951,-3.4957999230766437e-06
delta0.5_K128_radius0.015625_transverse,transverse,0.5,128,0.015625,128,-0.375,-0.37499999999999556,-3.2268922366861333e-06
delta0.5_K128_radius0.015625_transverse,transverse,0.5,128,0.015625,128,-0.34375,-0.343749999999996,-2.957984550295623e-06
delta0.5_K128_radius0.015625_transverse,transverse,0.5,128,0.015625,128,-0.3125,-0.31249999999999645,-2.689076863905112e-06
delta0.5_K128_radius0.015625_transverse,transverse,0.5,128,0.015625,128,-0.28125,-0.28124999999999645,-2.420169177514598e-06
delta0.5_K128_radius0.015625_transverse,transverse,0.5,128,0.015625,128,-0.25,-0.2499999999999969,-2.1512614911240876e-06
delta0.5_K128_radius0.015625_transverse,transverse,0.5,128,0.015625,128,-0.21875,-0.21874999999999734,-1.882353804733577e-06
delta0.5_K128_radius0.015625_transverse,transverse,0.5,128,0.015625,128,-0.1875,-0.18749999999999778,-1.6134461183430666e-06
delta0.5_K128_radius0.015625_transverse,transverse,0.5,128,0.015625,128,-0.15625,-0.15624999999999822,-1.344538431952556e-06
delta0.5_K128_radius0.015625_transverse,transverse,0.5,128,0.015625,128,-0.125,-0.12499999999999867,-1.0756307455620457e-06
delta0.5_K128_radius0.015625_transverse,transverse,0.5,128,0.015625,128,-0.09375,-0.09374999999999911,-8.067230591715352e-07
delta0.5_K128_radius0.015625_transverse,transverse,0.5,128,0.015625,128,-0.0625,-0.062499999999999556,-5.378153727810248e-07
delta0.5_K128_radius0.015625_transverse,transverse,0.5,128,0.015625,128,-0.03125,-0.031249999999999556,-2.6890768639051047e-07
delta0.5_K128_radius0.015625_transverse,transverse,0.5,128,0.015625,128,0.0,0.0,0.0
delta0.5_K128_radius0.015625_transverse,transverse,0.5,128,0.015625,128,0.03125,0.031249999999999556,2.6890768639051047e-07
delta0.5_K128_radius0.015625_transverse,transverse,0.5,128,0.015625,128,0.0625,0.062499999999999556,5.378153727810248e-07
delta0.5_K128_radius0.015625_transverse,transverse,0.5,128,0.015625,128,0.09375,0.09374999999999911,8.067230591715352e-07
delta0.5_K128_radius0.015625_transverse,transverse,0.5,128,0.015625,128,0.125,0.12499999999999867,1.0756307455620457e-06
delta0.5_K128_radius0.015625_transverse,transverse,0.5,128,0.015625,128,0.15625,0.15624999999999822,1.344538431952556e-06
delta0.5_K128_radius0.015625_transverse,transverse,0.5,128,0.015625,128,0.1875,0.18749999999999778,1.6134461183430666e-06
delta0.5_K128_radius0.015625_transverse,transverse,0.5,128,0.015625,128,0.21875,0.21874999999999734,1.882353804733577e-06
delta0.5_K128_radius0.015625_transverse,transverse,0.5,128,0.015625,128,0.25,0.2499999999999969,2.1512614911240876e-06
delta0.5_K128_radius0.015625_transverse,transverse,0.5,128,0.015625,128,0.28125,0.28124999999999645,2.420169177514598e-06
delta0.5_K128_radius0.015625_transverse,transverse,0.5,128,0.015625,128,0.3125,0.31249999999999645,2.689076863905112e-06
delta0.5_K128_radius0.015625_transverse,transverse,0.5,128,0.015625,128,0.34375,0.343749999999996,2.957984550295623e-06
delta0.5_K128_radius0.015625_transverse,transverse,0.5,128,0.015625,128,0.375,0.37499999999999556,3.2268922366861333e-06
delta0.5_K128_radius0.015625_transverse,transverse,0.5,128,0.015625,128,0.40625,0.4062499999999951,3.4957999230766437e-06
delta0.5_K128_radius0.015625_transverse,transverse,0.5,128,0.015625,128,0.4375,0.4374999999999951,3.764707609467158e-06
delta0.5_K128_radius0.015625_transverse,transverse,0.5,128,0.015625,128,0.46875,0.4687499999999942,4.033615295857665e-06
delta0.5_K128_radius0.015625_transverse,transverse,0.5,128,0.015625,128,0.5,0.4999999999999938,4.302522982248175e-06
delta0.5_K128_radius0.015625_transverse,transverse,0.5,128,0.015625,128,0.53125,0.5312499999999938,4.571430668638689e-06
delta0.5_K128_radius0.015625_transverse,transverse,0.5,128,0.015625,128,0.5625,0.5624999999999933,4.8403383550292e-06
delta0.5_K128_radius0.015625_transverse,transverse,0.5,128,0.015625,128,0.59375,0.5937499999999929,5.1092460414197105e-06
delta0.5_K128_radius0.015625_transverse,transverse,0.5,128,0.015625,128,0.625,0.6249999999999925,5.378153727810221e-06
delta0.5_K128_radius0.015625_transverse,transverse,0.5,128,0.015625,128,0.65625,0.6562499999999925,5.647061414200735e-06
delta0.5_K128_radius0.015625_transverse,transverse,0.5,128,0.015625,128,0.6875,0.687499999999992,5.915969100591246e-06
delta0.5_K128_radius0.015625_transverse,transverse,0.5,128,0.015625,128,0.71875,0.7187499999999916,6.184876786981756e-06
delta0.5_K128_radius0.015625_transverse,transverse,0.5,128,0.015625,128,0.75,0.7499999999999911,6.453784473372267e-06
delta0.5_K128_radius0.015625_transverse,transverse,0.5,128,0.015625,128,0.78125,0.7812499999999911,6.72269215976278e-06
delta0.5_K128_radius0.015625_transverse,transverse,0.5,128,0.015625,128,0.8125,0.8124999999999902,6.991599846153287e-06
delta0.5_K128_radius0.015625_transverse,transverse,0.5,128,0.015625,128,0.84375,0.8437499999999898,7.260507532543798e-06
delta0.5_K128_radius0.015625_transverse,transverse,0.5,128,0.015625,128,0.875,0.8749999999999893,7.529415218934308e-06
delta0.5_K128_radius0.015625_transverse,transverse,0.5,128,0.015625,128,0.90625,0.9062499999999893,7.798322905324823e-06
delta0.5_K128_radius0.015625_transverse,transverse,0.5,128,0.015625,128,0.9375,0.9374999999999889,8.067230591715333e-06
delta0.5_K128_radius0.015625_transverse,transverse,0.5,128,0.015625,128,0.96875,0.9687499999999885,8.336138278105843e-06
delta0.5_K128_radius0.015625_transverse,transverse,0.5,128,0.015625,128,1.0,0.999999999999988,8.605045964496354e-06
delta0.5_K512_radius0_common,common,0.5,512,0.0,128,-1.0,0.0,0.0
delta0.5_K512_radius0_common,common,0.5,512,0.0,128,-0.96875,0.0,0.0
delta0.5_K512_radius0_common,common,0.5,512,0.0,128,-0.9375,0.0,0.0
delta0.5_K512_radius0_common,common,0.5,512,0.0,128,-0.90625,0.0,0.0
delta0.5_K512_radius0_common,common,0.5,512,0.0,128,-0.875,0.0,0.0
delta0.5_K512_radius0_common,common,0.5,512,0.0,128,-0.84375,0.0,0.0
delta0.5_K512_radius0_common,common,0.5,512,0.0,128,-0.8125,0.0,0.0
delta0.5_K512_radius0_common,common,0.5,512,0.0,128,-0.78125,0.0,0.0
delta0.5_K512_radius0_common,common,0.5,512,0.0,128,-0.75,0.0,0.0
delta0.5_K512_radius0_common,common,0.5,512,0.0,128,-0.71875,0.0,0.0
delta0.5_K512_radius0_common,common,0.5,512,0.0,128,-0.6875,0.0,0.0
delta0.5_K512_radius0_common,common,0.5,512,0.0,128,-0.65625,0.0,0.0
delta0.5_K512_radius0_common,common,0.5,512,0.0,128,-0.625,0.0,0.0
delta0.5_K512_radius0_common,common,0.5,512,0.0,128,-0.59375,0.0,0.0
delta0.5_K512_radius0_common,common,0.5,512,0.0,128,-0.5625,0.0,0.0
delta0.5_K512_radius0_common,common,0.5,512,0.0,128,-0.53125,0.0,0.0
delta0.5_K512_radius0_common,common,0.5,512,0.0,128,-0.5,0.0,0.0
delta0.5_K512_radius0_common,common,0.5,512,0.0,128,-0.46875,0.0,0.0
delta0.5_K512_radius0_common,common,0.5,512,0.0,128,-0.4375,0.0,0.0
delta0.5_K512_radius0_common,common,0.5,512,0.0,128,-0.40625,0.0,0.0
delta0.5_K512_radius0_common,common,0.5,512,0.0,128,-0.375,0.0,0.0
delta0.5_K512_radius0_common,common,0.5,512,0.0,128,-0.34375,0.0,0.0
delta0.5_K512_radius0_common,common,0.5,512,0.0,128,-0.3125,0.0,0.0
delta0.5_K512_radius0_common,common,0.5,512,0.0,128,-0.28125,0.0,0.0
delta0.5_K512_radius0_common,common,0.5,512,0.0,128,-0.25,0.0,0.0
delta0.5_K512_radius0_common,common,0.5,512,0.0,128,-0.21875,0.0,0.0
delta0.5_K512_radius0_common,common,0.5,512,0.0,128,-0.1875,0.0,0.0
delta0.5_K512_radius0_common,common,0.5,512,0.0,128,-0.15625,0.0,0.0
delta0.5_K512_radius0_common,common,0.5,512,0.0,128,-0.125,0.0,0.0
delta0.5_K512_radius0_common,common,0.5,512,0.0,128,-0.09375,0.0,0.0
delta0.5_K512_radius0_common,common,0.5,512,0.0,128,-0.0625,0.0,0.0
delta0.5_K512_radius0_common,common,0.5,512,0.0,128,-0.03125,0.0,0.0
delta0.5_K512_radius0_common,common,0.5,512,0.0,128,0.0,0.0,0.0
delta0.5_K512_radius0_common,common,0.5,512,0.0,128,0.03125,0.0,0.0
delta0.5_K512_radius0_common,common,0.5,512,0.0,128,0.0625,0.0,0.0
delta0.5_K512_radius0_common,common,0.5,512,0.0,128,0.09375,0.0,0.0
delta0.5_K512_radius0_common,common,0.5,512,0.0,128,0.125,0.0,0.0
delta0.5_K512_radius0_common,common,0.5,512,0.0,128,0.15625,0.0,0.0
delta0.5_K512_radius0_common,common,0.5,512,0.0,128,0.1875,0.0,0.0
delta0.5_K512_radius0_common,common,0.5,512,0.0,128,0.21875,0.0,0.0
delta0.5_K512_radius0_common,common,0.5,512,0.0,128,0.25,0.0,0.0
delta0.5_K512_radius0_common,common,0.5,512,0.0,128,0.28125,0.0,0.0
delta0.5_K512_radius0_common,common,0.5,512,0.0,128,0.3125,0.0,0.0
delta0.5_K512_radius0_common,common,0.5,512,0.0,128,0.34375,0.0,0.0
delta0.5_K512_radius0_common,common,0.5,512,0.0,128,0.375,0.0,0.0
delta0.5_K512_radius0_common,common,0.5,512,0.0,128,0.40625,0.0,0.0
delta0.5_K512_radius0_common,common,0.5,512,0.0,128,0.4375,0.0,0.0
delta0.5_K512_radius0_common,common,0.5,512,0.0,128,0.46875,0.0,0.0
delta0.5_K512_radius0_common,common,0.5,512,0.0,128,0.5,0.0,0.0
delta0.5_K512_radius0_common,common,0.5,512,0.0,128,0.53125,0.0,0.0
delta0.5_K512_radius0_common,common,0.5,512,0.0,128,0.5625,0.0,0.0
delta0.5_K512_radius0_common,common,0.5,512,0.0,128,0.59375,0.0,0.0
delta0.5_K512_radius0_common,common,0.5,512,0.0,128,0.625,0.0,0.0
delta0.5_K512_radius0_common,common,0.5,512,0.0,128,0.65625,0.0,0.0
delta0.5_K512_radius0_common,common,0.5,512,0.0,128,0.6875,0.0,0.0
delta0.5_K512_radius0_common,common,0.5,512,0.0,128,0.71875,0.0,0.0
delta0.5_K512_radius0_common,common,0.5,512,0.0,128,0.75,0.0,0.0
delta0.5_K512_radius0_common,common,0.5,512,0.0,128,0.78125,0.0,0.0
delta0.5_K512_radius0_common,common,0.5,512,0.0,128,0.8125,0.0,0.0
delta0.5_K512_radius0_common,common,0.5,512,0.0,128,0.84375,0.0,0.0
delta0.5_K512_radius0_common,common,0.5,512,0.0,128,0.875,0.0,0.0
delta0.5_K512_radius0_common,common,0.5,512,0.0,128,0.90625,0.0,0.0
delta0.5_K512_radius0_common,common,0.5,512,0.0,128,0.9375,0.0,0.0
delta0.5_K512_radius0_common,common,0.5,512,0.0,128,0.96875,0.0,0.0
delta0.5_K512_radius0_common,common,0.5,512,0.0,128,1.0,0.0,0.0
delta0.5_K512_radius1_aligned,aligned,0.5,512,1.0,128,-1.0,0.0,0.0
delta0.5_K512_radius1_aligned,aligned,0.5,512,1.0,128,-0.96875,0.0,0.0
delta0.5_K512_radius1_aligned,aligned,0.5,512,1.0,128,-0.9375,0.0,0.0
delta0.5_K512_radius1_aligned,aligned,0.5,512,1.0,128,-0.90625,0.0,0.0
delta0.5_K512_radius1_aligned,aligned,0.5,512,1.0,128,-0.875,0.0,0.0
delta0.5_K512_radius1_aligned,aligned,0.5,512,1.0,128,-0.84375,0.0,0.0
delta0.5_K512_radius1_aligned,aligned,0.5,512,1.0,128,-0.8125,0.0,0.0
delta0.5_K512_radius1_aligned,aligned,0.5,512,1.0,128,-0.78125,0.0,0.0
delta0.5_K512_radius1_aligned,aligned,0.5,512,1.0,128,-0.75,0.0,0.0
delta0.5_K512_radius1_aligned,aligned,0.5,512,1.0,128,-0.71875,0.0,0.0
delta0.5_K512_radius1_aligned,aligned,0.5,512,1.0,128,-0.6875,0.0,0.0
delta0.5_K512_radius1_aligned,aligned,0.5,512,1.0,128,-0.65625,0.0,0.0
delta0.5_K512_radius1_aligned,aligned,0.5,512,1.0,128,-0.625,0.0,0.0
delta0.5_K512_radius1_aligned,aligned,0.5,512,1.0,128,-0.59375,0.0,0.0
delta0.5_K512_radius1_aligned,aligned,0.5,512,1.0,128,-0.5625,0.0,0.0
delta0.5_K512_radius1_aligned,aligned,0.5,512,1.0,128,-0.53125,0.0,0.0
delta0.5_K512_radius1_aligned,aligned,0.5,512,1.0,128,-0.5,0.0,0.0
delta0.5_K512_radius1_aligned,aligned,0.5,512,1.0,128,-0.46875,0.0,0.0
delta0.5_K512_radius1_aligned,aligned,0.5,512,1.0,128,-0.4375,0.0,0.0
delta0.5_K512_radius1_aligned,aligned,0.5,512,1.0,128,-0.40625,0.0,0.0
delta0.5_K512_radius1_aligned,aligned,0.5,512,1.0,128,-0.375,0.0,0.0
delta0.5_K512_radius1_aligned,aligned,0.5,512,1.0,128,-0.34375,0.0,0.0
delta0.5_K512_radius1_aligned,aligned,0.5,512,1.0,128,-0.3125,0.0,0.0
delta0.5_K512_radius1_aligned,aligned,0.5,512,1.0,128,-0.28125,0.0,0.0
delta0.5_K512_radius1_aligned,aligned,0.5,512,1.0,128,-0.25,0.0,0.0
delta0.5_K512_radius1_aligned,aligned,0.5,512,1.0,128,-0.21875,0.0,0.0
delta0.5_K512_radius1_aligned,aligned,0.5,512,1.0,128,-0.1875,0.0,0.0
delta0.5_K512_radius1_aligned,aligned,0.5,512,1.0,128,-0.15625,0.0,0.0
delta0.5_K512_radius1_aligned,aligned,0.5,512,1.0,128,-0.125,0.0,0.0
delta0.5_K512_radius1_aligned,aligned,0.5,512,1.0,128,-0.09375,0.0,0.0
delta0.5_K512_radius1_aligned,aligned,0.5,512,1.0,128,-0.0625,0.0,0.0
delta0.5_K512_radius1_aligned,aligned,0.5,512,1.0,128,-0.03125,0.0,0.0
delta0.5_K512_radius1_aligned,aligned,0.5,512,1.0,128,0.0,0.0,0.0
delta0.5_K512_radius1_aligned,aligned,0.5,512,1.0,128,0.03125,0.0,0.0
delta0.5_K512_radius1_aligned,aligned,0.5,512,1.0,128,0.0625,0.0,0.0
delta0.5_K512_radius1_aligned,aligned,0.5,512,1.0,128,0.09375,0.0,0.0
delta0.5_K512_radius1_aligned,aligned,0.5,512,1.0,128,0.125,0.0,0.0
delta0.5_K512_radius1_aligned,aligned,0.5,512,1.0,128,0.15625,0.0,0.0
delta0.5_K512_radius1_aligned,aligned,0.5,512,1.0,128,0.1875,0.0,0.0
delta0.5_K512_radius1_aligned,aligned,0.5,512,1.0,128,0.21875,0.0,0.0
delta0.5_K512_radius1_aligned,aligned,0.5,512,1.0,128,0.25,0.0,0.0
delta0.5_K512_radius1_aligned,aligned,0.5,512,1.0,128,0.28125,0.0,0.0
delta0.5_K512_radius1_aligned,aligned,0.5,512,1.0,128,0.3125,0.0,0.0
delta0.5_K512_radius1_aligned,aligned,0.5,512,1.0,128,0.34375,0.0,0.0
delta0.5_K512_radius1_aligned,aligned,0.5,512,1.0,128,0.375,0.0,0.0
delta0.5_K512_radius1_aligned,aligned,0.5,512,1.0,128,0.40625,0.0,0.0
delta0.5_K512_radius1_aligned,aligned,0.5,512,1.0,128,0.4375,0.0,0.0
delta0.5_K512_radius1_aligned,aligned,0.5,512,1.0,128,0.46875,0.0,0.0
delta0.5_K512_radius1_aligned,aligned,0.5,512,1.0,128,0.5,0.0,0.0
delta0.5_K512_radius1_aligned,aligned,0.5,512,1.0,128,0.53125,0.0,0.0
delta0.5_K512_radius1_aligned,aligned,0.5,512,1.0,128,0.5625,0.0,0.0
delta0.5_K512_radius1_aligned,aligned,0.5,512,1.0,128,0.59375,0.0,0.0
delta0.5_K512_radius1_aligned,aligned,0.5,512,1.0,128,0.625,0.0,0.0
delta0.5_K512_radius1_aligned,aligned,0.5,512,1.0,128,0.65625,0.0,0.0
delta0.5_K512_radius1_aligned,aligned,0.5,512,1.0,128,0.6875,0.0,0.0
delta0.5_K512_radius1_aligned,aligned,0.5,512,1.0,128,0.71875,0.0,0.0
delta0.5_K512_radius1_aligned,aligned,0.5,512,1.0,128,0.75,0.0,0.0
delta0.5_K512_radius1_aligned,aligned,0.5,512,1.0,128,0.78125,0.0,0.0
delta0.5_K512_radius1_aligned,aligned,0.5,512,1.0,128,0.8125,0.0,0.0
delta0.5_K512_radius1_aligned,aligned,0.5,512,1.0,128,0.84375,0.0,0.0
delta0.5_K512_radius1_aligned,aligned,0.5,512,1.0,128,0.875,0.0,0.0
delta0.5_K512_radius1_aligned,aligned,0.5,512,1.0,128,0.90625,0.0,0.0
delta0.5_K512_radius1_aligned,aligned,0.5,512,1.0,128,0.9375,0.0,0.0
delta0.5_K512_radius1_aligned,aligned,0.5,512,1.0,128,0.96875,0.0,0.0
delta0.5_K512_radius1_aligned,aligned,0.5,512,1.0,128,1.0,0.0,0.0
delta0.5_K512_radius1_transverse,transverse,0.5,512,1.0,128,-1.0,-0.9999999999999519,-0.00027591156830231894
delta0.5_K512_radius1_transverse,transverse,0.5,512,1.0,128,-0.96875,-0.968749999999956,-0.0002672893317928722
delta0.5_K512_radius1_transverse,transverse,0.5,512,1.0,128,-0.9375,-0.9374999999999604,-0.00025866709528342554
delta0.5_K512_radius1_transverse,transverse,0.5,512,1.0,128,-0.90625,-0.9062499999999639,-0.0002500448587739786
delta0.5_K512_radius1_transverse,transverse,0.5,512,1.0,128,-0.875,-0.8749999999999677,-0.00024142262226453177
delta0.5_K512_radius1_transverse,transverse,0.5,512,1.0,128,-0.84375,-0.843749999999971,-0.00023280038575508482
delta0.5_K512_radius1_transverse,transverse,0.5,512,1.0,128,-0.8125,-0.8124999999999741,-0.0002241781492456378
delta0.5_K512_radius1_transverse,transverse,0.5,512,1.0,128,-0.78125,-0.7812499999999769,-0.00021555591273619067
delta0.5_K512_radius1_transverse,transverse,0.5,512,1.0,128,-0.75,-0.7499999999999797,-0.00020693367622674357
delta0.5_K512_radius1_transverse,transverse,0.5,512,1.0,128,-0.71875,-0.7187499999999821,-0.00019831143971729635
delta0.5_K512_radius1_transverse,transverse,0.5,512,1.0,128,-0.6875,-0.6874999999999843,-0.00018968920320784909
delta0.5_K512_radius1_transverse,transverse,0.5,512,1.0,128,-0.65625,-0.6562499999999865,-0.0001810669666984018
delta0.5_K512_radius1_transverse,transverse,0.5,512,1.0,128,-0.625,-0.6249999999999883,-0.00017244473018895442
delta0.5_K512_radius1_transverse,transverse,0.5,512,1.0,128,-0.59375,-0.5937499999999899,-0.00016382249367950696
delta0.5_K512_radius1_transverse,transverse,0.5,512,1.0,128,-0.5625,-0.5624999999999916,-0.00015520025717005953
delta0.5_K512_radius1_transverse,transverse,0.5,512,1.0,128,-0.53125,-0.5312499999999927,-0.00014657802066061197
delta0.5_K512_radius1_transverse,transverse,0.5,512,1.0,128,-0.5,-0.499999999999994,-0.00013795578415116446
delta0.5_K512_radius1_transverse,transverse,0.5,512,1.0,128,-0.46875,-0.4687499999999951,-0.0001293335476417169
delta0.5_K512_radius1_transverse,transverse,0.5,512,1.0,128,-0.4375,-0.437499999999996,-0.00012071131113226924
delta0.5_K512_radius1_transverse,transverse,0.5,512,1.0,128,-0.40625,-0.40624999999999684,-0.00011208907462282158
delta0.5_K512_radius1_transverse,transverse,0.5,512,1.0,128,-0.375,-0.3749999999999975,-0.0001034668381133739
delta0.5_K512_radius1_transverse,transverse,0.5,512,1.0,128,-0.34375,-0.34374999999999817,-9.48446016039262e-05
delta0.5_K512_radius1_transverse,transverse,0.5,512,1.0,128,-0.3125,-0.3124999999999986,-8.622236509447843e-05
delta0.5_K512_radius1_transverse,transverse,0.5,512,1.0,128,-0.28125,-0.281249999999999,-7.760012858503066e-05
delta0.5_K512_radius1_transverse,transverse,0.5,512,1.0,128,-0.25,-0.2499999999999993,-6.897789207558286e-05
delta0.5_K512_radius1_transverse,transverse,0.5,512,1.0,128,-0.21875,-0.21874999999999953,-6.035565556613504e-05
delta0.5_K512_radius1_transverse,transverse,0.5,512,1.0,128,-0.1875,-0.1874999999999997,-5.1733419056687206e-05
delta0.5_K512_radius1_transverse,transverse,0.5,512,1.0,128,-0.15625,-0.15624999999999983,-4.311118254723936e-05
delta0.5_K512_radius1_transverse,transverse,0.5,512,1.0,128,-0.125,-0.125000000000009,-3.448894603779401e-05
delta0.5_K512_radius1_transverse,transverse,0.5,512,1.0,128,-0.09375,-0.09375000000003142,-2.5866709528352314e-05
delta0.5_K512_radius1_transverse,transverse,0.5,512,1.0,128,-0.0625,-0.06249999999995115,-1.7244473018882286e-05
delta0.5_K512_radius1_transverse,transverse,0.5,512,1.0,128,-0.03125,-0.031249999999975575,-8.622236509441143e-06
delta0.5_K512_radius1_transverse,transverse,0.5,512,1.0,128,0.0,0.0,0.0
delta0.5_K512_radius1_transverse,transverse,0.5,512,1.0,128,0.03125,0.031249999999975575,8.622236509441143e-06
delta0.5_K512_radius1_transverse,transverse,0.5,512,1.0,128,0.0625,0.062499999999951594,1.7244473018882408e-05
delta0.5_K512_radius1_transverse,transverse,0.5,512,1.0,128,0.09375,0.09375000000003231,2.5866709528352558e-05
delta0.5_K512_radius1_transverse,transverse,0.5,512,1.0,128,0.125,0.12500000000000944,3.448894603779413e-05
delta0.5_K512_radius1_transverse,transverse,0.5,512,1.0,128,0.15625,0.15624999999999983,4.311118254723936e-05
delta0.5_K512_radius1_transverse,transverse,0.5,512,1.0,128,0.1875,0.18749999999999967,5.17334190566872e-05
delta0.5_K512_radius1_transverse,transverse,0.5,512,1.0,128,0.21875,0.2187499999999995,6.0355655566135035e-05
delta0.5_K512_radius1_transverse,transverse,0.5,512,1.0,128,0.25,0.24999999999999928,6.897789207558285e-05
delta0.5_K512_radius1_transverse,transverse,0.5,512,1.0,128,0.28125,0.281249999999999,7.760012858503066e-05
delta0.5_K512_radius1_transverse,transverse,0.5,512,1.0,128,0.3125,0.3124999999999986,8.622236509447843e-05
delta0.5_K512_radius1_transverse,transverse,0.5,512,1.0,128,0.34375,0.34374999999999817,9.48446016039262e-05
delta0.5_K512_radius1_transverse,transverse,0.5,512,1.0,128,0.375,0.3749999999999975,0.0001034668381133739
delta0.5_K512_radius1_transverse,transverse,0.5,512,1.0,128,0.40625,0.40624999999999684,0.00011208907462282158
delta0.5_K512_radius1_transverse,transverse,0.5,512,1.0,128,0.4375,0.437499999999996,0.00012071131113226924
delta0.5_K512_radius1_transverse,transverse,0.5,512,1.0,128,0.46875,0.4687499999999951,0.0001293335476417169
delta0.5_K512_radius1_transverse,transverse,0.5,512,1.0,128,0.5,0.4999999999999941,0.00013795578415116448
delta0.5_K512_radius1_transverse,transverse,0.5,512,1.0,128,0.53125,0.5312499999999929,0.00014657802066061202
delta0.5_K512_radius1_transverse,transverse,0.5,512,1.0,128,0.5625,0.5624999999999916,0.00015520025717005953
delta0.5_K512_radius1_transverse,transverse,0.5,512,1.0,128,0.59375,0.5937499999999899,0.00016382249367950696
delta0.5_K512_radius1_transverse,transverse,0.5,512,1.0,128,0.625,0.6249999999999882,0.0001724447301889544
delta0.5_K512_radius1_transverse,transverse,0.5,512,1.0,128,0.65625,0.6562499999999865,0.0001810669666984018
delta0.5_K512_radius1_transverse,transverse,0.5,512,1.0,128,0.6875,0.6874999999999843,0.00018968920320784909
delta0.5_K512_radius1_transverse,transverse,0.5,512,1.0,128,0.71875,0.7187499999999821,0.00019831143971729635
delta0.5_K512_radius1_transverse,transverse,0.5,512,1.0,128,0.75,0.7499999999999798,0.0002069336762267436
delta0.5_K512_radius1_transverse,transverse,0.5,512,1.0,128,0.78125,0.7812499999999769,0.00021555591273619067
delta0.5_K512_radius1_transverse,transverse,0.5,512,1.0,128,0.8125,0.8124999999999741,0.0002241781492456378
delta0.5_K512_radius1_transverse,transverse,0.5,512,1.0,128,0.84375,0.843749999999971,0.00023280038575508482
delta0.5_K512_radius1_transverse,transverse,0.5,512,1.0,128,0.875,0.8749999999999678,0.00024142262226453182
delta0.5_K512_radius1_transverse,transverse,0.5,512,1.0,128,0.90625,0.906249999999964,0.0002500448587739786
delta0.5_K512_radius1_transverse,transverse,0.5,512,1.0,128,0.9375,0.9374999999999603,0.0002586670952834255
delta0.5_K512_radius1_transverse,transverse,0.5,512,1.0,128,0.96875,0.9687499999999559,0.0002672893317928722
delta0.5_K512_radius1_transverse,transverse,0.5,512,1.0,128,1.0,0.9999999999999518,0.00027591156830231894
delta0.5_K512_radius0.125_aligned,aligned,0.5,512,0.125,128,-1.0,0.0,0.0
delta0.5_K512_radius0.125_aligned,aligned,0.5,512,0.125,128,-0.96875,0.0,0.0
delta0.5_K512_radius0.125_aligned,aligned,0.5,512,0.125,128,-0.9375,0.0,0.0
delta0.5_K512_radius0.125_aligned,aligned,0.5,512,0.125,128,-0.90625,0.0,0.0
delta0.5_K512_radius0.125_aligned,aligned,0.5,512,0.125,128,-0.875,0.0,0.0
delta0.5_K512_radius0.125_aligned,aligned,0.5,512,0.125,128,-0.84375,0.0,0.0
delta0.5_K512_radius0.125_aligned,aligned,0.5,512,0.125,128,-0.8125,0.0,0.0
delta0.5_K512_radius0.125_aligned,aligned,0.5,512,0.125,128,-0.78125,0.0,0.0
delta0.5_K512_radius0.125_aligned,aligned,0.5,512,0.125,128,-0.75,0.0,0.0
delta0.5_K512_radius0.125_aligned,aligned,0.5,512,0.125,128,-0.71875,0.0,0.0
delta0.5_K512_radius0.125_aligned,aligned,0.5,512,0.125,128,-0.6875,0.0,0.0
delta0.5_K512_radius0.125_aligned,aligned,0.5,512,0.125,128,-0.65625,0.0,0.0
delta0.5_K512_radius0.125_aligned,aligned,0.5,512,0.125,128,-0.625,0.0,0.0
delta0.5_K512_radius0.125_aligned,aligned,0.5,512,0.125,128,-0.59375,0.0,0.0
delta0.5_K512_radius0.125_aligned,aligned,0.5,512,0.125,128,-0.5625,0.0,0.0
delta0.5_K512_radius0.125_aligned,aligned,0.5,512,0.125,128,-0.53125,0.0,0.0
delta0.5_K512_radius0.125_aligned,aligned,0.5,512,0.125,128,-0.5,0.0,0.0
delta0.5_K512_radius0.125_aligned,aligned,0.5,512,0.125,128,-0.46875,0.0,0.0
delta0.5_K512_radius0.125_aligned,aligned,0.5,512,0.125,128,-0.4375,0.0,0.0
delta0.5_K512_radius0.125_aligned,aligned,0.5,512,0.125,128,-0.40625,0.0,0.0
delta0.5_K512_radius0.125_aligned,aligned,0.5,512,0.125,128,-0.375,0.0,0.0
delta0.5_K512_radius0.125_aligned,aligned,0.5,512,0.125,128,-0.34375,0.0,0.0
delta0.5_K512_radius0.125_aligned,aligned,0.5,512,0.125,128,-0.3125,0.0,0.0
delta0.5_K512_radius0.125_aligned,aligned,0.5,512,0.125,128,-0.28125,0.0,0.0
delta0.5_K512_radius0.125_aligned,aligned,0.5,512,0.125,128,-0.25,0.0,0.0
delta0.5_K512_radius0.125_aligned,aligned,0.5,512,0.125,128,-0.21875,0.0,0.0
delta0.5_K512_radius0.125_aligned,aligned,0.5,512,0.125,128,-0.1875,0.0,0.0
delta0.5_K512_radius0.125_aligned,aligned,0.5,512,0.125,128,-0.15625,0.0,0.0
delta0.5_K512_radius0.125_aligned,aligned,0.5,512,0.125,128,-0.125,0.0,0.0
delta0.5_K512_radius0.125_aligned,aligned,0.5,512,0.125,128,-0.09375,0.0,0.0
delta0.5_K512_radius0.125_aligned,aligned,0.5,512,0.125,128,-0.0625,0.0,0.0
delta0.5_K512_radius0.125_aligned,aligned,0.5,512,0.125,128,-0.03125,0.0,0.0
delta0.5_K512_radius0.125_aligned,aligned,0.5,512,0.125,128,0.0,0.0,0.0
delta0.5_K512_radius0.125_aligned,aligned,0.5,512,0.125,128,0.03125,0.0,0.0
delta0.5_K512_radius0.125_aligned,aligned,0.5,512,0.125,128,0.0625,0.0,0.0
delta0.5_K512_radius0.125_aligned,aligned,0.5,512,0.125,128,0.09375,0.0,0.0
delta0.5_K512_radius0.125_aligned,aligned,0.5,512,0.125,128,0.125,0.0,0.0
delta0.5_K512_radius0.125_aligned,aligned,0.5,512,0.125,128,0.15625,0.0,0.0
delta0.5_K512_radius0.125_aligned,aligned,0.5,512,0.125,128,0.1875,0.0,0.0
delta0.5_K512_radius0.125_aligned,aligned,0.5,512,0.125,128,0.21875,0.0,0.0
delta0.5_K512_radius0.125_aligned,aligned,0.5,512,0.125,128,0.25,0.0,0.0
delta0.5_K512_radius0.125_aligned,aligned,0.5,512,0.125,128,0.28125,0.0,0.0
delta0.5_K512_radius0.125_aligned,aligned,0.5,512,0.125,128,0.3125,0.0,0.0
delta0.5_K512_radius0.125_aligned,aligned,0.5,512,0.125,128,0.34375,0.0,0.0
delta0.5_K512_radius0.125_aligned,aligned,0.5,512,0.125,128,0.375,0.0,0.0
delta0.5_K512_radius0.125_aligned,aligned,0.5,512,0.125,128,0.40625,0.0,0.0
delta0.5_K512_radius0.125_aligned,aligned,0.5,512,0.125,128,0.4375,0.0,0.0
delta0.5_K512_radius0.125_aligned,aligned,0.5,512,0.125,128,0.46875,0.0,0.0
delta0.5_K512_radius0.125_aligned,aligned,0.5,512,0.125,128,0.5,0.0,0.0
delta0.5_K512_radius0.125_aligned,aligned,0.5,512,0.125,128,0.53125,0.0,0.0
delta0.5_K512_radius0.125_aligned,aligned,0.5,512,0.125,128,0.5625,0.0,0.0
delta0.5_K512_radius0.125_aligned,aligned,0.5,512,0.125,128,0.59375,0.0,0.0
delta0.5_K512_radius0.125_aligned,aligned,0.5,512,0.125,128,0.625,0.0,0.0
delta0.5_K512_radius0.125_aligned,aligned,0.5,512,0.125,128,0.65625,0.0,0.0
delta0.5_K512_radius0.125_aligned,aligned,0.5,512,0.125,128,0.6875,0.0,0.0
delta0.5_K512_radius0.125_aligned,aligned,0.5,512,0.125,128,0.71875,0.0,0.0
delta0.5_K512_radius0.125_aligned,aligned,0.5,512,0.125,128,0.75,0.0,0.0
delta0.5_K512_radius0.125_aligned,aligned,0.5,512,0.125,128,0.78125,0.0,0.0
delta0.5_K512_radius0.125_aligned,aligned,0.5,512,0.125,128,0.8125,0.0,0.0
delta0.5_K512_radius0.125_aligned,aligned,0.5,512,0.125,128,0.84375,0.0,0.0
delta0.5_K512_radius0.125_aligned,aligned,0.5,512,0.125,128,0.875,0.0,0.0
delta0.5_K512_radius0.125_aligned,aligned,0.5,512,0.125,128,0.90625,0.0,0.0
delta0.5_K512_radius0.125_aligned,aligned,0.5,512,0.125,128,0.9375,0.0,0.0
delta0.5_K512_radius0.125_aligned,aligned,0.5,512,0.125,128,0.96875,0.0,0.0
delta0.5_K512_radius0.125_aligned,aligned,0.5,512,0.125,128,1.0,0.0,0.0
delta0.5_K512_radius0.125_transverse,transverse,0.5,512,0.125,128,-1.0,-0.999999999999988,-3.4488946037791114e-05
delta0.5_K512_radius0.125_transverse,transverse,0.5,512,0.125,128,-0.96875,-0.9687499999999885,-3.341116647411014e-05
delta0.5_K512_radius0.125_transverse,transverse,0.5,512,0.125,128,-0.9375,-0.9374999999999889,-3.2333386910429175e-05
delta0.5_K512_radius0.125_transverse,transverse,0.5,512,0.125,128,-0.90625,-0.9062499999999889,-3.125560734674819e-05
delta0.5_K512_radius0.125_transverse,transverse,0.5,512,0.125,128,-0.875,-0.8749999999999893,-3.017782778306722e-05
delta0.5_K512_radius0.125_transverse,transverse,0.5,512,0.125,128,-0.84375,-0.8437499999999898,-2.910004821938625e-05
delta0.5_K512_radius0.125_transverse,transverse,0.5,512,0.125,128,-0.8125,-0.8124999999999902,-2.8022268655705277e-05
delta0.5_K512_radius0.125_transverse,transverse,0.5,512,0.125,128,-0.78125,-0.7812499999999902,-2.6944489092024295e-05
delta0.5_K512_radius0.125_transverse,transverse,0.5,512,0.125,128,-0.75,-0.7499999999999907,-2.5866709528343325e-05
delta0.5_K512_radius0.125_transverse,transverse,0.5,512,0.125,128,-0.71875,-0.7187499999999916,-2.478892996466237e-05
delta0.5_K512_radius0.125_transverse,transverse,0.5,512,0.125,128,-0.6875,-0.6874999999999916,-2.3711150400981383e-05
delta0.5_K512_radius0.125_transverse,transverse,0.5,512,0.125,128,-0.65625,-0.656249999999992,-2.2633370837300414e-05
delta0.5_K512_radius0.125_transverse,transverse,0.5,512,0.125,128,-0.625,-0.6249999999999925,-2.1555591273619444e-05
delta0.5_K512_radius0.125_transverse,transverse,0.5,512,0.125,128,-0.59375,-0.5937499999999929,-2.0477811709938475e-05
delta0.5_K512_radius0.125_transverse,transverse,0.5,512,0.125,128,-0.5625,-0.5624999999999929,-1.940003214625749e-05
delta0.5_K512_radius0.125_transverse,transverse,0.5,512,0.125,128,-0.53125,-0.5312499999999933,-1.832225258257652e-05
delta0.5_K512_radius0.125_transverse,transverse,0.5,512,0.125,128,-0.5,-0.4999999999999938,-1.724447301889555e-05
delta0.5_K512_radius0.125_transverse,transverse,0.5,512,0.125,128,-0.46875,-0.46874999999999467,-1.6166693455214594e-05
delta0.5_K512_radius0.125_transverse,transverse,0.5,512,0.125,128,-0.4375,-0.4374999999999951,-1.5088913891533625e-05
delta0.5_K512_radius0.125_transverse,transverse,0.5,512,0.125,128,-0.40625,-0.4062499999999951,-1.4011134327852639e-05
delta0.5_K512_radius0.125_transverse,transverse,0.5,512,0.125,128,-0.375,-0.37499999999999556,-1.293335476417167e-05
delta0.5_K512_radius0.125_transverse,transverse,0.5,512,0.125,128,-0.34375,-0.343749999999996,-1.18555752004907e-05
delta0.5_K512_radius0.125_transverse,transverse,0.5,512,0.125,128,-0.3125,-0.31249999999999645,-1.0777795636809729e-05
delta0.5_K512_radius0.125_transverse,transverse,0.5,512,0.125,128,-0.28125,-0.28124999999999645,-9.700016073128744e-06
delta0.5_K512_radius0.125_transverse,transverse,0.5,512,0.125,128,-0.25,-0.2499999999999969,-8.622236509447775e-06
delta0.5_K512_radius0.125_transverse,transverse,0.5,512,0.125,128,-0.21875,-0.21874999999999734,-7.544456945766805e-06
delta0.5_K512_radius0.125_transverse,transverse,0.5,512,0.125,128,-0.1875,-0.18749999999999778,-6.466677382085835e-06
delta0.5_K512_radius0.125_transverse,transverse,0.5,512,0.125,128,-0.15625,-0.15624999999999778,-5.388897818404849e-06
delta0.5_K512_radius0.125_transverse,transverse,0.5,512,0.125,128,-0.125,-0.12499999999999822,-4.31111825472388e-06
delta0.5_K512_radius0.125_transverse,transverse,0.5,512,0.125,128,-0.09375,-0.09374999999999867,-3.2333386910429097e-06
delta0.5_K512_radius0.125_transverse,transverse,0.5,512,0.125,128,-0.0625,-0.06249999999999911,-2.15555912736194e-06
delta0.5_K512_radius0.125_transverse,transverse,0.5,512,0.125,128,-0.03125,-0.031249999999999112,-1.0777795636809545e-06
delta0.5_K512_radius0.125_transverse,transverse,0.5,512,0.125,128,0.0,0.0,0.0
delta0.5_K512_radius0.125_transverse,transverse,0.5,512,0.125,128,0.03125,0.031249999999999556,1.07777956368097e-06
delta0.5_K512_radius0.125_transverse,transverse,0.5,512,0.125,128,0.0625,0.06249999999999911,2.15555912736194e-06
delta0.5_K512_radius0.125_transverse,transverse,0.5,512,0.125,128,0.09375,0.09374999999999911,3.233338691042925e-06
delta0.5_K512_radius0.125_transverse,transverse,0.5,512,0.125,128,0.125,0.12499999999999867,4.311118254723895e-06
delta0.5_K512_radius0.125_transverse,transverse,0.5,512,0.125,128,0.15625,0.15624999999999822,5.3888978184048645e-06
delta0.5_K512_radius0.125_transverse,transverse,0.5,512,0.125,128,0.1875,0.18749999999999778,6.466677382085835e-06
delta0.5_K512_radius0.125_transverse,transverse,0.5,512,0.125,128,0.21875,0.21874999999999778,7.54445694576682e-06
delta0.5_K512_radius0.125_transverse,transverse,0.5,512,0.125,128,0.25,0.24999999999999734,8.62223650944779e-06
delta0.5_K512_radius0.125_transverse,transverse,0.5,512,0.125,128,0.28125,0.2812499999999969,9.70001607312876e-06
delta0.5_K512_radius0.125_transverse,transverse,0.5,512,0.125,128,0.3125,0.31249999999999645,1.0777795636809729e-05
delta0.5_K512_radius0.125_transverse,transverse,0.5,512,0.125,128,0.34375,0.343749999999996,1.18555752004907e-05
delta0.5_K512_radius0.125_transverse,transverse,0.5,512,0.125,128,0.375,0.37499999999999556,1.293335476417167e-05
delta0.5_K512_radius0.125_transverse,transverse,0.5,512,0.125,128,0.40625,0.4062499999999951,1.4011134327852639e-05
delta0.5_K512_radius0.125_transverse,transverse,0.5,512,0.125,128,0.4375,0.4374999999999951,1.5088913891533625e-05
delta0.5_K512_radius0.125_transverse,transverse,0.5,512,0.125,128,0.46875,0.46874999999999467,1.6166693455214594e-05
delta0.5_K512_radius0.125_transverse,transverse,0.5,512,0.125,128,0.5,0.4999999999999942,1.7244473018895564e-05
delta0.5_K512_radius0.125_transverse,transverse,0.5,512,0.125,128,0.53125,0.5312499999999938,1.8322252582576533e-05
delta0.5_K512_radius0.125_transverse,transverse,0.5,512,0.125,128,0.5625,0.5624999999999938,1.940003214625752e-05
delta0.5_K512_radius0.125_transverse,transverse,0.5,512,0.125,128,0.59375,0.5937499999999929,2.0477811709938475e-05
delta0.5_K512_radius0.125_transverse,transverse,0.5,512,0.125,128,0.625,0.6249999999999925,2.1555591273619444e-05
delta0.5_K512_radius0.125_transverse,transverse,0.5,512,0.125,128,0.65625,0.656249999999992,2.2633370837300414e-05
delta0.5_K512_radius0.125_transverse,transverse,0.5,512,0.125,128,0.6875,0.6874999999999916,2.3711150400981383e-05
delta0.5_K512_radius0.125_transverse,transverse,0.5,512,0.125,128,0.71875,0.7187499999999916,2.478892996466237e-05
delta0.5_K512_radius0.125_transverse,transverse,0.5,512,0.125,128,0.75,0.7499999999999911,2.586670952834334e-05
delta0.5_K512_radius0.125_transverse,transverse,0.5,512,0.125,128,0.78125,0.7812499999999907,2.6944489092024308e-05
delta0.5_K512_radius0.125_transverse,transverse,0.5,512,0.125,128,0.8125,0.8124999999999902,2.8022268655705277e-05
delta0.5_K512_radius0.125_transverse,transverse,0.5,512,0.125,128,0.84375,0.8437499999999902,2.9100048219386264e-05
delta0.5_K512_radius0.125_transverse,transverse,0.5,512,0.125,128,0.875,0.8749999999999898,3.0177827783067233e-05
delta0.5_K512_radius0.125_transverse,transverse,0.5,512,0.125,128,0.90625,0.9062499999999893,3.12556073467482e-05
delta0.5_K512_radius0.125_transverse,transverse,0.5,512,0.125,128,0.9375,0.9374999999999889,3.2333386910429175e-05
delta0.5_K512_radius0.125_transverse,transverse,0.5,512,0.125,128,0.96875,0.9687499999999889,3.341116647411016e-05
delta0.5_K512_radius0.125_transverse,transverse,0.5,512,0.125,128,1.0,0.999999999999988,3.4488946037791114e-05
delta0.5_K512_radius0.015625_aligned,aligned,0.5,512,0.015625,128,-1.0,0.0,0.0
delta0.5_K512_radius0.015625_aligned,aligned,0.5,512,0.015625,128,-0.96875,0.0,0.0
delta0.5_K512_radius0.015625_aligned,aligned,0.5,512,0.015625,128,-0.9375,0.0,0.0
delta0.5_K512_radius0.015625_aligned,aligned,0.5,512,0.015625,128,-0.90625,0.0,0.0
delta0.5_K512_radius0.015625_aligned,aligned,0.5,512,0.015625,128,-0.875,0.0,0.0
delta0.5_K512_radius0.015625_aligned,aligned,0.5,512,0.015625,128,-0.84375,0.0,0.0
delta0.5_K512_radius0.015625_aligned,aligned,0.5,512,0.015625,128,-0.8125,0.0,0.0
delta0.5_K512_radius0.015625_aligned,aligned,0.5,512,0.015625,128,-0.78125,0.0,0.0
delta0.5_K512_radius0.015625_aligned,aligned,0.5,512,0.015625,128,-0.75,0.0,0.0
delta0.5_K512_radius0.015625_aligned,aligned,0.5,512,0.015625,128,-0.71875,0.0,0.0
delta0.5_K512_radius0.015625_aligned,aligned,0.5,512,0.015625,128,-0.6875,0.0,0.0
delta0.5_K512_radius0.015625_aligned,aligned,0.5,512,0.015625,128,-0.65625,0.0,0.0
delta0.5_K512_radius0.015625_aligned,aligned,0.5,512,0.015625,128,-0.625,0.0,0.0
delta0.5_K512_radius0.015625_aligned,aligned,0.5,512,0.015625,128,-0.59375,0.0,0.0
delta0.5_K512_radius0.015625_aligned,aligned,0.5,512,0.015625,128,-0.5625,0.0,0.0
delta0.5_K512_radius0.015625_aligned,aligned,0.5,512,0.015625,128,-0.53125,0.0,0.0
delta0.5_K512_radius0.015625_aligned,aligned,0.5,512,0.015625,128,-0.5,0.0,0.0
delta0.5_K512_radius0.015625_aligned,aligned,0.5,512,0.015625,128,-0.46875,0.0,0.0
delta0.5_K512_radius0.015625_aligned,aligned,0.5,512,0.015625,128,-0.4375,0.0,0.0
delta0.5_K512_radius0.015625_aligned,aligned,0.5,512,0.015625,128,-0.40625,0.0,0.0
delta0.5_K512_radius0.015625_aligned,aligned,0.5,512,0.015625,128,-0.375,0.0,0.0
delta0.5_K512_radius0.015625_aligned,aligned,0.5,512,0.015625,128,-0.34375,0.0,0.0
delta0.5_K512_radius0.015625_aligned,aligned,0.5,512,0.015625,128,-0.3125,0.0,0.0
delta0.5_K512_radius0.015625_aligned,aligned,0.5,512,0.015625,128,-0.28125,0.0,0.0
delta0.5_K512_radius0.015625_aligned,aligned,0.5,512,0.015625,128,-0.25,0.0,0.0
delta0.5_K512_radius0.015625_aligned,aligned,0.5,512,0.015625,128,-0.21875,0.0,0.0
delta0.5_K512_radius0.015625_aligned,aligned,0.5,512,0.015625,128,-0.1875,0.0,0.0
delta0.5_K512_radius0.015625_aligned,aligned,0.5,512,0.015625,128,-0.15625,0.0,0.0
delta0.5_K512_radius0.015625_aligned,aligned,0.5,512,0.015625,128,-0.125,0.0,0.0
delta0.5_K512_radius0.015625_aligned,aligned,0.5,512,0.015625,128,-0.09375,0.0,0.0
delta0.5_K512_radius0.015625_aligned,aligned,0.5,512,0.015625,128,-0.0625,0.0,0.0
delta0.5_K512_radius0.015625_aligned,aligned,0.5,512,0.015625,128,-0.03125,0.0,0.0
delta0.5_K512_radius0.015625_aligned,aligned,0.5,512,0.015625,128,0.0,0.0,0.0
delta0.5_K512_radius0.015625_aligned,aligned,0.5,512,0.015625,128,0.03125,0.0,0.0
delta0.5_K512_radius0.015625_aligned,aligned,0.5,512,0.015625,128,0.0625,0.0,0.0
delta0.5_K512_radius0.015625_aligned,aligned,0.5,512,0.015625,128,0.09375,0.0,0.0
delta0.5_K512_radius0.015625_aligned,aligned,0.5,512,0.015625,128,0.125,0.0,0.0
delta0.5_K512_radius0.015625_aligned,aligned,0.5,512,0.015625,128,0.15625,0.0,0.0
delta0.5_K512_radius0.015625_aligned,aligned,0.5,512,0.015625,128,0.1875,0.0,0.0
delta0.5_K512_radius0.015625_aligned,aligned,0.5,512,0.015625,128,0.21875,0.0,0.0
delta0.5_K512_radius0.015625_aligned,aligned,0.5,512,0.015625,128,0.25,0.0,0.0
delta0.5_K512_radius0.015625_aligned,aligned,0.5,512,0.015625,128,0.28125,0.0,0.0
delta0.5_K512_radius0.015625_aligned,aligned,0.5,512,0.015625,128,0.3125,0.0,0.0
delta0.5_K512_radius0.015625_aligned,aligned,0.5,512,0.015625,128,0.34375,0.0,0.0
delta0.5_K512_radius0.015625_aligned,aligned,0.5,512,0.015625,128,0.375,0.0,0.0
delta0.5_K512_radius0.015625_aligned,aligned,0.5,512,0.015625,128,0.40625,0.0,0.0
delta0.5_K512_radius0.015625_aligned,aligned,0.5,512,0.015625,128,0.4375,0.0,0.0
delta0.5_K512_radius0.015625_aligned,aligned,0.5,512,0.015625,128,0.46875,0.0,0.0
delta0.5_K512_radius0.015625_aligned,aligned,0.5,512,0.015625,128,0.5,0.0,0.0
delta0.5_K512_radius0.015625_aligned,aligned,0.5,512,0.015625,128,0.53125,0.0,0.0
delta0.5_K512_radius0.015625_aligned,aligned,0.5,512,0.015625,128,0.5625,0.0,0.0
delta0.5_K512_radius0.015625_aligned,aligned,0.5,512,0.015625,128,0.59375,0.0,0.0
delta0.5_K512_radius0.015625_aligned,aligned,0.5,512,0.015625,128,0.625,0.0,0.0
delta0.5_K512_radius0.015625_aligned,aligned,0.5,512,0.015625,128,0.65625,0.0,0.0
delta0.5_K512_radius0.015625_aligned,aligned,0.5,512,0.015625,128,0.6875,0.0,0.0
delta0.5_K512_radius0.015625_aligned,aligned,0.5,512,0.015625,128,0.71875,0.0,0.0
delta0.5_K512_radius0.015625_aligned,aligned,0.5,512,0.015625,128,0.75,0.0,0.0
delta0.5_K512_radius0.015625_aligned,aligned,0.5,512,0.015625,128,0.78125,0.0,0.0
delta0.5_K512_radius0.015625_aligned,aligned,0.5,512,0.015625,128,0.8125,0.0,0.0
delta0.5_K512_radius0.015625_aligned,aligned,0.5,512,0.015625,128,0.84375,0.0,0.0
delta0.5_K512_radius0.015625_aligned,aligned,0.5,512,0.015625,128,0.875,0.0,0.0
delta0.5_K512_radius0.015625_aligned,aligned,0.5,512,0.015625,128,0.90625,0.0,0.0
delta0.5_K512_radius0.015625_aligned,aligned,0.5,512,0.015625,128,0.9375,0.0,0.0
delta0.5_K512_radius0.015625_aligned,aligned,0.5,512,0.015625,128,0.96875,0.0,0.0
delta0.5_K512_radius0.015625_aligned,aligned,0.5,512,0.015625,128,1.0,0.0,0.0
delta0.5_K512_radius0.015625_transverse,transverse,0.5,512,0.015625,128,-1.0,-1.0000000000000004,-4.311118254723943e-06
delta0.5_K512_radius0.015625_transverse,transverse,0.5,512,0.015625,128,-0.96875,-0.96875,-4.176395809263818e-06
delta0.5_K512_radius0.015625_transverse,transverse,0.5,512,0.015625,128,-0.9375,-0.9375,-4.041673363803694e-06
delta0.5_K512_radius0.015625_transverse,transverse,0.5,512,0.015625,128,-0.90625,-0.90625,-3.906950918343571e-06
delta0.5_K512_radius0.015625_transverse,transverse,0.5,512,0.015625,128,-0.875,-0.875,-3.772228472883448e-06
delta0.5_K512_radius0.015625_transverse,transverse,0.5,512,0.015625,128,-0.84375,-0.84375,-3.6375060274233253e-06
delta0.5_K512_radius0.015625_transverse,transverse,0.5,512,0.015625,128,-0.8125,-0.8125,-3.502783581963202e-06
delta0.5_K512_radius0.015625_transverse,transverse,0.5,512,0.015625,128,-0.78125,-0.78125,-3.3680611365030787e-06
delta0.5_K512_radius0.015625_transverse,transverse,0.5,512,0.015625,128,-0.75,-0.75,-3.2333386910429555e-06
delta0.5_K512_radius0.015625_transverse,transverse,0.5,512,0.015625,128,-0.71875,-0.71875,-3.0986162455828326e-06
delta0.5_K512_radius0.015625_transverse,transverse,0.5,512,0.015625,128,-0.6875,-0.6875,-2.9638938001227093e-06
delta0.5_K512_radius0.015625_transverse,transverse,0.5,512,0.015625,128,-0.65625,-0.6562499999999996,-2.8291713546625843e-06
delta0.5_K512_radius0.015625_transverse,transverse,0.5,512,0.015625,128,-0.625,-0.6250000000000004,-2.694448909202465e-06
delta0.5_K512_radius0.015625_transverse,transverse,0.5,512,0.015625,128,-0.59375,-0.59375,-2.55972646374234e-06
delta0.5_K512_radius0.015625_transverse,transverse,0.5,512,0.015625,128,-0.5625,-0.5625,-2.4250040182822166e-06
delta0.5_K512_radius0.015625_transverse,transverse,0.5,512,0.015625,128,-0.53125,-0.53125,-2.2902815728220937e-06
delta0.5_K512_radius0.015625_transverse,transverse,0.5,512,0.015625,128,-0.5,-0.5,-2.1555591273619704e-06
delta0.5_K512_radius0.015625_transverse,transverse,0.5,512,0.015625,128,-0.46875,-0.46875,-2.020836681901847e-06
delta0.5_K512_radius0.015625_transverse,transverse,0.5,512,0.015625,128,-0.4375,-0.4375,-1.886114236441724e-06
delta0.5_K512_radius0.015625_transverse,transverse,0.5,512,0.015625,128,-0.40625,-0.40625,-1.751391790981601e-06
delta0.5_K512_radius0.015625_transverse,transverse,0.5,512,0.015625,128,-0.375,-0.375,-1.6166693455214777e-06
delta0.5_K512_radius0.015625_transverse,transverse,0.5,512,0.015625,128,-0.34375,-0.34375,-1.4819469000613547e-06
delta0.5_K512_radius0.015625_transverse,transverse,0.5,512,0.015625,128,-0.3125,-0.3125,-1.3472244546012316e-06
delta0.5_K512_radius0.015625_transverse,transverse,0.5,512,0.015625,128,-0.28125,-0.28124999999999956,-1.2125020091411064e-06
delta0.5_K512_radius0.015625_transverse,transverse,0.5,512,0.015625,128,-0.25,-0.25,-1.0777795636809852e-06
delta0.5_K512_radius0.015625_transverse,transverse,0.5,512,0.015625,128,-0.21875,-0.21875,-9.43057118220862e-07
delta0.5_K512_radius0.015625_transverse,transverse,0.5,512,0.015625,128,-0.1875,-0.1875,-8.083346727607389e-07
delta0.5_K512_radius0.015625_transverse,transverse,0.5,512,0.015625,128,-0.15625,-0.15625,-6.736122273006158e-07
delta0.5_K512_radius0.015625_transverse,transverse,0.5,512,0.015625,128,-0.125,-0.125,-5.388897818404926e-07
delta0.5_K512_radius0.015625_transverse,transverse,0.5,512,0.015625,128,-0.09375,-0.09375,-4.0416733638036943e-07
delta0.5_K512_radius0.015625_transverse,transverse,0.5,512,0.015625,128,-0.0625,-0.0625,-2.694448909202463e-07
delta0.5_K512_radius0.015625_transverse,transverse,0.5,512,0.015625,128,-0.03125,-0.03125,-1.3472244546012315e-07
delta0.5_K512_radius0.015625_transverse,transverse,0.5,512,0.015625,128,0.0,0.0,0.0
delta0.5_K512_radius0.015625_transverse,transverse,0.5,512,0.015625,128,0.03125,0.03125,1.3472244546012315e-07
delta0.5_K512_radius0.015625_transverse,transverse,0.5,512,0.015625,128,0.0625,0.0625,2.694448909202463e-07
delta0.5_K512_radius0.015625_transverse,transverse,0.5,512,0.015625,128,0.09375,0.09375,4.0416733638036943e-07
delta0.5_K512_radius0.015625_transverse,transverse,0.5,512,0.015625,128,0.125,0.125,5.388897818404926e-07
delta0.5_K512_radius0.015625_transverse,transverse,0.5,512,0.015625,128,0.15625,0.15625,6.736122273006158e-07
delta0.5_K512_radius0.015625_transverse,transverse,0.5,512,0.015625,128,0.1875,0.1875,8.083346727607389e-07
delta0.5_K512_radius0.015625_transverse,transverse,0.5,512,0.015625,128,0.21875,0.21875,9.43057118220862e-07
delta0.5_K512_radius0.015625_transverse,transverse,0.5,512,0.015625,128,0.25,0.25,1.0777795636809852e-06
delta0.5_K512_radius0.015625_transverse,transverse,0.5,512,0.015625,128,0.28125,0.28124999999999956,1.2125020091411064e-06
delta0.5_K512_radius0.015625_transverse,transverse,0.5,512,0.015625,128,0.3125,0.3125,1.3472244546012316e-06
delta0.5_K512_radius0.015625_transverse,transverse,0.5,512,0.015625,128,0.34375,0.34375,1.4819469000613547e-06
delta0.5_K512_radius0.015625_transverse,transverse,0.5,512,0.015625,128,0.375,0.375,1.6166693455214777e-06
delta0.5_K512_radius0.015625_transverse,transverse,0.5,512,0.015625,128,0.40625,0.40625,1.751391790981601e-06
delta0.5_K512_radius0.015625_transverse,transverse,0.5,512,0.015625,128,0.4375,0.4375,1.886114236441724e-06
delta0.5_K512_radius0.015625_transverse,transverse,0.5,512,0.015625,128,0.46875,0.46875,2.020836681901847e-06
delta0.5_K512_radius0.015625_transverse,transverse,0.5,512,0.015625,128,0.5,0.5,2.1555591273619704e-06
delta0.5_K512_radius0.015625_transverse,transverse,0.5,512,0.015625,128,0.53125,0.53125,2.2902815728220937e-06
delta0.5_K512_radius0.015625_transverse,transverse,0.5,512,0.015625,128,0.5625,0.5625,2.4250040182822166e-06
delta0.5_K512_radius0.015625_transverse,transverse,0.5,512,0.015625,128,0.59375,0.59375,2.55972646374234e-06
delta0.5_K512_radius0.015625_transverse,transverse,0.5,512,0.015625,128,0.625,0.6250000000000004,2.694448909202465e-06
delta0.5_K512_radius0.015625_transverse,transverse,0.5,512,0.015625,128,0.65625,0.6562499999999996,2.8291713546625843e-06
delta0.5_K512_radius0.015625_transverse,transverse,0.5,512,0.015625,128,0.6875,0.6875,2.9638938001227093e-06
delta0.5_K512_radius0.015625_transverse,transverse,0.5,512,0.015625,128,0.71875,0.71875,3.0986162455828326e-06
delta0.5_K512_radius0.015625_transverse,transverse,0.5,512,0.015625,128,0.75,0.75,3.2333386910429555e-06
delta0.5_K512_radius0.015625_transverse,transverse,0.5,512,0.015625,128,0.78125,0.78125,3.3680611365030787e-06
delta0.5_K512_radius0.015625_transverse,transverse,0.5,512,0.015625,128,0.8125,0.8125,3.502783581963202e-06
delta0.5_K512_radius0.015625_transverse,transverse,0.5,512,0.015625,128,0.84375,0.84375,3.6375060274233253e-06
delta0.5_K512_radius0.015625_transverse,transverse,0.5,512,0.015625,128,0.875,0.875,3.772228472883448e-06
delta0.5_K512_radius0.015625_transverse,transverse,0.5,512,0.015625,128,0.90625,0.90625,3.906950918343571e-06
delta0.5_K512_radius0.015625_transverse,transverse,0.5,512,0.015625,128,0.9375,0.9375,4.041673363803694e-06
delta0.5_K512_radius0.015625_transverse,transverse,0.5,512,0.015625,128,0.96875,0.96875,4.176395809263818e-06
delta0.5_K512_radius0.015625_transverse,transverse,0.5,512,0.015625,128,1.0,1.0000000000000004,4.311118254723943e-06
delta1_K32_radius0_common,common,1.0,32,0.0,128,-1.0,1.1102230246251565e-16,1.1102230246251565e-16
delta1_K32_radius0_common,common,1.0,32,0.0,128,-0.96875,1.1102230246251565e-16,1.1102230246251565e-16
delta1_K32_radius0_common,common,1.0,32,0.0,128,-0.9375,1.1102230246251565e-16,1.1102230246251565e-16
delta1_K32_radius0_common,common,1.0,32,0.0,128,-0.90625,1.1102230246251565e-16,1.1102230246251565e-16
delta1_K32_radius0_common,common,1.0,32,0.0,128,-0.875,1.1102230246251565e-16,1.1102230246251565e-16
delta1_K32_radius0_common,common,1.0,32,0.0,128,-0.84375,1.1102230246251565e-16,1.1102230246251565e-16
delta1_K32_radius0_common,common,1.0,32,0.0,128,-0.8125,1.1102230246251565e-16,1.1102230246251565e-16
delta1_K32_radius0_common,common,1.0,32,0.0,128,-0.78125,1.1102230246251565e-16,1.1102230246251565e-16
delta1_K32_radius0_common,common,1.0,32,0.0,128,-0.75,1.1102230246251565e-16,1.1102230246251565e-16
delta1_K32_radius0_common,common,1.0,32,0.0,128,-0.71875,1.1102230246251565e-16,1.1102230246251565e-16
delta1_K32_radius0_common,common,1.0,32,0.0,128,-0.6875,1.1102230246251565e-16,1.1102230246251565e-16
delta1_K32_radius0_common,common,1.0,32,0.0,128,-0.65625,1.1102230246251565e-16,1.1102230246251565e-16
delta1_K32_radius0_common,common,1.0,32,0.0,128,-0.625,1.1102230246251565e-16,1.1102230246251565e-16
delta1_K32_radius0_common,common,1.0,32,0.0,128,-0.59375,1.1102230246251565e-16,1.1102230246251565e-16
delta1_K32_radius0_common,common,1.0,32,0.0,128,-0.5625,1.1102230246251565e-16,1.1102230246251565e-16
delta1_K32_radius0_common,common,1.0,32,0.0,128,-0.53125,1.1102230246251565e-16,1.1102230246251565e-16
delta1_K32_radius0_common,common,1.0,32,0.0,128,-0.5,1.1102230246251565e-16,1.1102230246251565e-16
delta1_K32_radius0_common,common,1.0,32,0.0,128,-0.46875,1.1102230246251565e-16,1.1102230246251565e-16
delta1_K32_radius0_common,common,1.0,32,0.0,128,-0.4375,1.1102230246251565e-16,1.1102230246251565e-16
delta1_K32_radius0_common,common,1.0,32,0.0,128,-0.40625,1.1102230246251565e-16,1.1102230246251565e-16
delta1_K32_radius0_common,common,1.0,32,0.0,128,-0.375,1.1102230246251565e-16,1.1102230246251565e-16
delta1_K32_radius0_common,common,1.0,32,0.0,128,-0.34375,1.1102230246251565e-16,1.1102230246251565e-16
delta1_K32_radius0_common,common,1.0,32,0.0,128,-0.3125,1.1102230246251565e-16,1.1102230246251565e-16
delta1_K32_radius0_common,common,1.0,32,0.0,128,-0.28125,1.1102230246251565e-16,1.1102230246251565e-16
delta1_K32_radius0_common,common,1.0,32,0.0,128,-0.25,1.1102230246251565e-16,1.1102230246251565e-16
delta1_K32_radius0_common,common,1.0,32,0.0,128,-0.21875,1.1102230246251565e-16,1.1102230246251565e-16
delta1_K32_radius0_common,common,1.0,32,0.0,128,-0.1875,1.1102230246251565e-16,1.1102230246251565e-16
delta1_K32_radius0_common,common,1.0,32,0.0,128,-0.15625,1.1102230246251565e-16,1.1102230246251565e-16
delta1_K32_radius0_common,common,1.0,32,0.0,128,-0.125,1.1102230246251565e-16,1.1102230246251565e-16
delta1_K32_radius0_common,common,1.0,32,0.0,128,-0.09375,1.1102230246251565e-16,1.1102230246251565e-16
delta1_K32_radius0_common,common,1.0,32,0.0,128,-0.0625,1.1102230246251565e-16,1.1102230246251565e-16
delta1_K32_radius0_common,common,1.0,32,0.0,128,-0.03125,1.1102230246251565e-16,1.1102230246251565e-16
delta1_K32_radius0_common,common,1.0,32,0.0,128,0.0,1.1102230246251565e-16,1.1102230246251565e-16
delta1_K32_radius0_common,common,1.0,32,0.0,128,0.03125,1.1102230246251565e-16,1.1102230246251565e-16
delta1_K32_radius0_common,common,1.0,32,0.0,128,0.0625,1.1102230246251565e-16,1.1102230246251565e-16
delta1_K32_radius0_common,common,1.0,32,0.0,128,0.09375,1.1102230246251565e-16,1.1102230246251565e-16
delta1_K32_radius0_common,common,1.0,32,0.0,128,0.125,1.1102230246251565e-16,1.1102230246251565e-16
delta1_K32_radius0_common,common,1.0,32,0.0,128,0.15625,1.1102230246251565e-16,1.1102230246251565e-16
delta1_K32_radius0_common,common,1.0,32,0.0,128,0.1875,1.1102230246251565e-16,1.1102230246251565e-16
delta1_K32_radius0_common,common,1.0,32,0.0,128,0.21875,1.1102230246251565e-16,1.1102230246251565e-16
delta1_K32_radius0_common,common,1.0,32,0.0,128,0.25,1.1102230246251565e-16,1.1102230246251565e-16
delta1_K32_radius0_common,common,1.0,32,0.0,128,0.28125,1.1102230246251565e-16,1.1102230246251565e-16
delta1_K32_radius0_common,common,1.0,32,0.0,128,0.3125,1.1102230246251565e-16,1.1102230246251565e-16
delta1_K32_radius0_common,common,1.0,32,0.0,128,0.34375,1.1102230246251565e-16,1.1102230246251565e-16
delta1_K32_radius0_common,common,1.0,32,0.0,128,0.375,1.1102230246251565e-16,1.1102230246251565e-16
delta1_K32_radius0_common,common,1.0,32,0.0,128,0.40625,1.1102230246251565e-16,1.1102230246251565e-16
delta1_K32_radius0_common,common,1.0,32,0.0,128,0.4375,1.1102230246251565e-16,1.1102230246251565e-16
delta1_K32_radius0_common,common,1.0,32,0.0,128,0.46875,1.1102230246251565e-16,1.1102230246251565e-16
delta1_K32_radius0_common,common,1.0,32,0.0,128,0.5,1.1102230246251565e-16,1.1102230246251565e-16
delta1_K32_radius0_common,common,1.0,32,0.0,128,0.53125,1.1102230246251565e-16,1.1102230246251565e-16
delta1_K32_radius0_common,common,1.0,32,0.0,128,0.5625,1.1102230246251565e-16,1.1102230246251565e-16
delta1_K32_radius0_common,common,1.0,32,0.0,128,0.59375,1.1102230246251565e-16,1.1102230246251565e-16
delta1_K32_radius0_common,common,1.0,32,0.0,128,0.625,1.1102230246251565e-16,1.1102230246251565e-16
delta1_K32_radius0_common,common,1.0,32,0.0,128,0.65625,1.1102230246251565e-16,1.1102230246251565e-16
delta1_K32_radius0_common,common,1.0,32,0.0,128,0.6875,1.1102230246251565e-16,1.1102230246251565e-16
delta1_K32_radius0_common,common,1.0,32,0.0,128,0.71875,1.1102230246251565e-16,1.1102230246251565e-16
delta1_K32_radius0_common,common,1.0,32,0.0,128,0.75,1.1102230246251565e-16,1.1102230246251565e-16
delta1_K32_radius0_common,common,1.0,32,0.0,128,0.78125,1.1102230246251565e-16,1.1102230246251565e-16
delta1_K32_radius0_common,common,1.0,32,0.0,128,0.8125,1.1102230246251565e-16,1.1102230246251565e-16
delta1_K32_radius0_common,common,1.0,32,0.0,128,0.84375,1.1102230246251565e-16,1.1102230246251565e-16
delta1_K32_radius0_common,common,1.0,32,0.0,128,0.875,1.1102230246251565e-16,1.1102230246251565e-16
delta1_K32_radius0_common,common,1.0,32,0.0,128,0.90625,1.1102230246251565e-16,1.1102230246251565e-16
delta1_K32_radius0_common,common,1.0,32,0.0,128,0.9375,1.1102230246251565e-16,1.1102230246251565e-16
delta1_K32_radius0_common,common,1.0,32,0.0,128,0.96875,1.1102230246251565e-16,1.1102230246251565e-16
delta1_K32_radius0_common,common,1.0,32,0.0,128,1.0,1.1102230246251565e-16,1.1102230246251565e-16
delta1_K32_radius1_aligned,aligned,1.0,32,1.0,128,-1.0,0.0,0.0
delta1_K32_radius1_aligned,aligned,1.0,32,1.0,128,-0.96875,0.0,0.0
delta1_K32_radius1_aligned,aligned,1.0,32,1.0,128,-0.9375,0.0,0.0
delta1_K32_radius1_aligned,aligned,1.0,32,1.0,128,-0.90625,0.0,0.0
delta1_K32_radius1_aligned,aligned,1.0,32,1.0,128,-0.875,0.0,0.0
delta1_K32_radius1_aligned,aligned,1.0,32,1.0,128,-0.84375,0.0,0.0
delta1_K32_radius1_aligned,aligned,1.0,32,1.0,128,-0.8125,0.0,0.0
delta1_K32_radius1_aligned,aligned,1.0,32,1.0,128,-0.78125,0.0,0.0
delta1_K32_radius1_aligned,aligned,1.0,32,1.0,128,-0.75,0.0,0.0
delta1_K32_radius1_aligned,aligned,1.0,32,1.0,128,-0.71875,0.0,0.0
delta1_K32_radius1_aligned,aligned,1.0,32,1.0,128,-0.6875,0.0,0.0
delta1_K32_radius1_aligned,aligned,1.0,32,1.0,128,-0.65625,0.0,0.0
delta1_K32_radius1_aligned,aligned,1.0,32,1.0,128,-0.625,0.0,0.0
delta1_K32_radius1_aligned,aligned,1.0,32,1.0,128,-0.59375,0.0,0.0
delta1_K32_radius1_aligned,aligned,1.0,32,1.0,128,-0.5625,0.0,0.0
delta1_K32_radius1_aligned,aligned,1.0,32,1.0,128,-0.53125,0.0,0.0
delta1_K32_radius1_aligned,aligned,1.0,32,1.0,128,-0.5,0.0,0.0
delta1_K32_radius1_aligned,aligned,1.0,32,1.0,128,-0.46875,0.0,0.0
delta1_K32_radius1_aligned,aligned,1.0,32,1.0,128,-0.4375,0.0,0.0
delta1_K32_radius1_aligned,aligned,1.0,32,1.0,128,-0.40625,0.0,0.0
delta1_K32_radius1_aligned,aligned,1.0,32,1.0,128,-0.375,0.0,0.0
delta1_K32_radius1_aligned,aligned,1.0,32,1.0,128,-0.34375,0.0,0.0
delta1_K32_radius1_aligned,aligned,1.0,32,1.0,128,-0.3125,0.0,0.0
delta1_K32_radius1_aligned,aligned,1.0,32,1.0,128,-0.28125,0.0,0.0
delta1_K32_radius1_aligned,aligned,1.0,32,1.0,128,-0.25,0.0,0.0
delta1_K32_radius1_aligned,aligned,1.0,32,1.0,128,-0.21875,0.0,0.0
delta1_K32_radius1_aligned,aligned,1.0,32,1.0,128,-0.1875,0.0,0.0
delta1_K32_radius1_aligned,aligned,1.0,32,1.0,128,-0.15625,0.0,0.0
delta1_K32_radius1_aligned,aligned,1.0,32,1.0,128,-0.125,0.0,0.0
delta1_K32_radius1_aligned,aligned,1.0,32,1.0,128,-0.09375,0.0,0.0
delta1_K32_radius1_aligned,aligned,1.0,32,1.0,128,-0.0625,0.0,0.0
delta1_K32_radius1_aligned,aligned,1.0,32,1.0,128,-0.03125,0.0,0.0
delta1_K32_radius1_aligned,aligned,1.0,32,1.0,128,0.0,0.0,0.0
delta1_K32_radius1_aligned,aligned,1.0,32,1.0,128,0.03125,0.0,0.0
delta1_K32_radius1_aligned,aligned,1.0,32,1.0,128,0.0625,0.0,0.0
delta1_K32_radius1_aligned,aligned,1.0,32,1.0,128,0.09375,0.0,0.0
delta1_K32_radius1_aligned,aligned,1.0,32,1.0,128,0.125,0.0,0.0
delta1_K32_radius1_aligned,aligned,1.0,32,1.0,128,0.15625,0.0,0.0
delta1_K32_radius1_aligned,aligned,1.0,32,1.0,128,0.1875,0.0,0.0
delta1_K32_radius1_aligned,aligned,1.0,32,1.0,128,0.21875,0.0,0.0
delta1_K32_radius1_aligned,aligned,1.0,32,1.0,128,0.25,0.0,0.0
delta1_K32_radius1_aligned,aligned,1.0,32,1.0,128,0.28125,0.0,0.0
delta1_K32_radius1_aligned,aligned,1.0,32,1.0,128,0.3125,0.0,0.0
delta1_K32_radius1_aligned,aligned,1.0,32,1.0,128,0.34375,0.0,0.0
delta1_K32_radius1_aligned,aligned,1.0,32,1.0,128,0.375,0.0,0.0
delta1_K32_radius1_aligned,aligned,1.0,32,1.0,128,0.40625,0.0,0.0
delta1_K32_radius1_aligned,aligned,1.0,32,1.0,128,0.4375,0.0,0.0
delta1_K32_radius1_aligned,aligned,1.0,32,1.0,128,0.46875,0.0,0.0
delta1_K32_radius1_aligned,aligned,1.0,32,1.0,128,0.5,0.0,0.0
delta1_K32_radius1_aligned,aligned,1.0,32,1.0,128,0.53125,0.0,0.0
delta1_K32_radius1_aligned,aligned,1.0,32,1.0,128,0.5625,0.0,0.0
delta1_K32_radius1_aligned,aligned,1.0,32,1.0,128,0.59375,0.0,0.0
delta1_K32_radius1_aligned,aligned,1.0,32,1.0,128,0.625,0.0,0.0
delta1_K32_radius1_aligned,aligned,1.0,32,1.0,128,0.65625,0.0,0.0
delta1_K32_radius1_aligned,aligned,1.0,32,1.0,128,0.6875,0.0,0.0
delta1_K32_radius1_aligned,aligned,1.0,32,1.0,128,0.71875,0.0,0.0
delta1_K32_radius1_aligned,aligned,1.0,32,1.0,128,0.75,0.0,0.0
delta1_K32_radius1_aligned,aligned,1.0,32,1.0,128,0.78125,0.0,0.0
delta1_K32_radius1_aligned,aligned,1.0,32,1.0,128,0.8125,0.0,0.0
delta1_K32_radius1_aligned,aligned,1.0,32,1.0,128,0.84375,0.0,0.0
delta1_K32_radius1_aligned,aligned,1.0,32,1.0,128,0.875,0.0,0.0
delta1_K32_radius1_aligned,aligned,1.0,32,1.0,128,0.90625,0.0,0.0
delta1_K32_radius1_aligned,aligned,1.0,32,1.0,128,0.9375,0.0,0.0
delta1_K32_radius1_aligned,aligned,1.0,32,1.0,128,0.96875,0.0,0.0
delta1_K32_radius1_aligned,aligned,1.0,32,1.0,128,1.0,0.0,0.0
delta1_K32_radius1_transverse,transverse,1.0,32,1.0,128,-1.0,-0.9999999999937931,-0.0001953095196528604
delta1_K32_radius1_transverse,transverse,1.0,32,1.0,128,-0.96875,-0.9687499999943571,-0.0001892060971637808
delta1_K32_radius1_transverse,transverse,1.0,32,1.0,128,-0.9375,-0.9374999999948856,-0.00018310267467469427
delta1_K32_radius1_transverse,transverse,1.0,32,1.0,128,-0.90625,-0.9062499999953803,-0.0001769992521856011
delta1_K32_radius1_transverse,transverse,1.0,32,1.0,128,-0.875,-0.8749999999958419,-0.00017089582969650148
delta1_K32_radius1_transverse,transverse,1.0,32,1.0,128,-0.84375,-0.8437499999962716,-0.00016479240720739566
delta1_K32_radius1_transverse,transverse,1.0,32,1.0,128,-0.8125,-0.8124999999966707,-0.0001586889847182838
delta1_K32_radius1_transverse,transverse,1.0,32,1.0,128,-0.78125,-0.7812499999970405,-0.00015258556222916628
delta1_K32_radius1_transverse,transverse,1.0,32,1.0,128,-0.75,-0.7499999999973815,-0.0001464821397400431
delta1_K32_radius1_transverse,transverse,1.0,32,1.0,128,-0.71875,-0.7187499999976954,-0.00014037871725091464
delta1_K32_radius1_transverse,transverse,1.0,32,1.0,128,-0.6875,-0.687499999997983,-0.00013427529476178103
delta1_K32_radius1_transverse,transverse,1.0,32,1.0,128,-0.65625,-0.6562499999982457,-0.00012817187227264257
delta1_K32_radius1_transverse,transverse,1.0,32,1.0,128,-0.625,-0.6249999999984845,-0.00012206844978349945
delta1_K32_radius1_transverse,transverse,1.0,32,1.0,128,-0.59375,-0.5937499999987008,-0.00011596502729435191
delta1_K32_radius1_transverse,transverse,1.0,32,1.0,128,-0.5625,-0.5624999999988953,-0.00010986160480520013
delta1_K32_radius1_transverse,transverse,1.0,32,1.0,128,-0.53125,-0.5312499999990694,-0.00010375818231604436
delta1_K32_radius1_transverse,transverse,1.0,32,1.0,128,-0.5,-0.4999999999992242,-9.765475982688481e-05
delta1_K32_radius1_transverse,transverse,1.0,32,1.0,128,-0.46875,-0.46874999999936073,-9.155133733772171e-05
delta1_K32_radius1_transverse,transverse,1.0,32,1.0,128,-0.4375,-0.4374999999994803,-8.544791484855529e-05
delta1_K32_radius1_transverse,transverse,1.0,32,1.0,128,-0.40625,-0.40624999999958394,-7.934449235938577e-05
delta1_K32_radius1_transverse,transverse,1.0,32,1.0,128,-0.375,-0.37499999999967265,-7.324106987021332e-05
delta1_K32_radius1_transverse,transverse,1.0,32,1.0,128,-0.34375,-0.3437499999997479,-6.713764738103825e-05
delta1_K32_radius1_transverse,transverse,1.0,32,1.0,128,-0.3125,-0.3124999999998106,-6.103422489186072e-05
delta1_K32_radius1_transverse,transverse,1.0,32,1.0,128,-0.28125,-0.281249999999862,-5.493080240268099e-05
delta1_K32_radius1_transverse,transverse,1.0,32,1.0,128,-0.25,-0.24999999999990308,-4.882737991349924e-05
delta1_K32_radius1_transverse,transverse,1.0,32,1.0,128,-0.21875,-0.21874999999993508,-4.272395742431572e-05
delta1_K32_radius1_transverse,transverse,1.0,32,1.0,128,-0.1875,-0.18749999999995912,-3.662053493513064e-05
delta1_K32_radius1_transverse,transverse,1.0,32,1.0,128,-0.15625,-0.15624999999997635,-3.0517112445944238e-05
delta1_K32_radius1_transverse,transverse,1.0,32,1.0,128,-0.125,-0.12499999999998791,-2.4413689956756724e-05
delta1_K32_radius1_transverse,transverse,1.0,32,1.0,128,-0.09375,-0.09374999999999489,-1.8310267467568316e-05
delta1_K32_radius1_transverse,transverse,1.0,32,1.0,128,-0.0625,-0.0624999999999985,-1.220684497837925e-05
delta1_K32_radius1_transverse,transverse,1.0,32,1.0,128,-0.03125,-0.031249999999999813,-6.103422489189735e-06
delta1_K32_radius1_transverse,transverse,1.0,32,1.0,128,0.0,0.0,0.0
delta1_K32_radius1_transverse,transverse,1.0,32,1.0,128,0.03125,0.031249999999999816,6.103422489189736e-06
delta1_K32_radius1_transverse,transverse,1.0,32,1.0,128,0.0625,0.062499999999998494,1.2206844978379248e-05
delta1_K32_radius1_transverse,transverse,1.0,32,1.0,128,0.09375,0.0937499999999949,1.831026746756832e-05
delta1_K32_radius1_transverse,transverse,1.0,32,1.0,128,0.125,0.12499999999998788,2.441368995675672e-05
delta1_K32_radius1_transverse,transverse,1.0,32,1.0,128,0.15625,0.15624999999997632,3.051711244594423e-05
delta1_K32_radius1_transverse,transverse,1.0,32,1.0,128,0.1875,0.1874999999999591,3.662053493513064e-05
delta1_K32_radius1_transverse,transverse,1.0,32,1.0,128,0.21875,0.21874999999993508,4.272395742431572e-05
delta1_K32_radius1_transverse,transverse,1.0,32,1.0,128,0.25,0.24999999999990308,4.882737991349924e-05
delta1_K32_radius1_transverse,transverse,1.0,32,1.0,128,0.28125,0.28124999999986194,5.493080240268098e-05
delta1_K32_radius1_transverse,transverse,1.0,32,1.0,128,0.3125,0.3124999999998106,6.103422489186072e-05
delta1_K32_radius1_transverse,transverse,1.0,32,1.0,128,0.34375,0.343749999999748,6.713764738103827e-05
delta1_K32_radius1_transverse,transverse,1.0,32,1.0,128,0.375,0.3749999999996727,7.324106987021333e-05
delta1_K32_radius1_transverse,transverse,1.0,32,1.0,128,0.40625,0.40624999999958394,7.934449235938577e-05
delta1_K32_radius1_transverse,transverse,1.0,32,1.0,128,0.4375,0.43749999999948025,8.544791484855529e-05
delta1_K32_radius1_transverse,transverse,1.0,32,1.0,128,0.46875,0.46874999999936073,9.155133733772171e-05
delta1_K32_radius1_transverse,transverse,1.0,32,1.0,128,0.5,0.49999999999922434,9.765475982688485e-05
delta1_K32_radius1_transverse,transverse,1.0,32,1.0,128,0.53125,0.5312499999990694,0.00010375818231604436
delta1_K32_radius1_transverse,transverse,1.0,32,1.0,128,0.5625,0.5624999999988953,0.00010986160480520013
delta1_K32_radius1_transverse,transverse,1.0,32,1.0,128,0.59375,0.5937499999987008,0.00011596502729435191
delta1_K32_radius1_transverse,transverse,1.0,32,1.0,128,0.625,0.6249999999984847,0.00012206844978349946
delta1_K32_radius1_transverse,transverse,1.0,32,1.0,128,0.65625,0.6562499999982457,0.00012817187227264257
delta1_K32_radius1_transverse,transverse,1.0,32,1.0,128,0.6875,0.6874999999979831,0.00013427529476178103
delta1_K32_radius1_transverse,transverse,1.0,32,1.0,128,0.71875,0.7187499999976954,0.00014037871725091464
delta1_K32_radius1_transverse,transverse,1.0,32,1.0,128,0.75,0.7499999999973815,0.0001464821397400431
delta1_K32_radius1_transverse,transverse,1.0,32,1.0,128,0.78125,0.7812499999970405,0.00015258556222916628
delta1_K32_radius1_transverse,transverse,1.0,32,1.0,128,0.8125,0.8124999999966709,0.00015868898471828384
delta1_K32_radius1_transverse,transverse,1.0,32,1.0,128,0.84375,0.8437499999962718,0.00016479240720739566
delta1_K32_radius1_transverse,transverse,1.0,32,1.0,128,0.875,0.874999999995842,0.0001708958296965015
delta1_K32_radius1_transverse,transverse,1.0,32,1.0,128,0.90625,0.9062499999953803,0.0001769992521856011
delta1_K32_radius1_transverse,transverse,1.0,32,1.0,128,0.9375,0.9374999999948858,0.00018310267467469427
delta1_K32_radius1_transverse,transverse,1.0,32,1.0,128,0.96875,0.9687499999943571,0.0001892060971637808
delta1_K32_radius1_transverse,transverse,1.0,32,1.0,128,1.0,0.9999999999937931,0.0001953095196528604
delta1_K32_radius0.125_aligned,aligned,1.0,32,0.125,128,-1.0,0.0,0.0
delta1_K32_radius0.125_aligned,aligned,1.0,32,0.125,128,-0.96875,0.0,0.0
delta1_K32_radius0.125_aligned,aligned,1.0,32,0.125,128,-0.9375,0.0,0.0
delta1_K32_radius0.125_aligned,aligned,1.0,32,0.125,128,-0.90625,0.0,0.0
delta1_K32_radius0.125_aligned,aligned,1.0,32,0.125,128,-0.875,0.0,0.0
delta1_K32_radius0.125_aligned,aligned,1.0,32,0.125,128,-0.84375,0.0,0.0
delta1_K32_radius0.125_aligned,aligned,1.0,32,0.125,128,-0.8125,0.0,0.0
delta1_K32_radius0.125_aligned,aligned,1.0,32,0.125,128,-0.78125,0.0,0.0
delta1_K32_radius0.125_aligned,aligned,1.0,32,0.125,128,-0.75,0.0,0.0
delta1_K32_radius0.125_aligned,aligned,1.0,32,0.125,128,-0.71875,0.0,0.0
delta1_K32_radius0.125_aligned,aligned,1.0,32,0.125,128,-0.6875,0.0,0.0
delta1_K32_radius0.125_aligned,aligned,1.0,32,0.125,128,-0.65625,0.0,0.0
delta1_K32_radius0.125_aligned,aligned,1.0,32,0.125,128,-0.625,0.0,0.0
delta1_K32_radius0.125_aligned,aligned,1.0,32,0.125,128,-0.59375,0.0,0.0
delta1_K32_radius0.125_aligned,aligned,1.0,32,0.125,128,-0.5625,0.0,0.0
delta1_K32_radius0.125_aligned,aligned,1.0,32,0.125,128,-0.53125,0.0,0.0
delta1_K32_radius0.125_aligned,aligned,1.0,32,0.125,128,-0.5,0.0,0.0
delta1_K32_radius0.125_aligned,aligned,1.0,32,0.125,128,-0.46875,0.0,0.0
delta1_K32_radius0.125_aligned,aligned,1.0,32,0.125,128,-0.4375,0.0,0.0
delta1_K32_radius0.125_aligned,aligned,1.0,32,0.125,128,-0.40625,0.0,0.0
delta1_K32_radius0.125_aligned,aligned,1.0,32,0.125,128,-0.375,0.0,0.0
delta1_K32_radius0.125_aligned,aligned,1.0,32,0.125,128,-0.34375,0.0,0.0
delta1_K32_radius0.125_aligned,aligned,1.0,32,0.125,128,-0.3125,0.0,0.0
delta1_K32_radius0.125_aligned,aligned,1.0,32,0.125,128,-0.28125,0.0,0.0
delta1_K32_radius0.125_aligned,aligned,1.0,32,0.125,128,-0.25,0.0,0.0
delta1_K32_radius0.125_aligned,aligned,1.0,32,0.125,128,-0.21875,0.0,0.0
delta1_K32_radius0.125_aligned,aligned,1.0,32,0.125,128,-0.1875,0.0,0.0
delta1_K32_radius0.125_aligned,aligned,1.0,32,0.125,128,-0.15625,0.0,0.0
delta1_K32_radius0.125_aligned,aligned,1.0,32,0.125,128,-0.125,0.0,0.0
delta1_K32_radius0.125_aligned,aligned,1.0,32,0.125,128,-0.09375,0.0,0.0
delta1_K32_radius0.125_aligned,aligned,1.0,32,0.125,128,-0.0625,0.0,0.0
delta1_K32_radius0.125_aligned,aligned,1.0,32,0.125,128,-0.03125,0.0,0.0
delta1_K32_radius0.125_aligned,aligned,1.0,32,0.125,128,0.0,0.0,0.0
delta1_K32_radius0.125_aligned,aligned,1.0,32,0.125,128,0.03125,0.0,0.0
delta1_K32_radius0.125_aligned,aligned,1.0,32,0.125,128,0.0625,0.0,0.0
delta1_K32_radius0.125_aligned,aligned,1.0,32,0.125,128,0.09375,0.0,0.0
delta1_K32_radius0.125_aligned,aligned,1.0,32,0.125,128,0.125,0.0,0.0
delta1_K32_radius0.125_aligned,aligned,1.0,32,0.125,128,0.15625,0.0,0.0
delta1_K32_radius0.125_aligned,aligned,1.0,32,0.125,128,0.1875,0.0,0.0
delta1_K32_radius0.125_aligned,aligned,1.0,32,0.125,128,0.21875,0.0,0.0
delta1_K32_radius0.125_aligned,aligned,1.0,32,0.125,128,0.25,0.0,0.0
delta1_K32_radius0.125_aligned,aligned,1.0,32,0.125,128,0.28125,0.0,0.0
delta1_K32_radius0.125_aligned,aligned,1.0,32,0.125,128,0.3125,0.0,0.0
delta1_K32_radius0.125_aligned,aligned,1.0,32,0.125,128,0.34375,0.0,0.0
delta1_K32_radius0.125_aligned,aligned,1.0,32,0.125,128,0.375,0.0,0.0
delta1_K32_radius0.125_aligned,aligned,1.0,32,0.125,128,0.40625,0.0,0.0
delta1_K32_radius0.125_aligned,aligned,1.0,32,0.125,128,0.4375,0.0,0.0
delta1_K32_radius0.125_aligned,aligned,1.0,32,0.125,128,0.46875,0.0,0.0
delta1_K32_radius0.125_aligned,aligned,1.0,32,0.125,128,0.5,0.0,0.0
delta1_K32_radius0.125_aligned,aligned,1.0,32,0.125,128,0.53125,0.0,0.0
delta1_K32_radius0.125_aligned,aligned,1.0,32,0.125,128,0.5625,0.0,0.0
delta1_K32_radius0.125_aligned,aligned,1.0,32,0.125,128,0.59375,0.0,0.0
delta1_K32_radius0.125_aligned,aligned,1.0,32,0.125,128,0.625,0.0,0.0
delta1_K32_radius0.125_aligned,aligned,1.0,32,0.125,128,0.65625,0.0,0.0
delta1_K32_radius0.125_aligned,aligned,1.0,32,0.125,128,0.6875,0.0,0.0
delta1_K32_radius0.125_aligned,aligned,1.0,32,0.125,128,0.71875,0.0,0.0
delta1_K32_radius0.125_aligned,aligned,1.0,32,0.125,128,0.75,0.0,0.0
delta1_K32_radius0.125_aligned,aligned,1.0,32,0.125,128,0.78125,0.0,0.0
delta1_K32_radius0.125_aligned,aligned,1.0,32,0.125,128,0.8125,0.0,0.0
delta1_K32_radius0.125_aligned,aligned,1.0,32,0.125,128,0.84375,0.0,0.0
delta1_K32_radius0.125_aligned,aligned,1.0,32,0.125,128,0.875,0.0,0.0
delta1_K32_radius0.125_aligned,aligned,1.0,32,0.125,128,0.90625,0.0,0.0
delta1_K32_radius0.125_aligned,aligned,1.0,32,0.125,128,0.9375,0.0,0.0
delta1_K32_radius0.125_aligned,aligned,1.0,32,0.125,128,0.96875,0.0,0.0
delta1_K32_radius0.125_aligned,aligned,1.0,32,0.125,128,1.0,0.0,0.0
delta1_K32_radius0.125_transverse,transverse,1.0,32,0.125,128,-1.0,-0.9999999999999033,-2.4413689956756724e-05
delta1_K32_radius0.125_transverse,transverse,1.0,32,0.125,128,-0.96875,-0.9687499999999121,-2.3650762145608216e-05
delta1_K32_radius0.125_transverse,transverse,1.0,32,0.125,128,-0.9375,-0.9374999999999203,-2.2887834334459698e-05
delta1_K32_radius0.125_transverse,transverse,1.0,32,0.125,128,-0.90625,-0.9062499999999281,-2.2124906523311167e-05
delta1_K32_radius0.125_transverse,transverse,1.0,32,0.125,128,-0.875,-0.874999999999935,-2.1361978712162615e-05
delta1_K32_radius0.125_transverse,transverse,1.0,32,0.125,128,-0.84375,-0.8437499999999419,-2.059905090101406e-05
delta1_K32_radius0.125_transverse,transverse,1.0,32,0.125,128,-0.8125,-0.8124999999999482,-1.983612308986549e-05
delta1_K32_radius0.125_transverse,transverse,1.0,32,0.125,128,-0.78125,-0.781249999999954,-1.9073195278716915e-05
delta1_K32_radius0.125_transverse,transverse,1.0,32,0.125,128,-0.75,-0.7499999999999591,-1.8310267467568316e-05
delta1_K32_radius0.125_transverse,transverse,1.0,32,0.125,128,-0.71875,-0.7187499999999641,-1.7547339656419716e-05
delta1_K32_radius0.125_transverse,transverse,1.0,32,0.125,128,-0.6875,-0.6874999999999686,-1.6784411845271103e-05
delta1_K32_radius0.125_transverse,transverse,1.0,32,0.125,128,-0.65625,-0.6562499999999729,-1.6021484034122487e-05
delta1_K32_radius0.125_transverse,transverse,1.0,32,0.125,128,-0.625,-0.6249999999999766,-1.5258556222973857e-05
delta1_K32_radius0.125_transverse,transverse,1.0,32,0.125,128,-0.59375,-0.5937499999999799,-1.4495628411825217e-05
delta1_K32_radius0.125_transverse,transverse,1.0,32,0.125,128,-0.5625,-0.5624999999999829,-1.3732700600676569e-05
delta1_K32_radius0.125_transverse,transverse,1.0,32,0.125,128,-0.53125,-0.5312499999999856,-1.2969772789527912e-05
delta1_K32_radius0.125_transverse,transverse,1.0,32,0.125,128,-0.5,-0.499999999999988,-1.220684497837925e-05
delta1_K32_radius0.125_transverse,transverse,1.0,32,0.125,128,-0.46875,-0.46874999999999,-1.1443917167230578e-05
delta1_K32_radius0.125_transverse,transverse,1.0,32,0.125,128,-0.4375,-0.4374999999999919,-1.0680989356081902e-05
delta1_K32_radius0.125_transverse,transverse,1.0,32,0.125,128,-0.40625,-0.4062499999999935,-9.91806154493322e-06
delta1_K32_radius0.125_transverse,transverse,1.0,32,0.125,128,-0.375,-0.37499999999999495,-9.155133733784534e-06
delta1_K32_radius0.125_transverse,transverse,1.0,32,0.125,128,-0.34375,-0.3437499999999961,-8.392205922635841e-06
delta1_K32_radius0.125_transverse,transverse,1.0,32,0.125,128,-0.3125,-0.3124999999999971,-7.629278111487144e-06
delta1_K32_radius0.125_transverse,transverse,1.0,32,0.125,128,-0.28125,-0.2812499999999979,-6.866350300338441e-06
delta1_K32_radius0.125_transverse,transverse,1.0,32,0.125,128,-0.25,-0.2499999999999985,-6.103422489189735e-06
delta1_K32_radius0.125_transverse,transverse,1.0,32,0.125,128,-0.21875,-0.21874999999999903,-5.340494678041026e-06
delta1_K32_radius0.125_transverse,transverse,1.0,32,0.125,128,-0.1875,-0.18749999999999944,-4.577566866892315e-06
delta1_K32_radius0.125_transverse,transverse,1.0,32,0.125,128,-0.15625,-0.1562499999999997,-3.8146390557436e-06
delta1_K32_radius0.125_transverse,transverse,1.0,32,0.125,128,-0.125,-0.12499999999999983,-3.0517112445948815e-06
delta1_K32_radius0.125_transverse,transverse,1.0,32,0.125,128,-0.09375,-0.09374999999999994,-2.288783433446163e-06
delta1_K32_radius0.125_transverse,transverse,1.0,32,0.125,128,-0.0625,-0.06250000000000543,-1.5258556222975754e-06
delta1_K32_radius0.125_transverse,transverse,1.0,32,0.125,128,-0.03125,-0.03124999999995115,-7.629278111475288e-07
delta1_K32_radius0.125_transverse,transverse,1.0,32,0.125,128,0.0,0.0,0.0
delta1_K32_radius0.125_transverse,transverse,1.0,32,0.125,128,0.03125,0.03124999999995204,7.629278111475505e-07
delta1_K32_radius0.125_transverse,transverse,1.0,32,0.125,128,0.0625,0.06250000000000631,1.525855622297597e-06
delta1_K32_radius0.125_transverse,transverse,1.0,32,0.125,128,0.09375,0.09374999999999993,2.2887834334461627e-06
delta1_K32_radius0.125_transverse,transverse,1.0,32,0.125,128,0.125,0.12499999999999985,3.051711244594882e-06
delta1_K32_radius0.125_transverse,transverse,1.0,32,0.125,128,0.15625,0.15624999999999967,3.814639055743599e-06
delta1_K32_radius0.125_transverse,transverse,1.0,32,0.125,128,0.1875,0.18749999999999944,4.577566866892315e-06
delta1_K32_radius0.125_transverse,transverse,1.0,32,0.125,128,0.21875,0.21874999999999903,5.340494678041026e-06
delta1_K32_radius0.125_transverse,transverse,1.0,32,0.125,128,0.25,0.24999999999999853,6.103422489189736e-06
delta1_K32_radius0.125_transverse,transverse,1.0,32,0.125,128,0.28125,0.2812499999999979,6.866350300338441e-06
delta1_K32_radius0.125_transverse,transverse,1.0,32,0.125,128,0.3125,0.3124999999999971,7.629278111487144e-06
delta1_K32_radius0.125_transverse,transverse,1.0,32,0.125,128,0.34375,0.3437499999999961,8.392205922635841e-06
delta1_K32_radius0.125_transverse,transverse,1.0,32,0.125,128,0.375,0.37499999999999495,9.155133733784534e-06
delta1_K32_radius0.125_transverse,transverse,1.0,32,0.125,128,0.40625,0.40624999999999356,9.918061544933221e-06
delta1_K32_radius0.125_transverse,transverse,1.0,32,0.125,128,0.4375,0.4374999999999919,1.0680989356081902e-05
delta1_K32_radius0.125_transverse,transverse,1.0,32,0.125,128,0.46875,0.46874999999999006,1.144391716723058e-05
delta1_K32_radius0.125_transverse,transverse,1.0,32,0.125,128,0.5,0.49999999999998795,1.2206844978379248e-05
delta1_K32_radius0.125_transverse,transverse,1.0,32,0.125,128,0.53125,0.5312499999999857,1.2969772789527915e-05
delta1_K32_radius0.125_transverse,transverse,1.0,32,0.125,128,0.5625,0.5624999999999829,1.3732700600676569e-05
delta1_K32_radius0.125_transverse,transverse,1.0,32,0.125,128,0.59375,0.5937499999999798,1.4495628411825214e-05
delta1_K32_radius0.125_transverse,transverse,1.0,32,0.125,128,0.625,0.6249999999999765,1.5258556222973854e-05
delta1_K32_radius0.125_transverse,transverse,1.0,32,0.125,128,0.65625,0.6562499999999729,1.6021484034122487e-05
delta1_K32_radius0.125_transverse,transverse,1.0,32,0.125,128,0.6875,0.6874999999999687,1.6784411845271107e-05
delta1_K32_radius0.125_transverse,transverse,1.0,32,0.125,128,0.71875,0.7187499999999641,1.7547339656419716e-05
delta1_K32_radius0.125_transverse,transverse,1.0,32,0.125,128,0.75,0.7499999999999593,1.831026746756832e-05
delta1_K32_radius0.125_transverse,transverse,1.0,32,0.125,128,0.78125,0.781249999999954,1.9073195278716915e-05
delta1_K32_radius0.125_transverse,transverse,1.0,32,0.125,128,0.8125,0.8124999999999482,1.983612308986549e-05
delta1_K32_radius0.125_transverse,transverse,1.0,32,0.125,128,0.84375,0.8437499999999418,2.059905090101406e-05
delta1_K32_radius0.125_transverse,transverse,1.0,32,0.125,128,0.875,0.874999999999935,2.1361978712162615e-05
delta1_K32_radius0.125_transverse,transverse,1.0,32,0.125,128,0.90625,0.906249999999928,2.2124906523311163e-05
delta1_K32_radius0.125_transverse,transverse,1.0,32,0.125,128,0.9375,0.9374999999999202,2.2887834334459695e-05
delta1_K32_radius0.125_transverse,transverse,1.0,32,0.125,128,0.96875,0.9687499999999122,2.365076214560822e-05
delta1_K32_radius0.125_transverse,transverse,1.0,32,0.125,128,1.0,0.9999999999999031,2.441368995675672e-05
delta1_K32_radius0.015625_aligned,aligned,1.0,32,0.015625,128,-1.0,0.0,0.0
delta1_K32_radius0.015625_aligned,aligned,1.0,32,0.015625,128,-0.96875,0.0,0.0
delta1_K32_radius0.015625_aligned,aligned,1.0,32,0.015625,128,-0.9375,0.0,0.0
delta1_K32_radius0.015625_aligned,aligned,1.0,32,0.015625,128,-0.90625,0.0,0.0
delta1_K32_radius0.015625_aligned,aligned,1.0,32,0.015625,128,-0.875,0.0,0.0
delta1_K32_radius0.015625_aligned,aligned,1.0,32,0.015625,128,-0.84375,0.0,0.0
delta1_K32_radius0.015625_aligned,aligned,1.0,32,0.015625,128,-0.8125,0.0,0.0
delta1_K32_radius0.015625_aligned,aligned,1.0,32,0.015625,128,-0.78125,0.0,0.0
delta1_K32_radius0.015625_aligned,aligned,1.0,32,0.015625,128,-0.75,0.0,0.0
delta1_K32_radius0.015625_aligned,aligned,1.0,32,0.015625,128,-0.71875,0.0,0.0
delta1_K32_radius0.015625_aligned,aligned,1.0,32,0.015625,128,-0.6875,0.0,0.0
delta1_K32_radius0.015625_aligned,aligned,1.0,32,0.015625,128,-0.65625,0.0,0.0
delta1_K32_radius0.015625_aligned,aligned,1.0,32,0.015625,128,-0.625,0.0,0.0
delta1_K32_radius0.015625_aligned,aligned,1.0,32,0.015625,128,-0.59375,0.0,0.0
delta1_K32_radius0.015625_aligned,aligned,1.0,32,0.015625,128,-0.5625,0.0,0.0
delta1_K32_radius0.015625_aligned,aligned,1.0,32,0.015625,128,-0.53125,0.0,0.0
delta1_K32_radius0.015625_aligned,aligned,1.0,32,0.015625,128,-0.5,0.0,0.0
delta1_K32_radius0.015625_aligned,aligned,1.0,32,0.015625,128,-0.46875,0.0,0.0
delta1_K32_radius0.015625_aligned,aligned,1.0,32,0.015625,128,-0.4375,0.0,0.0
delta1_K32_radius0.015625_aligned,aligned,1.0,32,0.015625,128,-0.40625,0.0,0.0
delta1_K32_radius0.015625_aligned,aligned,1.0,32,0.015625,128,-0.375,0.0,0.0
delta1_K32_radius0.015625_aligned,aligned,1.0,32,0.015625,128,-0.34375,0.0,0.0
delta1_K32_radius0.015625_aligned,aligned,1.0,32,0.015625,128,-0.3125,0.0,0.0
delta1_K32_radius0.015625_aligned,aligned,1.0,32,0.015625,128,-0.28125,0.0,0.0
delta1_K32_radius0.015625_aligned,aligned,1.0,32,0.015625,128,-0.25,0.0,0.0
delta1_K32_radius0.015625_aligned,aligned,1.0,32,0.015625,128,-0.21875,0.0,0.0
delta1_K32_radius0.015625_aligned,aligned,1.0,32,0.015625,128,-0.1875,0.0,0.0
delta1_K32_radius0.015625_aligned,aligned,1.0,32,0.015625,128,-0.15625,0.0,0.0
delta1_K32_radius0.015625_aligned,aligned,1.0,32,0.015625,128,-0.125,0.0,0.0
delta1_K32_radius0.015625_aligned,aligned,1.0,32,0.015625,128,-0.09375,0.0,0.0
delta1_K32_radius0.015625_aligned,aligned,1.0,32,0.015625,128,-0.0625,0.0,0.0
delta1_K32_radius0.015625_aligned,aligned,1.0,32,0.015625,128,-0.03125,0.0,0.0
delta1_K32_radius0.015625_aligned,aligned,1.0,32,0.015625,128,0.0,0.0,0.0
delta1_K32_radius0.015625_aligned,aligned,1.0,32,0.015625,128,0.03125,0.0,0.0
delta1_K32_radius0.015625_aligned,aligned,1.0,32,0.015625,128,0.0625,0.0,0.0
delta1_K32_radius0.015625_aligned,aligned,1.0,32,0.015625,128,0.09375,0.0,0.0
delta1_K32_radius0.015625_aligned,aligned,1.0,32,0.015625,128,0.125,0.0,0.0
delta1_K32_radius0.015625_aligned,aligned,1.0,32,0.015625,128,0.15625,0.0,0.0
delta1_K32_radius0.015625_aligned,aligned,1.0,32,0.015625,128,0.1875,0.0,0.0
delta1_K32_radius0.015625_aligned,aligned,1.0,32,0.015625,128,0.21875,0.0,0.0
delta1_K32_radius0.015625_aligned,aligned,1.0,32,0.015625,128,0.25,0.0,0.0
delta1_K32_radius0.015625_aligned,aligned,1.0,32,0.015625,128,0.28125,0.0,0.0
delta1_K32_radius0.015625_aligned,aligned,1.0,32,0.015625,128,0.3125,0.0,0.0
delta1_K32_radius0.015625_aligned,aligned,1.0,32,0.015625,128,0.34375,0.0,0.0
delta1_K32_radius0.015625_aligned,aligned,1.0,32,0.015625,128,0.375,0.0,0.0
delta1_K32_radius0.015625_aligned,aligned,1.0,32,0.015625,128,0.40625,0.0,0.0
delta1_K32_radius0.015625_aligned,aligned,1.0,32,0.015625,128,0.4375,0.0,0.0
delta1_K32_radius0.015625_aligned,aligned,1.0,32,0.015625,128,0.46875,0.0,0.0
delta1_K32_radius0.015625_aligned,aligned,1.0,32,0.015625,128,0.5,0.0,0.0
delta1_K32_radius0.015625_aligned,aligned,1.0,32,0.015625,128,0.53125,0.0,0.0
delta1_K32_radius0.015625_aligned,aligned,1.0,32,0.015625,128,0.5625,0.0,0.0
delta1_K32_radius0.015625_aligned,aligned,1.0,32,0.015625,128,0.59375,0.0,0.0
delta1_K32_radius0.015625_aligned,aligned,1.0,32,0.015625,128,0.625,0.0,0.0
delta1_K32_radius0.015625_aligned,aligned,1.0,32,0.015625,128,0.65625,0.0,0.0
delta1_K32_radius0.015625_aligned,aligned,1.0,32,0.015625,128,0.6875,0.0,0.0
delta1_K32_radius0.015625_aligned,aligned,1.0,32,0.015625,128,0.71875,0.0,0.0
delta1_K32_radius0.015625_aligned,aligned,1.0,32,0.015625,128,0.75,0.0,0.0
delta1_K32_radius0.015625_aligned,aligned,1.0,32,0.015625,128,0.78125,0.0,0.0
delta1_K32_radius0.015625_aligned,aligned,1.0,32,0.015625,128,0.8125,0.0,0.0
delta1_K32_radius0.015625_aligned,aligned,1.0,32,0.015625,128,0.84375,0.0,0.0
delta1_K32_radius0.015625_aligned,aligned,1.0,32,0.015625,128,0.875,0.0,0.0
delta1_K32_radius0.015625_aligned,aligned,1.0,32,0.015625,128,0.90625,0.0,0.0
delta1_K32_radius0.015625_aligned,aligned,1.0,32,0.015625,128,0.9375,0.0,0.0
delta1_K32_radius0.015625_aligned,aligned,1.0,32,0.015625,128,0.96875,0.0,0.0
delta1_K32_radius0.015625_aligned,aligned,1.0,32,0.015625,128,1.0,0.0,0.0
delta1_K32_radius0.015625_transverse,transverse,1.0,32,0.015625,128,-1.0,-0.999999999999976,-3.0517112445948124e-06
delta1_K32_radius0.015625_transverse,transverse,1.0,32,0.015625,128,-0.96875,-0.9687499999999765,-2.9563452682012235e-06
delta1_K32_radius0.015625_transverse,transverse,1.0,32,0.015625,128,-0.9375,-0.9374999999999774,-2.8609792918076363e-06
delta1_K32_radius0.015625_transverse,transverse,1.0,32,0.015625,128,-0.90625,-0.9062499999999782,-2.7656133154140487e-06
delta1_K32_radius0.015625_transverse,transverse,1.0,32,0.015625,128,-0.875,-0.8749999999999787,-2.67024733902046e-06
delta1_K32_radius0.015625_transverse,transverse,1.0,32,0.015625,128,-0.84375,-0.8437499999999796,-2.5748813626268726e-06
delta1_K32_radius0.015625_transverse,transverse,1.0,32,0.015625,128,-0.8125,-0.8124999999999805,-2.479515386233285e-06
delta1_K32_radius0.015625_transverse,transverse,1.0,32,0.015625,128,-0.78125,-0.7812499999999809,-2.384149409839696e-06
delta1_K32_radius0.015625_transverse,transverse,1.0,32,0.015625,128,-0.75,-0.7499999999999818,-2.288783433446109e-06
delta1_K32_radius0.015625_transverse,transverse,1.0,32,0.015625,128,-0.71875,-0.7187499999999831,-2.1934174570525226e-06
delta1_K32_radius0.015625_transverse,transverse,1.0,32,0.015625,128,-0.6875,-0.6874999999999836,-2.0980514806589337e-06
delta1_K32_radius0.015625_transverse,transverse,1.0,32,0.015625,128,-0.65625,-0.6562499999999845,-2.0026855042653465e-06
delta1_K32_radius0.015625_transverse,transverse,1.0,32,0.015625,128,-0.625,-0.6249999999999853,-1.9073195278717588e-06
delta1_K32_radius0.015625_transverse,transverse,1.0,32,0.015625,128,-0.59375,-0.5937499999999858,-1.81195355147817e-06
delta1_K32_radius0.015625_transverse,transverse,1.0,32,0.015625,128,-0.5625,-0.5624999999999867,-1.7165875750845825e-06
delta1_K32_radius0.015625_transverse,transverse,1.0,32,0.015625,128,-0.53125,-0.5312499999999876,-1.6212215986909951e-06
delta1_K32_radius0.015625_transverse,transverse,1.0,32,0.015625,128,-0.5,-0.499999999999988,-1.5258556222974062e-06
delta1_K32_radius0.015625_transverse,transverse,1.0,32,0.015625,128,-0.46875,-0.4687499999999889,-1.4304896459038188e-06
delta1_K32_radius0.015625_transverse,transverse,1.0,32,0.015625,128,-0.4375,-0.43749999999998934,-1.33512366951023e-06
delta1_K32_radius0.015625_transverse,transverse,1.0,32,0.015625,128,-0.40625,-0.40624999999999023,-1.2397576931166425e-06
delta1_K32_radius0.015625_transverse,transverse,1.0,32,0.015625,128,-0.375,-0.3749999999999907,-1.1443917167230536e-06
delta1_K32_radius0.015625_transverse,transverse,1.0,32,0.015625,128,-0.34375,-0.34374999999999156,-1.0490257403294662e-06
delta1_K32_radius0.015625_transverse,transverse,1.0,32,0.015625,128,-0.3125,-0.31249999999999245,-9.536597639358788e-07
delta1_K32_radius0.015625_transverse,transverse,1.0,32,0.015625,128,-0.28125,-0.2812499999999929,-8.582937875422899e-07
delta1_K32_radius0.015625_transverse,transverse,1.0,32,0.015625,128,-0.25,-0.24999999999999378,-7.629278111487025e-07
delta1_K32_radius0.015625_transverse,transverse,1.0,32,0.015625,128,-0.21875,-0.21874999999999512,-6.675618347551163e-07
delta1_K32_radius0.015625_transverse,transverse,1.0,32,0.015625,128,-0.1875,-0.18749999999999556,-5.721958583615275e-07
delta1_K32_radius0.015625_transverse,transverse,1.0,32,0.015625,128,-0.15625,-0.15624999999999645,-4.7682988196794e-07
delta1_K32_radius0.015625_transverse,transverse,1.0,32,0.015625,128,-0.125,-0.12499999999999734,-3.8146390557435256e-07
delta1_K32_radius0.015625_transverse,transverse,1.0,32,0.015625,128,-0.09375,-0.09374999999999778,-2.8609792918076377e-07
delta1_K32_radius0.015625_transverse,transverse,1.0,32,0.015625,128,-0.0625,-0.06249999999999867,-1.9073195278717628e-07
delta1_K32_radius0.015625_transverse,transverse,1.0,32,0.015625,128,-0.03125,-0.031249999999999112,-9.536597639358747e-08
delta1_K32_radius0.015625_transverse,transverse,1.0,32,0.015625,128,0.0,0.0,0.0
delta1_K32_radius0.015625_transverse,transverse,1.0,32,0.015625,128,0.03125,0.031249999999999112,9.536597639358747e-08
delta1_K32_radius0.015625_transverse,transverse,1.0,32,0.015625,128,0.0625,0.06249999999999867,1.9073195278717628e-07
delta1_K32_radius0.015625_transverse,transverse,1.0,32,0.015625,128,0.09375,0.09374999999999778,2.8609792918076377e-07
delta1_K32_radius0.015625_transverse,transverse,1.0,32,0.015625,128,0.125,0.12499999999999689,3.8146390557435124e-07
delta1_K32_radius0.015625_transverse,transverse,1.0,32,0.015625,128,0.15625,0.15624999999999645,4.7682988196794e-07
delta1_K32_radius0.015625_transverse,transverse,1.0,32,0.015625,128,0.1875,0.18749999999999556,5.721958583615275e-07
delta1_K32_radius0.015625_transverse,transverse,1.0,32,0.015625,128,0.21875,0.21874999999999512,6.675618347551163e-07
delta1_K32_radius0.015625_transverse,transverse,1.0,32,0.015625,128,0.25,0.24999999999999378,7.629278111487025e-07
delta1_K32_radius0.015625_transverse,transverse,1.0,32,0.015625,128,0.28125,0.2812499999999929,8.582937875422899e-07
delta1_K32_radius0.015625_transverse,transverse,1.0,32,0.015625,128,0.3125,0.31249999999999245,9.536597639358788e-07
delta1_K32_radius0.015625_transverse,transverse,1.0,32,0.015625,128,0.34375,0.34374999999999156,1.0490257403294662e-06
delta1_K32_radius0.015625_transverse,transverse,1.0,32,0.015625,128,0.375,0.3749999999999907,1.1443917167230536e-06
delta1_K32_radius0.015625_transverse,transverse,1.0,32,0.015625,128,0.40625,0.40624999999999023,1.2397576931166425e-06
delta1_K32_radius0.015625_transverse,transverse,1.0,32,0.015625,128,0.4375,0.43749999999998934,1.33512366951023e-06
delta1_K32_radius0.015625_transverse,transverse,1.0,32,0.015625,128,0.46875,0.46874999999998845,1.4304896459038175e-06
delta1_K32_radius0.015625_transverse,transverse,1.0,32,0.015625,128,0.5,0.499999999999988,1.5258556222974062e-06
delta1_K32_radius0.015625_transverse,transverse,1.0,32,0.015625,128,0.53125,0.5312499999999871,1.6212215986909936e-06
delta1_K32_radius0.015625_transverse,transverse,1.0,32,0.015625,128,0.5625,0.5624999999999862,1.7165875750845813e-06
delta1_K32_radius0.015625_transverse,transverse,1.0,32,0.015625,128,0.59375,0.5937499999999858,1.81195355147817e-06
delta1_K32_radius0.015625_transverse,transverse,1.0,32,0.015625,128,0.625,0.6249999999999849,1.9073195278717576e-06
delta1_K32_radius0.015625_transverse,transverse,1.0,32,0.015625,128,0.65625,0.6562499999999845,2.0026855042653465e-06
delta1_K32_radius0.015625_transverse,transverse,1.0,32,0.015625,128,0.6875,0.6874999999999836,2.0980514806589337e-06
delta1_K32_radius0.015625_transverse,transverse,1.0,32,0.015625,128,0.71875,0.7187499999999831,2.1934174570525226e-06
delta1_K32_radius0.015625_transverse,transverse,1.0,32,0.015625,128,0.75,0.7499999999999818,2.288783433446109e-06
delta1_K32_radius0.015625_transverse,transverse,1.0,32,0.015625,128,0.78125,0.7812499999999809,2.384149409839696e-06
delta1_K32_radius0.015625_transverse,transverse,1.0,32,0.015625,128,0.8125,0.8124999999999805,2.479515386233285e-06
delta1_K32_radius0.015625_transverse,transverse,1.0,32,0.015625,128,0.84375,0.8437499999999796,2.5748813626268726e-06
delta1_K32_radius0.015625_transverse,transverse,1.0,32,0.015625,128,0.875,0.8749999999999787,2.67024733902046e-06
delta1_K32_radius0.015625_transverse,transverse,1.0,32,0.015625,128,0.90625,0.9062499999999782,2.7656133154140487e-06
delta1_K32_radius0.015625_transverse,transverse,1.0,32,0.015625,128,0.9375,0.9374999999999774,2.8609792918076363e-06
delta1_K32_radius0.015625_transverse,transverse,1.0,32,0.015625,128,0.96875,0.9687499999999765,2.9563452682012235e-06
delta1_K32_radius0.015625_transverse,transverse,1.0,32,0.015625,128,1.0,0.999999999999976,3.0517112445948124e-06
delta1_K128_radius0_common,common,1.0,128,0.0,128,-1.0,0.0,0.0
delta1_K128_radius0_common,common,1.0,128,0.0,128,-0.96875,0.0,0.0
delta1_K128_radius0_common,common,1.0,128,0.0,128,-0.9375,0.0,0.0
delta1_K128_radius0_common,common,1.0,128,0.0,128,-0.90625,0.0,0.0
delta1_K128_radius0_common,common,1.0,128,0.0,128,-0.875,0.0,0.0
delta1_K128_radius0_common,common,1.0,128,0.0,128,-0.84375,0.0,0.0
delta1_K128_radius0_common,common,1.0,128,0.0,128,-0.8125,0.0,0.0
delta1_K128_radius0_common,common,1.0,128,0.0,128,-0.78125,0.0,0.0
delta1_K128_radius0_common,common,1.0,128,0.0,128,-0.75,0.0,0.0
delta1_K128_radius0_common,common,1.0,128,0.0,128,-0.71875,0.0,0.0
delta1_K128_radius0_common,common,1.0,128,0.0,128,-0.6875,0.0,0.0
delta1_K128_radius0_common,common,1.0,128,0.0,128,-0.65625,0.0,0.0
delta1_K128_radius0_common,common,1.0,128,0.0,128,-0.625,0.0,0.0
delta1_K128_radius0_common,common,1.0,128,0.0,128,-0.59375,0.0,0.0
delta1_K128_radius0_common,common,1.0,128,0.0,128,-0.5625,0.0,0.0
delta1_K128_radius0_common,common,1.0,128,0.0,128,-0.53125,0.0,0.0
delta1_K128_radius0_common,common,1.0,128,0.0,128,-0.5,0.0,0.0
delta1_K128_radius0_common,common,1.0,128,0.0,128,-0.46875,0.0,0.0
delta1_K128_radius0_common,common,1.0,128,0.0,128,-0.4375,0.0,0.0
delta1_K128_radius0_common,common,1.0,128,0.0,128,-0.40625,0.0,0.0
delta1_K128_radius0_common,common,1.0,128,0.0,128,-0.375,0.0,0.0
delta1_K128_radius0_common,common,1.0,128,0.0,128,-0.34375,0.0,0.0
delta1_K128_radius0_common,common,1.0,128,0.0,128,-0.3125,0.0,0.0
delta1_K128_radius0_common,common,1.0,128,0.0,128,-0.28125,0.0,0.0
delta1_K128_radius0_common,common,1.0,128,0.0,128,-0.25,0.0,0.0
delta1_K128_radius0_common,common,1.0,128,0.0,128,-0.21875,0.0,0.0
delta1_K128_radius0_common,common,1.0,128,0.0,128,-0.1875,0.0,0.0
delta1_K128_radius0_common,common,1.0,128,0.0,128,-0.15625,0.0,0.0
delta1_K128_radius0_common,common,1.0,128,0.0,128,-0.125,0.0,0.0
delta1_K128_radius0_common,common,1.0,128,0.0,128,-0.09375,0.0,0.0
delta1_K128_radius0_common,common,1.0,128,0.0,128,-0.0625,0.0,0.0
delta1_K128_radius0_common,common,1.0,128,0.0,128,-0.03125,0.0,0.0
delta1_K128_radius0_common,common,1.0,128,0.0,128,0.0,0.0,0.0
delta1_K128_radius0_common,common,1.0,128,0.0,128,0.03125,0.0,0.0
delta1_K128_radius0_common,common,1.0,128,0.0,128,0.0625,0.0,0.0
delta1_K128_radius0_common,common,1.0,128,0.0,128,0.09375,0.0,0.0
delta1_K128_radius0_common,common,1.0,128,0.0,128,0.125,0.0,0.0
delta1_K128_radius0_common,common,1.0,128,0.0,128,0.15625,0.0,0.0
delta1_K128_radius0_common,common,1.0,128,0.0,128,0.1875,0.0,0.0
delta1_K128_radius0_common,common,1.0,128,0.0,128,0.21875,0.0,0.0
delta1_K128_radius0_common,common,1.0,128,0.0,128,0.25,0.0,0.0
delta1_K128_radius0_common,common,1.0,128,0.0,128,0.28125,0.0,0.0
delta1_K128_radius0_common,common,1.0,128,0.0,128,0.3125,0.0,0.0
delta1_K128_radius0_common,common,1.0,128,0.0,128,0.34375,0.0,0.0
delta1_K128_radius0_common,common,1.0,128,0.0,128,0.375,0.0,0.0
delta1_K128_radius0_common,common,1.0,128,0.0,128,0.40625,0.0,0.0
delta1_K128_radius0_common,common,1.0,128,0.0,128,0.4375,0.0,0.0
delta1_K128_radius0_common,common,1.0,128,0.0,128,0.46875,0.0,0.0
delta1_K128_radius0_common,common,1.0,128,0.0,128,0.5,0.0,0.0
delta1_K128_radius0_common,common,1.0,128,0.0,128,0.53125,0.0,0.0
delta1_K128_radius0_common,common,1.0,128,0.0,128,0.5625,0.0,0.0
delta1_K128_radius0_common,common,1.0,128,0.0,128,0.59375,0.0,0.0
delta1_K128_radius0_common,common,1.0,128,0.0,128,0.625,0.0,0.0
delta1_K128_radius0_common,common,1.0,128,0.0,128,0.65625,0.0,0.0
delta1_K128_radius0_common,common,1.0,128,0.0,128,0.6875,0.0,0.0
delta1_K128_radius0_common,common,1.0,128,0.0,128,0.71875,0.0,0.0
delta1_K128_radius0_common,common,1.0,128,0.0,128,0.75,0.0,0.0
delta1_K128_radius0_common,common,1.0,128,0.0,128,0.78125,0.0,0.0
delta1_K128_radius0_common,common,1.0,128,0.0,128,0.8125,0.0,0.0
delta1_K128_radius0_common,common,1.0,128,0.0,128,0.84375,0.0,0.0
delta1_K128_radius0_common,common,1.0,128,0.0,128,0.875,0.0,0.0
delta1_K128_radius0_common,common,1.0,128,0.0,128,0.90625,0.0,0.0
delta1_K128_radius0_common,common,1.0,128,0.0,128,0.9375,0.0,0.0
delta1_K128_radius0_common,common,1.0,128,0.0,128,0.96875,0.0,0.0
delta1_K128_radius0_common,common,1.0,128,0.0,128,1.0,0.0,0.0
delta1_K128_radius1_aligned,aligned,1.0,128,1.0,128,-1.0,0.0,0.0
delta1_K128_radius1_aligned,aligned,1.0,128,1.0,128,-0.96875,0.0,0.0
delta1_K128_radius1_aligned,aligned,1.0,128,1.0,128,-0.9375,0.0,0.0
delta1_K128_radius1_aligned,aligned,1.0,128,1.0,128,-0.90625,0.0,0.0
delta1_K128_radius1_aligned,aligned,1.0,128,1.0,128,-0.875,0.0,0.0
delta1_K128_radius1_aligned,aligned,1.0,128,1.0,128,-0.84375,0.0,0.0
delta1_K128_radius1_aligned,aligned,1.0,128,1.0,128,-0.8125,0.0,0.0
delta1_K128_radius1_aligned,aligned,1.0,128,1.0,128,-0.78125,0.0,0.0
delta1_K128_radius1_aligned,aligned,1.0,128,1.0,128,-0.75,0.0,0.0
delta1_K128_radius1_aligned,aligned,1.0,128,1.0,128,-0.71875,0.0,0.0
delta1_K128_radius1_aligned,aligned,1.0,128,1.0,128,-0.6875,0.0,0.0
delta1_K128_radius1_aligned,aligned,1.0,128,1.0,128,-0.65625,0.0,0.0
delta1_K128_radius1_aligned,aligned,1.0,128,1.0,128,-0.625,0.0,0.0
delta1_K128_radius1_aligned,aligned,1.0,128,1.0,128,-0.59375,0.0,0.0
delta1_K128_radius1_aligned,aligned,1.0,128,1.0,128,-0.5625,0.0,0.0
delta1_K128_radius1_aligned,aligned,1.0,128,1.0,128,-0.53125,0.0,0.0
delta1_K128_radius1_aligned,aligned,1.0,128,1.0,128,-0.5,0.0,0.0
delta1_K128_radius1_aligned,aligned,1.0,128,1.0,128,-0.46875,0.0,0.0
delta1_K128_radius1_aligned,aligned,1.0,128,1.0,128,-0.4375,0.0,0.0
delta1_K128_radius1_aligned,aligned,1.0,128,1.0,128,-0.40625,0.0,0.0
delta1_K128_radius1_aligned,aligned,1.0,128,1.0,128,-0.375,0.0,0.0
delta1_K128_radius1_aligned,aligned,1.0,128,1.0,128,-0.34375,0.0,0.0
delta1_K128_radius1_aligned,aligned,1.0,128,1.0,128,-0.3125,0.0,0.0
delta1_K128_radius1_aligned,aligned,1.0,128,1.0,128,-0.28125,0.0,0.0
delta1_K128_radius1_aligned,aligned,1.0,128,1.0,128,-0.25,0.0,0.0
delta1_K128_radius1_aligned,aligned,1.0,128,1.0,128,-0.21875,0.0,0.0
delta1_K128_radius1_aligned,aligned,1.0,128,1.0,128,-0.1875,0.0,0.0
delta1_K128_radius1_aligned,aligned,1.0,128,1.0,128,-0.15625,0.0,0.0
delta1_K128_radius1_aligned,aligned,1.0,128,1.0,128,-0.125,0.0,0.0
delta1_K128_radius1_aligned,aligned,1.0,128,1.0,128,-0.09375,0.0,0.0
delta1_K128_radius1_aligned,aligned,1.0,128,1.0,128,-0.0625,0.0,0.0
delta1_K128_radius1_aligned,aligned,1.0,128,1.0,128,-0.03125,0.0,0.0
delta1_K128_radius1_aligned,aligned,1.0,128,1.0,128,0.0,0.0,0.0
delta1_K128_radius1_aligned,aligned,1.0,128,1.0,128,0.03125,0.0,0.0
delta1_K128_radius1_aligned,aligned,1.0,128,1.0,128,0.0625,0.0,0.0
delta1_K128_radius1_aligned,aligned,1.0,128,1.0,128,0.09375,0.0,0.0
delta1_K128_radius1_aligned,aligned,1.0,128,1.0,128,0.125,0.0,0.0
delta1_K128_radius1_aligned,aligned,1.0,128,1.0,128,0.15625,0.0,0.0
delta1_K128_radius1_aligned,aligned,1.0,128,1.0,128,0.1875,0.0,0.0
delta1_K128_radius1_aligned,aligned,1.0,128,1.0,128,0.21875,0.0,0.0
delta1_K128_radius1_aligned,aligned,1.0,128,1.0,128,0.25,0.0,0.0
delta1_K128_radius1_aligned,aligned,1.0,128,1.0,128,0.28125,0.0,0.0
delta1_K128_radius1_aligned,aligned,1.0,128,1.0,128,0.3125,0.0,0.0
delta1_K128_radius1_aligned,aligned,1.0,128,1.0,128,0.34375,0.0,0.0
delta1_K128_radius1_aligned,aligned,1.0,128,1.0,128,0.375,0.0,0.0
delta1_K128_radius1_aligned,aligned,1.0,128,1.0,128,0.40625,0.0,0.0
delta1_K128_radius1_aligned,aligned,1.0,128,1.0,128,0.4375,0.0,0.0
delta1_K128_radius1_aligned,aligned,1.0,128,1.0,128,0.46875,0.0,0.0
delta1_K128_radius1_aligned,aligned,1.0,128,1.0,128,0.5,0.0,0.0
delta1_K128_radius1_aligned,aligned,1.0,128,1.0,128,0.53125,0.0,0.0
delta1_K128_radius1_aligned,aligned,1.0,128,1.0,128,0.5625,0.0,0.0
delta1_K128_radius1_aligned,aligned,1.0,128,1.0,128,0.59375,0.0,0.0
delta1_K128_radius1_aligned,aligned,1.0,128,1.0,128,0.625,0.0,0.0
delta1_K128_radius1_aligned,aligned,1.0,128,1.0,128,0.65625,0.0,0.0
delta1_K128_radius1_aligned,aligned,1.0,128,1.0,128,0.6875,0.0,0.0
delta1_K128_radius1_aligned,aligned,1.0,128,1.0,128,0.71875,0.0,0.0
delta1_K128_radius1_aligned,aligned,1.0,128,1.0,128,0.75,0.0,0.0
delta1_K128_radius1_aligned,aligned,1.0,128,1.0,128,0.78125,0.0,0.0
delta1_K128_radius1_aligned,aligned,1.0,128,1.0,128,0.8125,0.0,0.0
delta1_K128_radius1_aligned,aligned,1.0,128,1.0,128,0.84375,0.0,0.0
delta1_K128_radius1_aligned,aligned,1.0,128,1.0,128,0.875,0.0,0.0
delta1_K128_radius1_aligned,aligned,1.0,128,1.0,128,0.90625,0.0,0.0
delta1_K128_radius1_aligned,aligned,1.0,128,1.0,128,0.9375,0.0,0.0
delta1_K128_radius1_aligned,aligned,1.0,128,1.0,128,0.96875,0.0,0.0
delta1_K128_radius1_aligned,aligned,1.0,128,1.0,128,1.0,0.0,0.0
delta1_K128_radius1_transverse,transverse,1.0,128,1.0,128,-1.0,-0.999999999999976,-4.882807843375908e-05
delta1_K128_radius1_transverse,transverse,1.0,128,1.0,128,-0.96875,-0.9687499999999781,-4.7302200982704175e-05
delta1_K128_radius1_transverse,transverse,1.0,128,1.0,128,-0.9375,-0.9374999999999805,-4.577632353164928e-05
delta1_K128_radius1_transverse,transverse,1.0,128,1.0,128,-0.90625,-0.9062499999999822,-4.425044608059436e-05
delta1_K128_radius1_transverse,transverse,1.0,128,1.0,128,-0.875,-0.874999999999984,-4.2724568629539444e-05
delta1_K128_radius1_transverse,transverse,1.0,128,1.0,128,-0.84375,-0.8437499999999858,-4.119869117848452e-05
delta1_K128_radius1_transverse,transverse,1.0,128,1.0,128,-0.8125,-0.8124999999999873,-3.967281372742959e-05
delta1_K128_radius1_transverse,transverse,1.0,128,1.0,128,-0.78125,-0.7812499999999888,-3.814693627637465e-05
delta1_K128_radius1_transverse,transverse,1.0,128,1.0,128,-0.75,-0.7499999999999901,-3.662105882531971e-05
delta1_K128_radius1_transverse,transverse,1.0,128,1.0,128,-0.71875,-0.7187499999999912,-3.509518137426476e-05
delta1_K128_radius1_transverse,transverse,1.0,128,1.0,128,-0.6875,-0.6874999999999926,-3.356930392320981e-05
delta1_K128_radius1_transverse,transverse,1.0,128,1.0,128,-0.65625,-0.6562499999999934,-3.2043426472154844e-05
delta1_K128_radius1_transverse,transverse,1.0,128,1.0,128,-0.625,-0.6249999999999944,-3.0517549021099887e-05
delta1_K128_radius1_transverse,transverse,1.0,128,1.0,128,-0.59375,-0.5937499999999951,-2.8991671570044913e-05
delta1_K128_radius1_transverse,transverse,1.0,128,1.0,128,-0.5625,-0.562499999999996,-2.746579411898995e-05
delta1_K128_radius1_transverse,transverse,1.0,128,1.0,128,-0.53125,-0.5312499999999967,-2.5939916667934972e-05
delta1_K128_radius1_transverse,transverse,1.0,128,1.0,128,-0.5,-0.49999999999999734,-2.4414039216879998e-05
delta1_K128_radius1_transverse,transverse,1.0,128,1.0,128,-0.46875,-0.46874999999999784,-2.2888161765825014e-05
delta1_K128_radius1_transverse,transverse,1.0,128,1.0,128,-0.4375,-0.43749999999999833,-2.136228431477003e-05
delta1_K128_radius1_transverse,transverse,1.0,128,1.0,128,-0.40625,-0.40624999999999867,-1.983640686371504e-05
delta1_K128_radius1_transverse,transverse,1.0,128,1.0,128,-0.375,-0.374999999999999,-1.8310529412660045e-05
delta1_K128_radius1_transverse,transverse,1.0,128,1.0,128,-0.34375,-0.3437499999999993,-1.678465196160505e-05
delta1_K128_radius1_transverse,transverse,1.0,128,1.0,128,-0.3125,-0.31249999999999956,-1.5258774510550057e-05
delta1_K128_radius1_transverse,transverse,1.0,128,1.0,128,-0.28125,-0.28125000000000483,-1.3732897059495307e-05
delta1_K128_radius1_transverse,transverse,1.0,128,1.0,128,-0.25,-0.2500000000000157,-1.220701960844083e-05
delta1_K128_radius1_transverse,transverse,1.0,128,1.0,128,-0.21875,-0.21875000000002612,-1.0681142157386331e-05
delta1_K128_radius1_transverse,transverse,1.0,128,1.0,128,-0.1875,-0.187500000000037,-9.155264706331854e-06
delta1_K128_radius1_transverse,transverse,1.0,128,1.0,128,-0.15625,-0.1562500000000474,-7.629387255277354e-06
delta1_K128_radius1_transverse,transverse,1.0,128,1.0,128,-0.125,-0.1249999999999516,-6.1035098042176685e-06
delta1_K128_radius1_transverse,transverse,1.0,128,1.0,128,-0.09375,-0.09374999999996358,-4.577632353163246e-06
delta1_K128_radius1_transverse,transverse,1.0,128,1.0,128,-0.0625,-0.062499999999975575,-3.0517549021088232e-06
delta1_K128_radius1_transverse,transverse,1.0,128,1.0,128,-0.03125,-0.031249999999987566,-1.5258774510544008e-06
delta1_K128_radius1_transverse,transverse,1.0,128,1.0,128,0.0,0.0,0.0
delta1_K128_radius1_transverse,transverse,1.0,128,1.0,128,0.03125,0.031249999999987566,1.5258774510544008e-06
delta1_K128_radius1_transverse,transverse,1.0,128,1.0,128,0.0625,0.062499999999975575,3.0517549021088232e-06
delta1_K128_radius1_transverse,transverse,1.0,128,1.0,128,0.09375,0.09374999999996314,4.577632353163224e-06
delta1_K128_radius1_transverse,transverse,1.0,128,1.0,128,0.125,0.12499999999995115,6.1035098042176465e-06
delta1_K128_radius1_transverse,transverse,1.0,128,1.0,128,0.15625,0.15625000000004696,7.629387255277332e-06
delta1_K128_radius1_transverse,transverse,1.0,128,1.0,128,0.1875,0.18750000000003655,9.155264706331832e-06
delta1_K128_radius1_transverse,transverse,1.0,128,1.0,128,0.21875,0.21875000000002612,1.0681142157386331e-05
delta1_K128_radius1_transverse,transverse,1.0,128,1.0,128,0.25,0.2500000000000157,1.220701960844083e-05
delta1_K128_radius1_transverse,transverse,1.0,128,1.0,128,0.28125,0.28125000000000483,1.3732897059495307e-05
delta1_K128_radius1_transverse,transverse,1.0,128,1.0,128,0.3125,0.3124999999999991,1.5258774510550037e-05
delta1_K128_radius1_transverse,transverse,1.0,128,1.0,128,0.34375,0.34374999999999895,1.6784651961605034e-05
delta1_K128_radius1_transverse,transverse,1.0,128,1.0,128,0.375,0.37499999999999856,1.8310529412660025e-05
delta1_K128_radius1_transverse,transverse,1.0,128,1.0,128,0.40625,0.4062499999999982,1.9836406863715016e-05
delta1_K128_radius1_transverse,transverse,1.0,128,1.0,128,0.4375,0.43749999999999784,2.1362284314770006e-05
delta1_K128_radius1_transverse,transverse,1.0,128,1.0,128,0.46875,0.4687499999999973,2.2888161765824987e-05
delta1_K128_radius1_transverse,transverse,1.0,128,1.0,128,0.5,0.49999999999999684,2.441403921687997e-05
delta1_K128_radius1_transverse,transverse,1.0,128,1.0,128,0.53125,0.5312499999999962,2.593991666793495e-05
delta1_K128_radius1_transverse,transverse,1.0,128,1.0,128,0.5625,0.5624999999999956,2.7465794118989925e-05
delta1_K128_radius1_transverse,transverse,1.0,128,1.0,128,0.59375,0.5937499999999949,2.8991671570044903e-05
delta1_K128_radius1_transverse,transverse,1.0,128,1.0,128,0.625,0.624999999999994,3.0517549021099866e-05
delta1_K128_radius1_transverse,transverse,1.0,128,1.0,128,0.65625,0.656249999999993,3.204342647215482e-05
delta1_K128_radius1_transverse,transverse,1.0,128,1.0,128,0.6875,0.6874999999999921,3.356930392320979e-05
delta1_K128_radius1_transverse,transverse,1.0,128,1.0,128,0.71875,0.718749999999991,3.5095181374264744e-05
delta1_K128_radius1_transverse,transverse,1.0,128,1.0,128,0.75,0.7499999999999897,3.6621058825319684e-05
delta1_K128_radius1_transverse,transverse,1.0,128,1.0,128,0.78125,0.7812499999999885,3.814693627637464e-05
delta1_K128_radius1_transverse,transverse,1.0,128,1.0,128,0.8125,0.8124999999999869,3.9672813727429564e-05
delta1_K128_radius1_transverse,transverse,1.0,128,1.0,128,0.84375,0.8437499999999855,4.1198691178484504e-05
delta1_K128_radius1_transverse,transverse,1.0,128,1.0,128,0.875,0.8749999999999836,4.2724568629539416e-05
delta1_K128_radius1_transverse,transverse,1.0,128,1.0,128,0.90625,0.9062499999999818,4.425044608059434e-05
delta1_K128_radius1_transverse,transverse,1.0,128,1.0,128,0.9375,0.9374999999999801,4.577632353164927e-05
delta1_K128_radius1_transverse,transverse,1.0,128,1.0,128,0.96875,0.9687499999999778,4.730220098270416e-05
delta1_K128_radius1_transverse,transverse,1.0,128,1.0,128,1.0,0.9999999999999757,4.882807843375907e-05
delta1_K128_radius0.125_aligned,aligned,1.0,128,0.125,128,-1.0,0.0,0.0
delta1_K128_radius0.125_aligned,aligned,1.0,128,0.125,128,-0.96875,0.0,0.0
delta1_K128_radius0.125_aligned,aligned,1.0,128,0.125,128,-0.9375,0.0,0.0
delta1_K128_radius0.125_aligned,aligned,1.0,128,0.125,128,-0.90625,0.0,0.0
delta1_K128_radius0.125_aligned,aligned,1.0,128,0.125,128,-0.875,0.0,0.0
delta1_K128_radius0.125_aligned,aligned,1.0,128,0.125,128,-0.84375,0.0,0.0
delta1_K128_radius0.125_aligned,aligned,1.0,128,0.125,128,-0.8125,0.0,0.0
delta1_K128_radius0.125_aligned,aligned,1.0,128,0.125,128,-0.78125,0.0,0.0
delta1_K128_radius0.125_aligned,aligned,1.0,128,0.125,128,-0.75,0.0,0.0
delta1_K128_radius0.125_aligned,aligned,1.0,128,0.125,128,-0.71875,0.0,0.0
delta1_K128_radius0.125_aligned,aligned,1.0,128,0.125,128,-0.6875,0.0,0.0
delta1_K128_radius0.125_aligned,aligned,1.0,128,0.125,128,-0.65625,0.0,0.0
delta1_K128_radius0.125_aligned,aligned,1.0,128,0.125,128,-0.625,0.0,0.0
delta1_K128_radius0.125_aligned,aligned,1.0,128,0.125,128,-0.59375,0.0,0.0
delta1_K128_radius0.125_aligned,aligned,1.0,128,0.125,128,-0.5625,0.0,0.0
delta1_K128_radius0.125_aligned,aligned,1.0,128,0.125,128,-0.53125,0.0,0.0
delta1_K128_radius0.125_aligned,aligned,1.0,128,0.125,128,-0.5,0.0,0.0
delta1_K128_radius0.125_aligned,aligned,1.0,128,0.125,128,-0.46875,0.0,0.0
delta1_K128_radius0.125_aligned,aligned,1.0,128,0.125,128,-0.4375,0.0,0.0
delta1_K128_radius0.125_aligned,aligned,1.0,128,0.125,128,-0.40625,0.0,0.0
delta1_K128_radius0.125_aligned,aligned,1.0,128,0.125,128,-0.375,0.0,0.0
delta1_K128_radius0.125_aligned,aligned,1.0,128,0.125,128,-0.34375,0.0,0.0
delta1_K128_radius0.125_aligned,aligned,1.0,128,0.125,128,-0.3125,0.0,0.0
delta1_K128_radius0.125_aligned,aligned,1.0,128,0.125,128,-0.28125,0.0,0.0
delta1_K128_radius0.125_aligned,aligned,1.0,128,0.125,128,-0.25,0.0,0.0
delta1_K128_radius0.125_aligned,aligned,1.0,128,0.125,128,-0.21875,0.0,0.0
delta1_K128_radius0.125_aligned,aligned,1.0,128,0.125,128,-0.1875,0.0,0.0
delta1_K128_radius0.125_aligned,aligned,1.0,128,0.125,128,-0.15625,0.0,0.0
delta1_K128_radius0.125_aligned,aligned,1.0,128,0.125,128,-0.125,0.0,0.0
delta1_K128_radius0.125_aligned,aligned,1.0,128,0.125,128,-0.09375,0.0,0.0
delta1_K128_radius0.125_aligned,aligned,1.0,128,0.125,128,-0.0625,0.0,0.0
delta1_K128_radius0.125_aligned,aligned,1.0,128,0.125,128,-0.03125,0.0,0.0
delta1_K128_radius0.125_aligned,aligned,1.0,128,0.125,128,0.0,0.0,0.0
delta1_K128_radius0.125_aligned,aligned,1.0,128,0.125,128,0.03125,0.0,0.0
delta1_K128_radius0.125_aligned,aligned,1.0,128,0.125,128,0.0625,0.0,0.0
delta1_K128_radius0.125_aligned,aligned,1.0,128,0.125,128,0.09375,0.0,0.0
delta1_K128_radius0.125_aligned,aligned,1.0,128,0.125,128,0.125,0.0,0.0
delta1_K128_radius0.125_aligned,aligned,1.0,128,0.125,128,0.15625,0.0,0.0
delta1_K128_radius0.125_aligned,aligned,1.0,128,0.125,128,0.1875,0.0,0.0
delta1_K128_radius0.125_aligned,aligned,1.0,128,0.125,128,0.21875,0.0,0.0
delta1_K128_radius0.125_aligned,aligned,1.0,128,0.125,128,0.25,0.0,0.0
delta1_K128_radius0.125_aligned,aligned,1.0,128,0.125,128,0.28125,0.0,0.0
delta1_K128_radius0.125_aligned,aligned,1.0,128,0.125,128,0.3125,0.0,0.0
delta1_K128_radius0.125_aligned,aligned,1.0,128,0.125,128,0.34375,0.0,0.0
delta1_K128_radius0.125_aligned,aligned,1.0,128,0.125,128,0.375,0.0,0.0
delta1_K128_radius0.125_aligned,aligned,1.0,128,0.125,128,0.40625,0.0,0.0
delta1_K128_radius0.125_aligned,aligned,1.0,128,0.125,128,0.4375,0.0,0.0
delta1_K128_radius0.125_aligned,aligned,1.0,128,0.125,128,0.46875,0.0,0.0
delta1_K128_radius0.125_aligned,aligned,1.0,128,0.125,128,0.5,0.0,0.0
delta1_K128_radius0.125_aligned,aligned,1.0,128,0.125,128,0.53125,0.0,0.0
delta1_K128_radius0.125_aligned,aligned,1.0,128,0.125,128,0.5625,0.0,0.0
delta1_K128_radius0.125_aligned,aligned,1.0,128,0.125,128,0.59375,0.0,0.0
delta1_K128_radius0.125_aligned,aligned,1.0,128,0.125,128,0.625,0.0,0.0
delta1_K128_radius0.125_aligned,aligned,1.0,128,0.125,128,0.65625,0.0,0.0
delta1_K128_radius0.125_aligned,aligned,1.0,128,0.125,128,0.6875,0.0,0.0
delta1_K128_radius0.125_aligned,aligned,1.0,128,0.125,128,0.71875,0.0,0.0
delta1_K128_radius0.125_aligned,aligned,1.0,128,0.125,128,0.75,0.0,0.0
delta1_K128_radius0.125_aligned,aligned,1.0,128,0.125,128,0.78125,0.0,0.0
delta1_K128_radius0.125_aligned,aligned,1.0,128,0.125,128,0.8125,0.0,0.0
delta1_K128_radius0.125_aligned,aligned,1.0,128,0.125,128,0.84375,0.0,0.0
delta1_K128_radius0.125_aligned,aligned,1.0,128,0.125,128,0.875,0.0,0.0
delta1_K128_radius0.125_aligned,aligned,1.0,128,0.125,128,0.90625,0.0,0.0
delta1_K128_radius0.125_aligned,aligned,1.0,128,0.125,128,0.9375,0.0,0.0
delta1_K128_radius0.125_aligned,aligned,1.0,128,0.125,128,0.96875,0.0,0.0
delta1_K128_radius0.125_aligned,aligned,1.0,128,0.125,128,1.0,0.0,0.0
delta1_K128_radius0.125_transverse,transverse,1.0,128,0.125,128,-1.0,-0.9999999999999942,-6.103509804219996e-06
delta1_K128_radius0.125_transverse,transverse,1.0,128,0.125,128,-0.96875,-0.9687499999999947,-5.9127751228381236e-06
delta1_K128_radius0.125_transverse,transverse,1.0,128,0.125,128,-0.9375,-0.9374999999999942,-5.722040441456244e-06
delta1_K128_radius0.125_transverse,transverse,1.0,128,0.125,128,-0.90625,-0.9062499999999947,-5.531305760074372e-06
delta1_K128_radius0.125_transverse,transverse,1.0,128,0.125,128,-0.875,-0.8749999999999951,-5.340571078692498e-06
delta1_K128_radius0.125_transverse,transverse,1.0,128,0.125,128,-0.84375,-0.8437499999999951,-5.149836397310622e-06
delta1_K128_radius0.125_transverse,transverse,1.0,128,0.125,128,-0.8125,-0.8124999999999951,-4.959101715928746e-06
delta1_K128_radius0.125_transverse,transverse,1.0,128,0.125,128,-0.78125,-0.7812499999999951,-4.76836703454687e-06
delta1_K128_radius0.125_transverse,transverse,1.0,128,0.125,128,-0.75,-0.7499999999999956,-4.577632353164997e-06
delta1_K128_radius0.125_transverse,transverse,1.0,128,0.125,128,-0.71875,-0.718749999999996,-4.3868976717831235e-06
delta1_K128_radius0.125_transverse,transverse,1.0,128,0.125,128,-0.6875,-0.6874999999999956,-4.196162990401245e-06
delta1_K128_radius0.125_transverse,transverse,1.0,128,0.125,128,-0.65625,-0.656249999999996,-4.0054283090193715e-06
delta1_K128_radius0.125_transverse,transverse,1.0,128,0.125,128,-0.625,-0.6249999999999964,-3.814693627637498e-06
delta1_K128_radius0.125_transverse,transverse,1.0,128,0.125,128,-0.59375,-0.593749999999996,-3.6239589462556196e-06
delta1_K128_radius0.125_transverse,transverse,1.0,128,0.125,128,-0.5625,-0.5624999999999964,-3.433224264873746e-06
delta1_K128_radius0.125_transverse,transverse,1.0,128,0.125,128,-0.53125,-0.5312499999999969,-3.2424895834918728e-06
delta1_K128_radius0.125_transverse,transverse,1.0,128,0.125,128,-0.5,-0.49999999999999734,-3.0517549021099998e-06
delta1_K128_radius0.125_transverse,transverse,1.0,128,0.125,128,-0.46875,-0.4687499999999978,-2.8610202207281263e-06
delta1_K128_radius0.125_transverse,transverse,1.0,128,0.125,128,-0.4375,-0.43749999999999734,-2.6702855393462474e-06
delta1_K128_radius0.125_transverse,transverse,1.0,128,0.125,128,-0.40625,-0.4062499999999978,-2.4795508579643744e-06
delta1_K128_radius0.125_transverse,transverse,1.0,128,0.125,128,-0.375,-0.3749999999999982,-2.288816176582501e-06
delta1_K128_radius0.125_transverse,transverse,1.0,128,0.125,128,-0.34375,-0.3437499999999978,-2.0980814952006225e-06
delta1_K128_radius0.125_transverse,transverse,1.0,128,0.125,128,-0.3125,-0.3124999999999982,-1.907346813818749e-06
delta1_K128_radius0.125_transverse,transverse,1.0,128,0.125,128,-0.28125,-0.2812499999999982,-1.716612132436873e-06
delta1_K128_radius0.125_transverse,transverse,1.0,128,0.125,128,-0.25,-0.24999999999999867,-1.5258774510549999e-06
delta1_K128_radius0.125_transverse,transverse,1.0,128,0.125,128,-0.21875,-0.21874999999999822,-1.3351427696731212e-06
delta1_K128_radius0.125_transverse,transverse,1.0,128,0.125,128,-0.1875,-0.18749999999999867,-1.1444080882912477e-06
delta1_K128_radius0.125_transverse,transverse,1.0,128,0.125,128,-0.15625,-0.1562499999999991,-9.536734069093745e-07
delta1_K128_radius0.125_transverse,transverse,1.0,128,0.125,128,-0.125,-0.12499999999999956,-7.629387255275012e-07
delta1_K128_radius0.125_transverse,transverse,1.0,128,0.125,128,-0.09375,-0.09374999999999911,-5.722040441456226e-07
delta1_K128_radius0.125_transverse,transverse,1.0,128,0.125,128,-0.0625,-0.062499999999999556,-3.814693627637493e-07
delta1_K128_radius0.125_transverse,transverse,1.0,128,0.125,128,-0.03125,-0.03125,-1.90734681381876e-07
delta1_K128_radius0.125_transverse,transverse,1.0,128,0.125,128,0.0,0.0,0.0
delta1_K128_radius0.125_transverse,transverse,1.0,128,0.125,128,0.03125,0.03125,1.90734681381876e-07
delta1_K128_radius0.125_transverse,transverse,1.0,128,0.125,128,0.0625,0.062499999999999556,3.814693627637493e-07
delta1_K128_radius0.125_transverse,transverse,1.0,128,0.125,128,0.09375,0.09374999999999911,5.722040441456226e-07
delta1_K128_radius0.125_transverse,transverse,1.0,128,0.125,128,0.125,0.12499999999999956,7.629387255275012e-07
delta1_K128_radius0.125_transverse,transverse,1.0,128,0.125,128,0.15625,0.1562499999999991,9.536734069093745e-07
delta1_K128_radius0.125_transverse,transverse,1.0,128,0.125,128,0.1875,0.18749999999999867,1.1444080882912477e-06
delta1_K128_radius0.125_transverse,transverse,1.0,128,0.125,128,0.21875,0.21874999999999822,1.3351427696731212e-06
delta1_K128_radius0.125_transverse,transverse,1.0,128,0.125,128,0.25,0.24999999999999867,1.5258774510549999e-06
delta1_K128_radius0.125_transverse,transverse,1.0,128,0.125,128,0.28125,0.2812499999999982,1.716612132436873e-06
delta1_K128_radius0.125_transverse,transverse,1.0,128,0.125,128,0.3125,0.3124999999999982,1.907346813818749e-06
delta1_K128_radius0.125_transverse,transverse,1.0,128,0.125,128,0.34375,0.3437499999999978,2.0980814952006225e-06
delta1_K128_radius0.125_transverse,transverse,1.0,128,0.125,128,0.375,0.3749999999999982,2.288816176582501e-06
delta1_K128_radius0.125_transverse,transverse,1.0,128,0.125,128,0.40625,0.4062499999999978,2.4795508579643744e-06
delta1_K128_radius0.125_transverse,transverse,1.0,128,0.125,128,0.4375,0.43749999999999734,2.6702855393462474e-06
delta1_K128_radius0.125_transverse,transverse,1.0,128,0.125,128,0.46875,0.4687499999999978,2.8610202207281263e-06
delta1_K128_radius0.125_transverse,transverse,1.0,128,0.125,128,0.5,0.49999999999999734,3.0517549021099998e-06
delta1_K128_radius0.125_transverse,transverse,1.0,128,0.125,128,0.53125,0.5312499999999969,3.2424895834918728e-06
delta1_K128_radius0.125_transverse,transverse,1.0,128,0.125,128,0.5625,0.5624999999999964,3.433224264873746e-06
delta1_K128_radius0.125_transverse,transverse,1.0,128,0.125,128,0.59375,0.5937499999999969,3.6239589462556247e-06
delta1_K128_radius0.125_transverse,transverse,1.0,128,0.125,128,0.625,0.6249999999999964,3.814693627637498e-06
delta1_K128_radius0.125_transverse,transverse,1.0,128,0.125,128,0.65625,0.656249999999996,4.0054283090193715e-06
delta1_K128_radius0.125_transverse,transverse,1.0,128,0.125,128,0.6875,0.6874999999999956,4.196162990401245e-06
delta1_K128_radius0.125_transverse,transverse,1.0,128,0.125,128,0.71875,0.718749999999996,4.3868976717831235e-06
delta1_K128_radius0.125_transverse,transverse,1.0,128,0.125,128,0.75,0.7499999999999956,4.577632353164997e-06
delta1_K128_radius0.125_transverse,transverse,1.0,128,0.125,128,0.78125,0.7812499999999951,4.76836703454687e-06
delta1_K128_radius0.125_transverse,transverse,1.0,128,0.125,128,0.8125,0.8124999999999956,4.959101715928749e-06
delta1_K128_radius0.125_transverse,transverse,1.0,128,0.125,128,0.84375,0.8437499999999951,5.149836397310622e-06
delta1_K128_radius0.125_transverse,transverse,1.0,128,0.125,128,0.875,0.8749999999999951,5.340571078692498e-06
delta1_K128_radius0.125_transverse,transverse,1.0,128,0.125,128,0.90625,0.9062499999999947,5.531305760074372e-06
delta1_K128_radius0.125_transverse,transverse,1.0,128,0.125,128,0.9375,0.9374999999999947,5.722040441456248e-06
delta1_K128_radius0.125_transverse,transverse,1.0,128,0.125,128,0.96875,0.9687499999999947,5.9127751228381236e-06
delta1_K128_radius0.125_transverse,transverse,1.0,128,0.125,128,1.0,0.9999999999999942,6.103509804219996e-06
delta1_K128_radius0.015625_aligned,aligned,1.0,128,0.015625,128,-1.0,0.0,0.0
delta1_K128_radius0.015625_aligned,aligned,1.0,128,0.015625,128,-0.96875,0.0,0.0
delta1_K128_radius0.015625_aligned,aligned,1.0,128,0.015625,128,-0.9375,0.0,0.0
delta1_K128_radius0.015625_aligned,aligned,1.0,128,0.015625,128,-0.90625,0.0,0.0
delta1_K128_radius0.015625_aligned,aligned,1.0,128,0.015625,128,-0.875,0.0,0.0
delta1_K128_radius0.015625_aligned,aligned,1.0,128,0.015625,128,-0.84375,0.0,0.0
delta1_K128_radius0.015625_aligned,aligned,1.0,128,0.015625,128,-0.8125,0.0,0.0
delta1_K128_radius0.015625_aligned,aligned,1.0,128,0.015625,128,-0.78125,0.0,0.0
delta1_K128_radius0.015625_aligned,aligned,1.0,128,0.015625,128,-0.75,0.0,0.0
delta1_K128_radius0.015625_aligned,aligned,1.0,128,0.015625,128,-0.71875,0.0,0.0
delta1_K128_radius0.015625_aligned,aligned,1.0,128,0.015625,128,-0.6875,0.0,0.0
delta1_K128_radius0.015625_aligned,aligned,1.0,128,0.015625,128,-0.65625,0.0,0.0
delta1_K128_radius0.015625_aligned,aligned,1.0,128,0.015625,128,-0.625,0.0,0.0
delta1_K128_radius0.015625_aligned,aligned,1.0,128,0.015625,128,-0.59375,0.0,0.0
delta1_K128_radius0.015625_aligned,aligned,1.0,128,0.015625,128,-0.5625,0.0,0.0
delta1_K128_radius0.015625_aligned,aligned,1.0,128,0.015625,128,-0.53125,0.0,0.0
delta1_K128_radius0.015625_aligned,aligned,1.0,128,0.015625,128,-0.5,0.0,0.0
delta1_K128_radius0.015625_aligned,aligned,1.0,128,0.015625,128,-0.46875,0.0,0.0
delta1_K128_radius0.015625_aligned,aligned,1.0,128,0.015625,128,-0.4375,0.0,0.0
delta1_K128_radius0.015625_aligned,aligned,1.0,128,0.015625,128,-0.40625,0.0,0.0
delta1_K128_radius0.015625_aligned,aligned,1.0,128,0.015625,128,-0.375,0.0,0.0
delta1_K128_radius0.015625_aligned,aligned,1.0,128,0.015625,128,-0.34375,0.0,0.0
delta1_K128_radius0.015625_aligned,aligned,1.0,128,0.015625,128,-0.3125,0.0,0.0
delta1_K128_radius0.015625_aligned,aligned,1.0,128,0.015625,128,-0.28125,0.0,0.0
delta1_K128_radius0.015625_aligned,aligned,1.0,128,0.015625,128,-0.25,0.0,0.0
delta1_K128_radius0.015625_aligned,aligned,1.0,128,0.015625,128,-0.21875,0.0,0.0
delta1_K128_radius0.015625_aligned,aligned,1.0,128,0.015625,128,-0.1875,0.0,0.0
delta1_K128_radius0.015625_aligned,aligned,1.0,128,0.015625,128,-0.15625,0.0,0.0
delta1_K128_radius0.015625_aligned,aligned,1.0,128,0.015625,128,-0.125,0.0,0.0
delta1_K128_radius0.015625_aligned,aligned,1.0,128,0.015625,128,-0.09375,0.0,0.0
delta1_K128_radius0.015625_aligned,aligned,1.0,128,0.015625,128,-0.0625,0.0,0.0
delta1_K128_radius0.015625_aligned,aligned,1.0,128,0.015625,128,-0.03125,0.0,0.0
delta1_K128_radius0.015625_aligned,aligned,1.0,128,0.015625,128,0.0,0.0,0.0
delta1_K128_radius0.015625_aligned,aligned,1.0,128,0.015625,128,0.03125,0.0,0.0
delta1_K128_radius0.015625_aligned,aligned,1.0,128,0.015625,128,0.0625,0.0,0.0
delta1_K128_radius0.015625_aligned,aligned,1.0,128,0.015625,128,0.09375,0.0,0.0
delta1_K128_radius0.015625_aligned,aligned,1.0,128,0.015625,128,0.125,0.0,0.0
delta1_K128_radius0.015625_aligned,aligned,1.0,128,0.015625,128,0.15625,0.0,0.0
delta1_K128_radius0.015625_aligned,aligned,1.0,128,0.015625,128,0.1875,0.0,0.0
delta1_K128_radius0.015625_aligned,aligned,1.0,128,0.015625,128,0.21875,0.0,0.0
delta1_K128_radius0.015625_aligned,aligned,1.0,128,0.015625,128,0.25,0.0,0.0
delta1_K128_radius0.015625_aligned,aligned,1.0,128,0.015625,128,0.28125,0.0,0.0
delta1_K128_radius0.015625_aligned,aligned,1.0,128,0.015625,128,0.3125,0.0,0.0
delta1_K128_radius0.015625_aligned,aligned,1.0,128,0.015625,128,0.34375,0.0,0.0
delta1_K128_radius0.015625_aligned,aligned,1.0,128,0.015625,128,0.375,0.0,0.0
delta1_K128_radius0.015625_aligned,aligned,1.0,128,0.015625,128,0.40625,0.0,0.0
delta1_K128_radius0.015625_aligned,aligned,1.0,128,0.015625,128,0.4375,0.0,0.0
delta1_K128_radius0.015625_aligned,aligned,1.0,128,0.015625,128,0.46875,0.0,0.0
delta1_K128_radius0.015625_aligned,aligned,1.0,128,0.015625,128,0.5,0.0,0.0
delta1_K128_radius0.015625_aligned,aligned,1.0,128,0.015625,128,0.53125,0.0,0.0
delta1_K128_radius0.015625_aligned,aligned,1.0,128,0.015625,128,0.5625,0.0,0.0
delta1_K128_radius0.015625_aligned,aligned,1.0,128,0.015625,128,0.59375,0.0,0.0
delta1_K128_radius0.015625_aligned,aligned,1.0,128,0.015625,128,0.625,0.0,0.0
delta1_K128_radius0.015625_aligned,aligned,1.0,128,0.015625,128,0.65625,0.0,0.0
delta1_K128_radius0.015625_aligned,aligned,1.0,128,0.015625,128,0.6875,0.0,0.0
delta1_K128_radius0.015625_aligned,aligned,1.0,128,0.015625,128,0.71875,0.0,0.0
delta1_K128_radius0.015625_aligned,aligned,1.0,128,0.015625,128,0.75,0.0,0.0
delta1_K128_radius0.015625_aligned,aligned,1.0,128,0.015625,128,0.78125,0.0,0.0
delta1_K128_radius0.015625_aligned,aligned,1.0,128,0.015625,128,0.8125,0.0,0.0
delta1_K128_radius0.015625_aligned,aligned,1.0,128,0.015625,128,0.84375,0.0,0.0
delta1_K128_radius0.015625_aligned,aligned,1.0,128,0.015625,128,0.875,0.0,0.0
delta1_K128_radius0.015625_aligned,aligned,1.0,128,0.015625,128,0.90625,0.0,0.0
delta1_K128_radius0.015625_aligned,aligned,1.0,128,0.015625,128,0.9375,0.0,0.0
delta1_K128_radius0.015625_aligned,aligned,1.0,128,0.015625,128,0.96875,0.0,0.0
delta1_K128_radius0.015625_aligned,aligned,1.0,128,0.015625,128,1.0,0.0,0.0
delta1_K128_radius0.015625_transverse,transverse,1.0,128,0.015625,128,-1.0,-1.0000000000000004,-7.629387255275043e-07
delta1_K128_radius0.015625_transverse,transverse,1.0,128,0.015625,128,-0.96875,-0.96875,-7.390968903547695e-07
delta1_K128_radius0.015625_transverse,transverse,1.0,128,0.015625,128,-0.9375,-0.9375,-7.15255055182035e-07
delta1_K128_radius0.015625_transverse,transverse,1.0,128,0.015625,128,-0.90625,-0.90625,-6.914132200093005e-07
delta1_K128_radius0.015625_transverse,transverse,1.0,128,0.015625,128,-0.875,-0.8750000000000004,-6.675713848365663e-07
delta1_K128_radius0.015625_transverse,transverse,1.0,128,0.015625,128,-0.84375,-0.8437500000000004,-6.437295496638318e-07
delta1_K128_radius0.015625_transverse,transverse,1.0,128,0.015625,128,-0.8125,-0.8125,-6.19887714491097e-07
delta1_K128_radius0.015625_transverse,transverse,1.0,128,0.015625,128,-0.78125,-0.78125,-5.960458793183625e-07
delta1_K128_radius0.015625_transverse,transverse,1.0,128,0.015625,128,-0.75,-0.75,-5.72204044145628e-07
delta1_K128_radius0.015625_transverse,transverse,1.0,128,0.015625,128,-0.71875,-0.71875,-5.483622089728935e-07
delta1_K128_radius0.015625_transverse,transverse,1.0,128,0.015625,128,-0.6875,-0.6875000000000004,-5.245203738001593e-07
delta1_K128_radius0.015625_transverse,transverse,1.0,128,0.015625,128,-0.65625,-0.65625,-5.006785386274245e-07
delta1_K128_radius0.015625_transverse,transverse,1.0,128,0.015625,128,-0.625,-0.6250000000000004,-4.7683670345469033e-07
delta1_K128_radius0.015625_transverse,transverse,1.0,128,0.015625,128,-0.59375,-0.59375,-4.5299486828195547e-07
delta1_K128_radius0.015625_transverse,transverse,1.0,128,0.015625,128,-0.5625,-0.5625,-4.2915303310922097e-07
delta1_K128_radius0.015625_transverse,transverse,1.0,128,0.015625,128,-0.53125,-0.53125,-4.053111979364865e-07
delta1_K128_radius0.015625_transverse,transverse,1.0,128,0.015625,128,-0.5,-0.5000000000000004,-3.814693627637523e-07
delta1_K128_radius0.015625_transverse,transverse,1.0,128,0.015625,128,-0.46875,-0.46875000000000044,-3.576275275910178e-07
delta1_K128_radius0.015625_transverse,transverse,1.0,128,0.015625,128,-0.4375,-0.4375,-3.33785692418283e-07
delta1_K128_radius0.015625_transverse,transverse,1.0,128,0.015625,128,-0.40625,-0.40625,-3.099438572455485e-07
delta1_K128_radius0.015625_transverse,transverse,1.0,128,0.015625,128,-0.375,-0.375,-2.86102022072814e-07
delta1_K128_radius0.015625_transverse,transverse,1.0,128,0.015625,128,-0.34375,-0.34375,-2.622601869000795e-07
delta1_K128_radius0.015625_transverse,transverse,1.0,128,0.015625,128,-0.3125,-0.3125,-2.3841835172734498e-07
delta1_K128_radius0.015625_transverse,transverse,1.0,128,0.015625,128,-0.28125,-0.28125,-2.1457651655461049e-07
delta1_K128_radius0.015625_transverse,transverse,1.0,128,0.015625,128,-0.25,-0.25,-1.90734681381876e-07
delta1_K128_radius0.015625_transverse,transverse,1.0,128,0.015625,128,-0.21875,-0.21875,-1.668928462091415e-07
delta1_K128_radius0.015625_transverse,transverse,1.0,128,0.015625,128,-0.1875,-0.1875,-1.43051011036407e-07
delta1_K128_radius0.015625_transverse,transverse,1.0,128,0.015625,128,-0.15625,-0.15625,-1.1920917586367249e-07
delta1_K128_radius0.015625_transverse,transverse,1.0,128,0.015625,128,-0.125,-0.125,-9.5367340690938e-08
delta1_K128_radius0.015625_transverse,transverse,1.0,128,0.015625,128,-0.09375,-0.09375000000000044,-7.152550551820383e-08
delta1_K128_radius0.015625_transverse,transverse,1.0,128,0.015625,128,-0.0625,-0.0625,-4.7683670345469e-08
delta1_K128_radius0.015625_transverse,transverse,1.0,128,0.015625,128,-0.03125,-0.03125,-2.38418351727345e-08
delta1_K128_radius0.015625_transverse,transverse,1.0,128,0.015625,128,0.0,0.0,0.0
delta1_K128_radius0.015625_transverse,transverse,1.0,128,0.015625,128,0.03125,0.03125,2.38418351727345e-08
delta1_K128_radius0.015625_transverse,transverse,1.0,128,0.015625,128,0.0625,0.0625,4.7683670345469e-08
delta1_K128_radius0.015625_transverse,transverse,1.0,128,0.015625,128,0.09375,0.09375000000000044,7.152550551820383e-08
delta1_K128_radius0.015625_transverse,transverse,1.0,128,0.015625,128,0.125,0.125,9.5367340690938e-08
delta1_K128_radius0.015625_transverse,transverse,1.0,128,0.015625,128,0.15625,0.15625,1.1920917586367249e-07
delta1_K128_radius0.015625_transverse,transverse,1.0,128,0.015625,128,0.1875,0.1875,1.43051011036407e-07
delta1_K128_radius0.015625_transverse,transverse,1.0,128,0.015625,128,0.21875,0.21875,1.668928462091415e-07
delta1_K128_radius0.015625_transverse,transverse,1.0,128,0.015625,128,0.25,0.25,1.90734681381876e-07
delta1_K128_radius0.015625_transverse,transverse,1.0,128,0.015625,128,0.28125,0.28125,2.1457651655461049e-07
delta1_K128_radius0.015625_transverse,transverse,1.0,128,0.015625,128,0.3125,0.3125,2.3841835172734498e-07
delta1_K128_radius0.015625_transverse,transverse,1.0,128,0.015625,128,0.34375,0.34375,2.622601869000795e-07
delta1_K128_radius0.015625_transverse,transverse,1.0,128,0.015625,128,0.375,0.375,2.86102022072814e-07
delta1_K128_radius0.015625_transverse,transverse,1.0,128,0.015625,128,0.40625,0.40625,3.099438572455485e-07
delta1_K128_radius0.015625_transverse,transverse,1.0,128,0.015625,128,0.4375,0.4375,3.33785692418283e-07
delta1_K128_radius0.015625_transverse,transverse,1.0,128,0.015625,128,0.46875,0.46875000000000044,3.576275275910178e-07
delta1_K128_radius0.015625_transverse,transverse,1.0,128,0.015625,128,0.5,0.5000000000000004,3.814693627637523e-07
delta1_K128_radius0.015625_transverse,transverse,1.0,128,0.015625,128,0.53125,0.53125,4.053111979364865e-07
delta1_K128_radius0.015625_transverse,transverse,1.0,128,0.015625,128,0.5625,0.5625,4.2915303310922097e-07
delta1_K128_radius0.015625_transverse,transverse,1.0,128,0.015625,128,0.59375,0.59375,4.5299486828195547e-07
delta1_K128_radius0.015625_transverse,transverse,1.0,128,0.015625,128,0.625,0.625,4.7683670345468996e-07
delta1_K128_radius0.015625_transverse,transverse,1.0,128,0.015625,128,0.65625,0.65625,5.006785386274245e-07
delta1_K128_radius0.015625_transverse,transverse,1.0,128,0.015625,128,0.6875,0.6875000000000004,5.245203738001593e-07
delta1_K128_radius0.015625_transverse,transverse,1.0,128,0.015625,128,0.71875,0.71875,5.483622089728935e-07
delta1_K128_radius0.015625_transverse,transverse,1.0,128,0.015625,128,0.75,0.75,5.72204044145628e-07
delta1_K128_radius0.015625_transverse,transverse,1.0,128,0.015625,128,0.78125,0.78125,5.960458793183625e-07
delta1_K128_radius0.015625_transverse,transverse,1.0,128,0.015625,128,0.8125,0.8125,6.19887714491097e-07
delta1_K128_radius0.015625_transverse,transverse,1.0,128,0.015625,128,0.84375,0.8437500000000004,6.437295496638318e-07
delta1_K128_radius0.015625_transverse,transverse,1.0,128,0.015625,128,0.875,0.875,6.67571384836566e-07
delta1_K128_radius0.015625_transverse,transverse,1.0,128,0.015625,128,0.90625,0.90625,6.914132200093005e-07
delta1_K128_radius0.015625_transverse,transverse,1.0,128,0.015625,128,0.9375,0.9375,7.15255055182035e-07
delta1_K128_radius0.015625_transverse,transverse,1.0,128,0.015625,128,0.96875,0.96875,7.390968903547695e-07
delta1_K128_radius0.015625_transverse,transverse,1.0,128,0.015625,128,1.0,1.0,7.62938725527504e-07
delta1_K512_radius0_common,common,1.0,512,0.0,128,-1.0,0.0,0.0
delta1_K512_radius0_common,common,1.0,512,0.0,128,-0.96875,0.0,0.0
delta1_K512_radius0_common,common,1.0,512,0.0,128,-0.9375,0.0,0.0
delta1_K512_radius0_common,common,1.0,512,0.0,128,-0.90625,0.0,0.0
delta1_K512_radius0_common,common,1.0,512,0.0,128,-0.875,0.0,0.0
delta1_K512_radius0_common,common,1.0,512,0.0,128,-0.84375,0.0,0.0
delta1_K512_radius0_common,common,1.0,512,0.0,128,-0.8125,0.0,0.0
delta1_K512_radius0_common,common,1.0,512,0.0,128,-0.78125,0.0,0.0
delta1_K512_radius0_common,common,1.0,512,0.0,128,-0.75,0.0,0.0
delta1_K512_radius0_common,common,1.0,512,0.0,128,-0.71875,0.0,0.0
delta1_K512_radius0_common,common,1.0,512,0.0,128,-0.6875,0.0,0.0
delta1_K512_radius0_common,common,1.0,512,0.0,128,-0.65625,0.0,0.0
delta1_K512_radius0_common,common,1.0,512,0.0,128,-0.625,0.0,0.0
delta1_K512_radius0_common,common,1.0,512,0.0,128,-0.59375,0.0,0.0
delta1_K512_radius0_common,common,1.0,512,0.0,128,-0.5625,0.0,0.0
delta1_K512_radius0_common,common,1.0,512,0.0,128,-0.53125,0.0,0.0
delta1_K512_radius0_common,common,1.0,512,0.0,128,-0.5,0.0,0.0
delta1_K512_radius0_common,common,1.0,512,0.0,128,-0.46875,0.0,0.0
delta1_K512_radius0_common,common,1.0,512,0.0,128,-0.4375,0.0,0.0
delta1_K512_radius0_common,common,1.0,512,0.0,128,-0.40625,0.0,0.0
delta1_K512_radius0_common,common,1.0,512,0.0,128,-0.375,0.0,0.0
delta1_K512_radius0_common,common,1.0,512,0.0,128,-0.34375,0.0,0.0
delta1_K512_radius0_common,common,1.0,512,0.0,128,-0.3125,0.0,0.0
delta1_K512_radius0_common,common,1.0,512,0.0,128,-0.28125,0.0,0.0
delta1_K512_radius0_common,common,1.0,512,0.0,128,-0.25,0.0,0.0
delta1_K512_radius0_common,common,1.0,512,0.0,128,-0.21875,0.0,0.0
delta1_K512_radius0_common,common,1.0,512,0.0,128,-0.1875,0.0,0.0
delta1_K512_radius0_common,common,1.0,512,0.0,128,-0.15625,0.0,0.0
delta1_K512_radius0_common,common,1.0,512,0.0,128,-0.125,0.0,0.0
delta1_K512_radius0_common,common,1.0,512,0.0,128,-0.09375,0.0,0.0
delta1_K512_radius0_common,common,1.0,512,0.0,128,-0.0625,0.0,0.0
delta1_K512_radius0_common,common,1.0,512,0.0,128,-0.03125,0.0,0.0
delta1_K512_radius0_common,common,1.0,512,0.0,128,0.0,0.0,0.0
delta1_K512_radius0_common,common,1.0,512,0.0,128,0.03125,0.0,0.0
delta1_K512_radius0_common,common,1.0,512,0.0,128,0.0625,0.0,0.0
delta1_K512_radius0_common,common,1.0,512,0.0,128,0.09375,0.0,0.0
delta1_K512_radius0_common,common,1.0,512,0.0,128,0.125,0.0,0.0
delta1_K512_radius0_common,common,1.0,512,0.0,128,0.15625,0.0,0.0
delta1_K512_radius0_common,common,1.0,512,0.0,128,0.1875,0.0,0.0
delta1_K512_radius0_common,common,1.0,512,0.0,128,0.21875,0.0,0.0
delta1_K512_radius0_common,common,1.0,512,0.0,128,0.25,0.0,0.0
delta1_K512_radius0_common,common,1.0,512,0.0,128,0.28125,0.0,0.0
delta1_K512_radius0_common,common,1.0,512,0.0,128,0.3125,0.0,0.0
delta1_K512_radius0_common,common,1.0,512,0.0,128,0.34375,0.0,0.0
delta1_K512_radius0_common,common,1.0,512,0.0,128,0.375,0.0,0.0
delta1_K512_radius0_common,common,1.0,512,0.0,128,0.40625,0.0,0.0
delta1_K512_radius0_common,common,1.0,512,0.0,128,0.4375,0.0,0.0
delta1_K512_radius0_common,common,1.0,512,0.0,128,0.46875,0.0,0.0
delta1_K512_radius0_common,common,1.0,512,0.0,128,0.5,0.0,0.0
delta1_K512_radius0_common,common,1.0,512,0.0,128,0.53125,0.0,0.0
delta1_K512_radius0_common,common,1.0,512,0.0,128,0.5625,0.0,0.0
delta1_K512_radius0_common,common,1.0,512,0.0,128,0.59375,0.0,0.0
delta1_K512_radius0_common,common,1.0,512,0.0,128,0.625,0.0,0.0
delta1_K512_radius0_common,common,1.0,512,0.0,128,0.65625,0.0,0.0
delta1_K512_radius0_common,common,1.0,512,0.0,128,0.6875,0.0,0.0
delta1_K512_radius0_common,common,1.0,512,0.0,128,0.71875,0.0,0.0
delta1_K512_radius0_common,common,1.0,512,0.0,128,0.75,0.0,0.0
delta1_K512_radius0_common,common,1.0,512,0.0,128,0.78125,0.0,0.0
delta1_K512_radius0_common,common,1.0,512,0.0,128,0.8125,0.0,0.0
delta1_K512_radius0_common,common,1.0,512,0.0,128,0.84375,0.0,0.0
delta1_K512_radius0_common,common,1.0,512,0.0,128,0.875,0.0,0.0
delta1_K512_radius0_common,common,1.0,512,0.0,128,0.90625,0.0,0.0
delta1_K512_radius0_common,common,1.0,512,0.0,128,0.9375,0.0,0.0
delta1_K512_radius0_common,common,1.0,512,0.0,128,0.96875,0.0,0.0
delta1_K512_radius0_common,common,1.0,512,0.0,128,1.0,0.0,0.0
delta1_K512_radius1_aligned,aligned,1.0,512,1.0,128,-1.0,0.0,0.0
delta1_K512_radius1_aligned,aligned,1.0,512,1.0,128,-0.96875,0.0,0.0
delta1_K512_radius1_aligned,aligned,1.0,512,1.0,128,-0.9375,0.0,0.0
delta1_K512_radius1_aligned,aligned,1.0,512,1.0,128,-0.90625,0.0,0.0
delta1_K512_radius1_aligned,aligned,1.0,512,1.0,128,-0.875,0.0,0.0
delta1_K512_radius1_aligned,aligned,1.0,512,1.0,128,-0.84375,0.0,0.0
delta1_K512_radius1_aligned,aligned,1.0,512,1.0,128,-0.8125,0.0,0.0
delta1_K512_radius1_aligned,aligned,1.0,512,1.0,128,-0.78125,0.0,0.0
delta1_K512_radius1_aligned,aligned,1.0,512,1.0,128,-0.75,0.0,0.0
delta1_K512_radius1_aligned,aligned,1.0,512,1.0,128,-0.71875,0.0,0.0
delta1_K512_radius1_aligned,aligned,1.0,512,1.0,128,-0.6875,0.0,0.0
delta1_K512_radius1_aligned,aligned,1.0,512,1.0,128,-0.65625,0.0,0.0
delta1_K512_radius1_aligned,aligned,1.0,512,1.0,128,-0.625,0.0,0.0
delta1_K512_radius1_aligned,aligned,1.0,512,1.0,128,-0.59375,0.0,0.0
delta1_K512_radius1_aligned,aligned,1.0,512,1.0,128,-0.5625,0.0,0.0
delta1_K512_radius1_aligned,aligned,1.0,512,1.0,128,-0.53125,0.0,0.0
delta1_K512_radius1_aligned,aligned,1.0,512,1.0,128,-0.5,0.0,0.0
delta1_K512_radius1_aligned,aligned,1.0,512,1.0,128,-0.46875,0.0,0.0
delta1_K512_radius1_aligned,aligned,1.0,512,1.0,128,-0.4375,0.0,0.0
delta1_K512_radius1_aligned,aligned,1.0,512,1.0,128,-0.40625,0.0,0.0
delta1_K512_radius1_aligned,aligned,1.0,512,1.0,128,-0.375,0.0,0.0
delta1_K512_radius1_aligned,aligned,1.0,512,1.0,128,-0.34375,0.0,0.0
delta1_K512_radius1_aligned,aligned,1.0,512,1.0,128,-0.3125,0.0,0.0
delta1_K512_radius1_aligned,aligned,1.0,512,1.0,128,-0.28125,0.0,0.0
delta1_K512_radius1_aligned,aligned,1.0,512,1.0,128,-0.25,0.0,0.0
delta1_K512_radius1_aligned,aligned,1.0,512,1.0,128,-0.21875,0.0,0.0
delta1_K512_radius1_aligned,aligned,1.0,512,1.0,128,-0.1875,0.0,0.0
delta1_K512_radius1_aligned,aligned,1.0,512,1.0,128,-0.15625,0.0,0.0
delta1_K512_radius1_aligned,aligned,1.0,512,1.0,128,-0.125,0.0,0.0
delta1_K512_radius1_aligned,aligned,1.0,512,1.0,128,-0.09375,0.0,0.0
delta1_K512_radius1_aligned,aligned,1.0,512,1.0,128,-0.0625,0.0,0.0
delta1_K512_radius1_aligned,aligned,1.0,512,1.0,128,-0.03125,0.0,0.0
delta1_K512_radius1_aligned,aligned,1.0,512,1.0,128,0.0,0.0,0.0
delta1_K512_radius1_aligned,aligned,1.0,512,1.0,128,0.03125,0.0,0.0
delta1_K512_radius1_aligned,aligned,1.0,512,1.0,128,0.0625,0.0,0.0
delta1_K512_radius1_aligned,aligned,1.0,512,1.0,128,0.09375,0.0,0.0
delta1_K512_radius1_aligned,aligned,1.0,512,1.0,128,0.125,0.0,0.0
delta1_K512_radius1_aligned,aligned,1.0,512,1.0,128,0.15625,0.0,0.0
delta1_K512_radius1_aligned,aligned,1.0,512,1.0,128,0.1875,0.0,0.0
delta1_K512_radius1_aligned,aligned,1.0,512,1.0,128,0.21875,0.0,0.0
delta1_K512_radius1_aligned,aligned,1.0,512,1.0,128,0.25,0.0,0.0
delta1_K512_radius1_aligned,aligned,1.0,512,1.0,128,0.28125,0.0,0.0
delta1_K512_radius1_aligned,aligned,1.0,512,1.0,128,0.3125,0.0,0.0
delta1_K512_radius1_aligned,aligned,1.0,512,1.0,128,0.34375,0.0,0.0
delta1_K512_radius1_aligned,aligned,1.0,512,1.0,128,0.375,0.0,0.0
delta1_K512_radius1_aligned,aligned,1.0,512,1.0,128,0.40625,0.0,0.0
delta1_K512_radius1_aligned,aligned,1.0,512,1.0,128,0.4375,0.0,0.0
delta1_K512_radius1_aligned,aligned,1.0,512,1.0,128,0.46875,0.0,0.0
delta1_K512_radius1_aligned,aligned,1.0,512,1.0,128,0.5,0.0,0.0
delta1_K512_radius1_aligned,aligned,1.0,512,1.0,128,0.53125,0.0,0.0
delta1_K512_radius1_aligned,aligned,1.0,512,1.0,128,0.5625,0.0,0.0
delta1_K512_radius1_aligned,aligned,1.0,512,1.0,128,0.59375,0.0,0.0
delta1_K512_radius1_aligned,aligned,1.0,512,1.0,128,0.625,0.0,0.0
delta1_K512_radius1_aligned,aligned,1.0,512,1.0,128,0.65625,0.0,0.0
delta1_K512_radius1_aligned,aligned,1.0,512,1.0,128,0.6875,0.0,0.0
delta1_K512_radius1_aligned,aligned,1.0,512,1.0,128,0.71875,0.0,0.0
delta1_K512_radius1_aligned,aligned,1.0,512,1.0,128,0.75,0.0,0.0
delta1_K512_radius1_aligned,aligned,1.0,512,1.0,128,0.78125,0.0,0.0
delta1_K512_radius1_aligned,aligned,1.0,512,1.0,128,0.8125,0.0,0.0
delta1_K512_radius1_aligned,aligned,1.0,512,1.0,128,0.84375,0.0,0.0
delta1_K512_radius1_aligned,aligned,1.0,512,1.0,128,0.875,0.0,0.0
delta1_K512_radius1_aligned,aligned,1.0,512,1.0,128,0.90625,0.0,0.0
delta1_K512_radius1_aligned,aligned,1.0,512,1.0,128,0.9375,0.0,0.0
delta1_K512_radius1_aligned,aligned,1.0,512,1.0,128,0.96875,0.0,0.0
delta1_K512_radius1_aligned,aligned,1.0,512,1.0,128,1.0,0.0,0.0
delta1_K512_radius1_transverse,transverse,1.0,512,1.0,128,-1.0,-0.9999999999999987,-1.2207030522404115e-05
delta1_K512_radius1_transverse,transverse,1.0,512,1.0,128,-0.96875,-0.9687499999999987,-1.1825560818578986e-05
delta1_K512_radius1_transverse,transverse,1.0,512,1.0,128,-0.9375,-0.9374999999999987,-1.1444091114753857e-05
delta1_K512_radius1_transverse,transverse,1.0,512,1.0,128,-0.90625,-0.9062499999999987,-1.1062621410928728e-05
delta1_K512_radius1_transverse,transverse,1.0,512,1.0,128,-0.875,-0.8749999999999987,-1.0681151707103599e-05
delta1_K512_radius1_transverse,transverse,1.0,512,1.0,128,-0.84375,-0.8437499999999991,-1.0299682003278475e-05
delta1_K512_radius1_transverse,transverse,1.0,512,1.0,128,-0.8125,-0.8124999999999991,-9.918212299453346e-06
delta1_K512_radius1_transverse,transverse,1.0,512,1.0,128,-0.78125,-0.7812499999999991,-9.536742595628217e-06
delta1_K512_radius1_transverse,transverse,1.0,512,1.0,128,-0.75,-0.7499999999999991,-9.155272891803087e-06
delta1_K512_radius1_transverse,transverse,1.0,512,1.0,128,-0.71875,-0.7187499999999991,-8.773803187977958e-06
delta1_K512_radius1_transverse,transverse,1.0,512,1.0,128,-0.6875,-0.6874999999999991,-8.39233348415283e-06
delta1_K512_radius1_transverse,transverse,1.0,512,1.0,128,-0.65625,-0.6562499999999991,-8.0108637803277e-06
delta1_K512_radius1_transverse,transverse,1.0,512,1.0,128,-0.625,-0.6249999999999987,-7.629394076502566e-06
delta1_K512_radius1_transverse,transverse,1.0,512,1.0,128,-0.59375,-0.5937499999999996,-7.247924372677448e-06
delta1_K512_radius1_transverse,transverse,1.0,512,1.0,128,-0.5625,-0.5624999999999991,-6.866454668852313e-06
delta1_K512_radius1_transverse,transverse,1.0,512,1.0,128,-0.53125,-0.5312499999999996,-6.48498496502719e-06
delta1_K512_radius1_transverse,transverse,1.0,512,1.0,128,-0.5,-0.4999999999999991,-6.103515261202055e-06
delta1_K512_radius1_transverse,transverse,1.0,512,1.0,128,-0.46875,-0.46874999999999956,-5.722045557376932e-06
delta1_K512_radius1_transverse,transverse,1.0,512,1.0,128,-0.4375,-0.4374999999999991,-5.340575853551797e-06
delta1_K512_radius1_transverse,transverse,1.0,512,1.0,128,-0.40625,-0.4062499999999991,-4.959106149726668e-06
delta1_K512_radius1_transverse,transverse,1.0,512,1.0,128,-0.375,-0.3749999999999991,-4.577636445901539e-06
delta1_K512_radius1_transverse,transverse,1.0,512,1.0,128,-0.34375,-0.34374999999999956,-4.196166742076415e-06
delta1_K512_radius1_transverse,transverse,1.0,512,1.0,128,-0.3125,-0.31249999999999956,-3.8146970382512856e-06
delta1_K512_radius1_transverse,transverse,1.0,512,1.0,128,-0.28125,-0.28124999999999956,-3.4332273344261565e-06
delta1_K512_radius1_transverse,transverse,1.0,512,1.0,128,-0.25,-0.24999999999999956,-3.0517576306010275e-06
delta1_K512_radius1_transverse,transverse,1.0,512,1.0,128,-0.21875,-0.21874999999999956,-2.6702879267758984e-06
delta1_K512_radius1_transverse,transverse,1.0,512,1.0,128,-0.1875,-0.18749999999999956,-2.2888182229507693e-06
delta1_K512_radius1_transverse,transverse,1.0,512,1.0,128,-0.15625,-0.15624999999999956,-1.9073485191256403e-06
delta1_K512_radius1_transverse,transverse,1.0,512,1.0,128,-0.125,-0.12499999999999956,-1.525878815300511e-06
delta1_K512_radius1_transverse,transverse,1.0,512,1.0,128,-0.09375,-0.09375,-1.1444091114753874e-06
delta1_K512_radius1_transverse,transverse,1.0,512,1.0,128,-0.0625,-0.0625,-7.629394076502582e-07
delta1_K512_radius1_transverse,transverse,1.0,512,1.0,128,-0.03125,-0.03125,-3.814697038251291e-07
delta1_K512_radius1_transverse,transverse,1.0,512,1.0,128,0.0,0.0,0.0
delta1_K512_radius1_transverse,transverse,1.0,512,1.0,128,0.03125,0.03125,3.814697038251291e-07
delta1_K512_radius1_transverse,transverse,1.0,512,1.0,128,0.0625,0.0625,7.629394076502582e-07
delta1_K512_radius1_transverse,transverse,1.0,512,1.0,128,0.09375,0.09375,1.1444091114753874e-06
delta1_K512_radius1_transverse,transverse,1.0,512,1.0,128,0.125,0.12499999999999956,1.525878815300511e-06
delta1_K512_radius1_transverse,transverse,1.0,512,1.0,128,0.15625,0.15624999999999956,1.9073485191256403e-06
delta1_K512_radius1_transverse,transverse,1.0,512,1.0,128,0.1875,0.18749999999999956,2.2888182229507693e-06
delta1_K512_radius1_transverse,transverse,1.0,512,1.0,128,0.21875,0.21874999999999956,2.6702879267758984e-06
delta1_K512_radius1_transverse,transverse,1.0,512,1.0,128,0.25,0.24999999999999956,3.0517576306010275e-06
delta1_K512_radius1_transverse,transverse,1.0,512,1.0,128,0.28125,0.28124999999999956,3.4332273344261565e-06
delta1_K512_radius1_transverse,transverse,1.0,512,1.0,128,0.3125,0.31249999999999956,3.8146970382512856e-06
delta1_K512_radius1_transverse,transverse,1.0,512,1.0,128,0.34375,0.34374999999999956,4.196166742076415e-06
delta1_K512_radius1_transverse,transverse,1.0,512,1.0,128,0.375,0.3749999999999991,4.577636445901539e-06
delta1_K512_radius1_transverse,transverse,1.0,512,1.0,128,0.40625,0.4062499999999991,4.959106149726668e-06
delta1_K512_radius1_transverse,transverse,1.0,512,1.0,128,0.4375,0.4374999999999991,5.340575853551797e-06
delta1_K512_radius1_transverse,transverse,1.0,512,1.0,128,0.46875,0.46874999999999956,5.722045557376932e-06
delta1_K512_radius1_transverse,transverse,1.0,512,1.0,128,0.5,0.4999999999999991,6.103515261202055e-06
delta1_K512_radius1_transverse,transverse,1.0,512,1.0,128,0.53125,0.5312499999999996,6.48498496502719e-06
delta1_K512_radius1_transverse,transverse,1.0,512,1.0,128,0.5625,0.5624999999999991,6.866454668852313e-06
delta1_K512_radius1_transverse,transverse,1.0,512,1.0,128,0.59375,0.5937499999999996,7.247924372677448e-06
delta1_K512_radius1_transverse,transverse,1.0,512,1.0,128,0.625,0.6249999999999987,7.629394076502566e-06
delta1_K512_radius1_transverse,transverse,1.0,512,1.0,128,0.65625,0.6562499999999991,8.0108637803277e-06
delta1_K512_radius1_transverse,transverse,1.0,512,1.0,128,0.6875,0.6874999999999991,8.39233348415283e-06
delta1_K512_radius1_transverse,transverse,1.0,512,1.0,128,0.71875,0.7187499999999991,8.773803187977958e-06
delta1_K512_radius1_transverse,transverse,1.0,512,1.0,128,0.75,0.7499999999999991,9.155272891803087e-06
delta1_K512_radius1_transverse,transverse,1.0,512,1.0,128,0.78125,0.7812499999999991,9.536742595628217e-06
delta1_K512_radius1_transverse,transverse,1.0,512,1.0,128,0.8125,0.8124999999999991,9.918212299453346e-06
delta1_K512_radius1_transverse,transverse,1.0,512,1.0,128,0.84375,0.8437499999999991,1.0299682003278475e-05
delta1_K512_radius1_transverse,transverse,1.0,512,1.0,128,0.875,0.8749999999999987,1.0681151707103599e-05
delta1_K512_radius1_transverse,transverse,1.0,512,1.0,128,0.90625,0.9062499999999987,1.1062621410928728e-05
delta1_K512_radius1_transverse,transverse,1.0,512,1.0,128,0.9375,0.9374999999999987,1.1444091114753857e-05
delta1_K512_radius1_transverse,transverse,1.0,512,1.0,128,0.96875,0.9687499999999987,1.1825560818578986e-05
delta1_K512_radius1_transverse,transverse,1.0,512,1.0,128,1.0,0.9999999999999987,1.2207030522404115e-05
delta1_K512_radius0.125_aligned,aligned,1.0,512,0.125,128,-1.0,0.0,0.0
delta1_K512_radius0.125_aligned,aligned,1.0,512,0.125,128,-0.96875,0.0,0.0
delta1_K512_radius0.125_aligned,aligned,1.0,512,0.125,128,-0.9375,0.0,0.0
delta1_K512_radius0.125_aligned,aligned,1.0,512,0.125,128,-0.90625,0.0,0.0
delta1_K512_radius0.125_aligned,aligned,1.0,512,0.125,128,-0.875,0.0,0.0
delta1_K512_radius0.125_aligned,aligned,1.0,512,0.125,128,-0.84375,0.0,0.0
delta1_K512_radius0.125_aligned,aligned,1.0,512,0.125,128,-0.8125,0.0,0.0
delta1_K512_radius0.125_aligned,aligned,1.0,512,0.125,128,-0.78125,0.0,0.0
delta1_K512_radius0.125_aligned,aligned,1.0,512,0.125,128,-0.75,0.0,0.0
delta1_K512_radius0.125_aligned,aligned,1.0,512,0.125,128,-0.71875,0.0,0.0
delta1_K512_radius0.125_aligned,aligned,1.0,512,0.125,128,-0.6875,0.0,0.0
delta1_K512_radius0.125_aligned,aligned,1.0,512,0.125,128,-0.65625,0.0,0.0
delta1_K512_radius0.125_aligned,aligned,1.0,512,0.125,128,-0.625,0.0,0.0
delta1_K512_radius0.125_aligned,aligned,1.0,512,0.125,128,-0.59375,0.0,0.0
delta1_K512_radius0.125_aligned,aligned,1.0,512,0.125,128,-0.5625,0.0,0.0
delta1_K512_radius0.125_aligned,aligned,1.0,512,0.125,128,-0.53125,0.0,0.0
delta1_K512_radius0.125_aligned,aligned,1.0,512,0.125,128,-0.5,0.0,0.0
delta1_K512_radius0.125_aligned,aligned,1.0,512,0.125,128,-0.46875,0.0,0.0
delta1_K512_radius0.125_aligned,aligned,1.0,512,0.125,128,-0.4375,0.0,0.0
delta1_K512_radius0.125_aligned,aligned,1.0,512,0.125,128,-0.40625,0.0,0.0
delta1_K512_radius0.125_aligned,aligned,1.0,512,0.125,128,-0.375,0.0,0.0
delta1_K512_radius0.125_aligned,aligned,1.0,512,0.125,128,-0.34375,0.0,0.0
delta1_K512_radius0.125_aligned,aligned,1.0,512,0.125,128,-0.3125,0.0,0.0
delta1_K512_radius0.125_aligned,aligned,1.0,512,0.125,128,-0.28125,0.0,0.0
delta1_K512_radius0.125_aligned,aligned,1.0,512,0.125,128,-0.25,0.0,0.0
delta1_K512_radius0.125_aligned,aligned,1.0,512,0.125,128,-0.21875,0.0,0.0
delta1_K512_radius0.125_aligned,aligned,1.0,512,0.125,128,-0.1875,0.0,0.0
delta1_K512_radius0.125_aligned,aligned,1.0,512,0.125,128,-0.15625,0.0,0.0
delta1_K512_radius0.125_aligned,aligned,1.0,512,0.125,128,-0.125,0.0,0.0
delta1_K512_radius0.125_aligned,aligned,1.0,512,0.125,128,-0.09375,0.0,0.0
delta1_K512_radius0.125_aligned,aligned,1.0,512,0.125,128,-0.0625,0.0,0.0
delta1_K512_radius0.125_aligned,aligned,1.0,512,0.125,128,-0.03125,0.0,0.0
delta1_K512_radius0.125_aligned,aligned,1.0,512,0.125,128,0.0,0.0,0.0
delta1_K512_radius0.125_aligned,aligned,1.0,512,0.125,128,0.03125,0.0,0.0
delta1_K512_radius0.125_aligned,aligned,1.0,512,0.125,128,0.0625,0.0,0.0
delta1_K512_radius0.125_aligned,aligned,1.0,512,0.125,128,0.09375,0.0,0.0
delta1_K512_radius0.125_aligned,aligned,1.0,512,0.125,128,0.125,0.0,0.0
delta1_K512_radius0.125_aligned,aligned,1.0,512,0.125,128,0.15625,0.0,0.0
delta1_K512_radius0.125_aligned,aligned,1.0,512,0.125,128,0.1875,0.0,0.0
delta1_K512_radius0.125_aligned,aligned,1.0,512,0.125,128,0.21875,0.0,0.0
delta1_K512_radius0.125_aligned,aligned,1.0,512,0.125,128,0.25,0.0,0.0
delta1_K512_radius0.125_aligned,aligned,1.0,512,0.125,128,0.28125,0.0,0.0
delta1_K512_radius0.125_aligned,aligned,1.0,512,0.125,128,0.3125,0.0,0.0
delta1_K512_radius0.125_aligned,aligned,1.0,512,0.125,128,0.34375,0.0,0.0
delta1_K512_radius0.125_aligned,aligned,1.0,512,0.125,128,0.375,0.0,0.0
delta1_K512_radius0.125_aligned,aligned,1.0,512,0.125,128,0.40625,0.0,0.0
delta1_K512_radius0.125_aligned,aligned,1.0,512,0.125,128,0.4375,0.0,0.0
delta1_K512_radius0.125_aligned,aligned,1.0,512,0.125,128,0.46875,0.0,0.0
delta1_K512_radius0.125_aligned,aligned,1.0,512,0.125,128,0.5,0.0,0.0
delta1_K512_radius0.125_aligned,aligned,1.0,512,0.125,128,0.53125,0.0,0.0
delta1_K512_radius0.125_aligned,aligned,1.0,512,0.125,128,0.5625,0.0,0.0
delta1_K512_radius0.125_aligned,aligned,1.0,512,0.125,128,0.59375,0.0,0.0
delta1_K512_radius0.125_aligned,aligned,1.0,512,0.125,128,0.625,0.0,0.0
delta1_K512_radius0.125_aligned,aligned,1.0,512,0.125,128,0.65625,0.0,0.0
delta1_K512_radius0.125_aligned,aligned,1.0,512,0.125,128,0.6875,0.0,0.0
delta1_K512_radius0.125_aligned,aligned,1.0,512,0.125,128,0.71875,0.0,0.0
delta1_K512_radius0.125_aligned,aligned,1.0,512,0.125,128,0.75,0.0,0.0
delta1_K512_radius0.125_aligned,aligned,1.0,512,0.125,128,0.78125,0.0,0.0
delta1_K512_radius0.125_aligned,aligned,1.0,512,0.125,128,0.8125,0.0,0.0
delta1_K512_radius0.125_aligned,aligned,1.0,512,0.125,128,0.84375,0.0,0.0
delta1_K512_radius0.125_aligned,aligned,1.0,512,0.125,128,0.875,0.0,0.0
delta1_K512_radius0.125_aligned,aligned,1.0,512,0.125,128,0.90625,0.0,0.0
delta1_K512_radius0.125_aligned,aligned,1.0,512,0.125,128,0.9375,0.0,0.0
delta1_K512_radius0.125_aligned,aligned,1.0,512,0.125,128,0.96875,0.0,0.0
delta1_K512_radius0.125_aligned,aligned,1.0,512,0.125,128,1.0,0.0,0.0
delta1_K512_radius0.125_transverse,transverse,1.0,512,0.125,128,-1.0,-1.0000000000000004,-1.5258788153005171e-06
delta1_K512_radius0.125_transverse,transverse,1.0,512,0.125,128,-0.96875,-0.9687500000000004,-1.478195102322376e-06
delta1_K512_radius0.125_transverse,transverse,1.0,512,0.125,128,-0.9375,-0.9375000000000004,-1.4305113893442349e-06
delta1_K512_radius0.125_transverse,transverse,1.0,512,0.125,128,-0.90625,-0.90625,-1.382827676366093e-06
delta1_K512_radius0.125_transverse,transverse,1.0,512,0.125,128,-0.875,-0.875,-1.335143963387952e-06
delta1_K512_radius0.125_transverse,transverse,1.0,512,0.125,128,-0.84375,-0.84375,-1.2874602504098108e-06
delta1_K512_radius0.125_transverse,transverse,1.0,512,0.125,128,-0.8125,-0.8125000000000004,-1.2397765374316703e-06
delta1_K512_radius0.125_transverse,transverse,1.0,512,0.125,128,-0.78125,-0.7812500000000004,-1.1920928244535292e-06
delta1_K512_radius0.125_transverse,transverse,1.0,512,0.125,128,-0.75,-0.75,-1.1444091114753874e-06
delta1_K512_radius0.125_transverse,transverse,1.0,512,0.125,128,-0.71875,-0.71875,-1.0967253984972463e-06
delta1_K512_radius0.125_transverse,transverse,1.0,512,0.125,128,-0.6875,-0.6875,-1.0490416855191051e-06
delta1_K512_radius0.125_transverse,transverse,1.0,512,0.125,128,-0.65625,-0.65625,-1.001357972540964e-06
delta1_K512_radius0.125_transverse,transverse,1.0,512,0.125,128,-0.625,-0.6250000000000004,-9.536742595628235e-07
delta1_K512_radius0.125_transverse,transverse,1.0,512,0.125,128,-0.59375,-0.59375,-9.059905465846816e-07
delta1_K512_radius0.125_transverse,transverse,1.0,512,0.125,128,-0.5625,-0.5625000000000004,-8.583068336065412e-07
delta1_K512_radius0.125_transverse,transverse,1.0,512,0.125,128,-0.53125,-0.53125,-8.106231206283994e-07
delta1_K512_radius0.125_transverse,transverse,1.0,512,0.125,128,-0.5,-0.5,-7.629394076502582e-07
delta1_K512_radius0.125_transverse,transverse,1.0,512,0.125,128,-0.46875,-0.46875,-7.152556946721171e-07
delta1_K512_radius0.125_transverse,transverse,1.0,512,0.125,128,-0.4375,-0.43750000000000044,-6.675719816939766e-07
delta1_K512_radius0.125_transverse,transverse,1.0,512,0.125,128,-0.40625,-0.40625000000000044,-6.198882687158355e-07
delta1_K512_radius0.125_transverse,transverse,1.0,512,0.125,128,-0.375,-0.375,-5.722045557376937e-07
delta1_K512_radius0.125_transverse,transverse,1.0,512,0.125,128,-0.34375,-0.34375,-5.245208427595526e-07
delta1_K512_radius0.125_transverse,transverse,1.0,512,0.125,128,-0.3125,-0.3125,-4.768371297814114e-07
delta1_K512_radius0.125_transverse,transverse,1.0,512,0.125,128,-0.28125,-0.28125,-4.2915341680327025e-07
delta1_K512_radius0.125_transverse,transverse,1.0,512,0.125,128,-0.25,-0.25000000000000044,-3.814697038251298e-07
delta1_K512_radius0.125_transverse,transverse,1.0,512,0.125,128,-0.21875,-0.21875,-3.33785990846988e-07
delta1_K512_radius0.125_transverse,transverse,1.0,512,0.125,128,-0.1875,-0.1875,-2.8610227786884685e-07
delta1_K512_radius0.125_transverse,transverse,1.0,512,0.125,128,-0.15625,-0.15625,-2.384185648907057e-07
delta1_K512_radius0.125_transverse,transverse,1.0,512,0.125,128,-0.125,-0.125,-1.9073485191256456e-07
delta1_K512_radius0.125_transverse,transverse,1.0,512,0.125,128,-0.09375,-0.09375,-1.4305113893442343e-07
delta1_K512_radius0.125_transverse,transverse,1.0,512,0.125,128,-0.0625,-0.0625,-9.536742595628228e-08
delta1_K512_radius0.125_transverse,transverse,1.0,512,0.125,128,-0.03125,-0.03125,-4.768371297814114e-08
delta1_K512_radius0.125_transverse,transverse,1.0,512,0.125,128,0.0,0.0,0.0
delta1_K512_radius0.125_transverse,transverse,1.0,512,0.125,128,0.03125,0.03125,4.768371297814114e-08
delta1_K512_radius0.125_transverse,transverse,1.0,512,0.125,128,0.0625,0.0625,9.536742595628228e-08
delta1_K512_radius0.125_transverse,transverse,1.0,512,0.125,128,0.09375,0.09375,1.4305113893442343e-07
delta1_K512_radius0.125_transverse,transverse,1.0,512,0.125,128,0.125,0.125,1.9073485191256456e-07
delta1_K512_radius0.125_transverse,transverse,1.0,512,0.125,128,0.15625,0.15625,2.384185648907057e-07
delta1_K512_radius0.125_transverse,transverse,1.0,512,0.125,128,0.1875,0.1875,2.8610227786884685e-07
delta1_K512_radius0.125_transverse,transverse,1.0,512,0.125,128,0.21875,0.21875,3.33785990846988e-07
delta1_K512_radius0.125_transverse,transverse,1.0,512,0.125,128,0.25,0.25000000000000044,3.814697038251298e-07
delta1_K512_radius0.125_transverse,transverse,1.0,512,0.125,128,0.28125,0.28125,4.2915341680327025e-07
delta1_K512_radius0.125_transverse,transverse,1.0,512,0.125,128,0.3125,0.3125,4.768371297814114e-07
delta1_K512_radius0.125_transverse,transverse,1.0,512,0.125,128,0.34375,0.34375,5.245208427595526e-07
delta1_K512_radius0.125_transverse,transverse,1.0,512,0.125,128,0.375,0.375,5.722045557376937e-07
delta1_K512_radius0.125_transverse,transverse,1.0,512,0.125,128,0.40625,0.40625000000000044,6.198882687158355e-07
delta1_K512_radius0.125_transverse,transverse,1.0,512,0.125,128,0.4375,0.43750000000000044,6.675719816939766e-07
delta1_K512_radius0.125_transverse,transverse,1.0,512,0.125,128,0.46875,0.46875,7.152556946721171e-07
delta1_K512_radius0.125_transverse,transverse,1.0,512,0.125,128,0.5,0.5,7.629394076502582e-07
delta1_K512_radius0.125_transverse,transverse,1.0,512,0.125,128,0.53125,0.53125,8.106231206283994e-07
delta1_K512_radius0.125_transverse,transverse,1.0,512,0.125,128,0.5625,0.5625000000000004,8.583068336065412e-07
delta1_K512_radius0.125_transverse,transverse,1.0,512,0.125,128,0.59375,0.59375,9.059905465846816e-07
delta1_K512_radius0.125_transverse,transverse,1.0,512,0.125,128,0.625,0.6250000000000004,9.536742595628235e-07
delta1_K512_radius0.125_transverse,transverse,1.0,512,0.125,128,0.65625,0.65625,1.001357972540964e-06
delta1_K512_radius0.125_transverse,transverse,1.0,512,0.125,128,0.6875,0.6875,1.0490416855191051e-06
delta1_K512_radius0.125_transverse,transverse,1.0,512,0.125,128,0.71875,0.71875,1.0967253984972463e-06
delta1_K512_radius0.125_transverse,transverse,1.0,512,0.125,128,0.75,0.75,1.1444091114753874e-06
delta1_K512_radius0.125_transverse,transverse,1.0,512,0.125,128,0.78125,0.7812500000000004,1.1920928244535292e-06
delta1_K512_radius0.125_transverse,transverse,1.0,512,0.125,128,0.8125,0.8125000000000004,1.2397765374316703e-06
delta1_K512_radius0.125_transverse,transverse,1.0,512,0.125,128,0.84375,0.84375,1.2874602504098108e-06
delta1_K512_radius0.125_transverse,transverse,1.0,512,0.125,128,0.875,0.875,1.335143963387952e-06
delta1_K512_radius0.125_transverse,transverse,1.0,512,0.125,128,0.90625,0.90625,1.382827676366093e-06
delta1_K512_radius0.125_transverse,transverse,1.0,512,0.125,128,0.9375,0.9375000000000004,1.4305113893442349e-06
delta1_K512_radius0.125_transverse,transverse,1.0,512,0.125,128,0.96875,0.9687500000000004,1.478195102322376e-06
delta1_K512_radius0.125_transverse,transverse,1.0,512,0.125,128,1.0,1.0000000000000004,1.5258788153005171e-06
delta1_K512_radius0.015625_aligned,aligned,1.0,512,0.015625,128,-1.0,0.0,0.0
delta1_K512_radius0.015625_aligned,aligned,1.0,512,0.015625,128,-0.96875,0.0,0.0
delta1_K512_radius0.015625_aligned,aligned,1.0,512,0.015625,128,-0.9375,0.0,0.0
delta1_K512_radius0.015625_aligned,aligned,1.0,512,0.015625,128,-0.90625,0.0,0.0
delta1_K512_radius0.015625_aligned,aligned,1.0,512,0.015625,128,-0.875,0.0,0.0
delta1_K512_radius0.015625_aligned,aligned,1.0,512,0.015625,128,-0.84375,0.0,0.0
delta1_K512_radius0.015625_aligned,aligned,1.0,512,0.015625,128,-0.8125,0.0,0.0
delta1_K512_radius0.015625_aligned,aligned,1.0,512,0.015625,128,-0.78125,0.0,0.0
delta1_K512_radius0.015625_aligned,aligned,1.0,512,0.015625,128,-0.75,0.0,0.0
delta1_K512_radius0.015625_aligned,aligned,1.0,512,0.015625,128,-0.71875,0.0,0.0
delta1_K512_radius0.015625_aligned,aligned,1.0,512,0.015625,128,-0.6875,0.0,0.0
delta1_K512_radius0.015625_aligned,aligned,1.0,512,0.015625,128,-0.65625,0.0,0.0
delta1_K512_radius0.015625_aligned,aligned,1.0,512,0.015625,128,-0.625,0.0,0.0
delta1_K512_radius0.015625_aligned,aligned,1.0,512,0.015625,128,-0.59375,0.0,0.0
delta1_K512_radius0.015625_aligned,aligned,1.0,512,0.015625,128,-0.5625,0.0,0.0
delta1_K512_radius0.015625_aligned,aligned,1.0,512,0.015625,128,-0.53125,0.0,0.0
delta1_K512_radius0.015625_aligned,aligned,1.0,512,0.015625,128,-0.5,0.0,0.0
delta1_K512_radius0.015625_aligned,aligned,1.0,512,0.015625,128,-0.46875,0.0,0.0
delta1_K512_radius0.015625_aligned,aligned,1.0,512,0.015625,128,-0.4375,0.0,0.0
delta1_K512_radius0.015625_aligned,aligned,1.0,512,0.015625,128,-0.40625,0.0,0.0
delta1_K512_radius0.015625_aligned,aligned,1.0,512,0.015625,128,-0.375,0.0,0.0
delta1_K512_radius0.015625_aligned,aligned,1.0,512,0.015625,128,-0.34375,0.0,0.0
delta1_K512_radius0.015625_aligned,aligned,1.0,512,0.015625,128,-0.3125,0.0,0.0
delta1_K512_radius0.015625_aligned,aligned,1.0,512,0.015625,128,-0.28125,0.0,0.0
delta1_K512_radius0.015625_aligned,aligned,1.0,512,0.015625,128,-0.25,0.0,0.0
delta1_K512_radius0.015625_aligned,aligned,1.0,512,0.015625,128,-0.21875,0.0,0.0
delta1_K512_radius0.015625_aligned,aligned,1.0,512,0.015625,128,-0.1875,0.0,0.0
delta1_K512_radius0.015625_aligned,aligned,1.0,512,0.015625,128,-0.15625,0.0,0.0
delta1_K512_radius0.015625_aligned,aligned,1.0,512,0.015625,128,-0.125,0.0,0.0
delta1_K512_radius0.015625_aligned,aligned,1.0,512,0.015625,128,-0.09375,0.0,0.0
delta1_K512_radius0.015625_aligned,aligned,1.0,512,0.015625,128,-0.0625,0.0,0.0
delta1_K512_radius0.015625_aligned,aligned,1.0,512,0.015625,128,-0.03125,0.0,0.0
delta1_K512_radius0.015625_aligned,aligned,1.0,512,0.015625,128,0.0,0.0,0.0
delta1_K512_radius0.015625_aligned,aligned,1.0,512,0.015625,128,0.03125,0.0,0.0
delta1_K512_radius0.015625_aligned,aligned,1.0,512,0.015625,128,0.0625,0.0,0.0
delta1_K512_radius0.015625_aligned,aligned,1.0,512,0.015625,128,0.09375,0.0,0.0
delta1_K512_radius0.015625_aligned,aligned,1.0,512,0.015625,128,0.125,0.0,0.0
delta1_K512_radius0.015625_aligned,aligned,1.0,512,0.015625,128,0.15625,0.0,0.0
delta1_K512_radius0.015625_aligned,aligned,1.0,512,0.015625,128,0.1875,0.0,0.0
delta1_K512_radius0.015625_aligned,aligned,1.0,512,0.015625,128,0.21875,0.0,0.0
delta1_K512_radius0.015625_aligned,aligned,1.0,512,0.015625,128,0.25,0.0,0.0
delta1_K512_radius0.015625_aligned,aligned,1.0,512,0.015625,128,0.28125,0.0,0.0
delta1_K512_radius0.015625_aligned,aligned,1.0,512,0.015625,128,0.3125,0.0,0.0
delta1_K512_radius0.015625_aligned,aligned,1.0,512,0.015625,128,0.34375,0.0,0.0
delta1_K512_radius0.015625_aligned,aligned,1.0,512,0.015625,128,0.375,0.0,0.0
delta1_K512_radius0.015625_aligned,aligned,1.0,512,0.015625,128,0.40625,0.0,0.0
delta1_K512_radius0.015625_aligned,aligned,1.0,512,0.015625,128,0.4375,0.0,0.0
delta1_K512_radius0.015625_aligned,aligned,1.0,512,0.015625,128,0.46875,0.0,0.0
delta1_K512_radius0.015625_aligned,aligned,1.0,512,0.015625,128,0.5,0.0,0.0
delta1_K512_radius0.015625_aligned,aligned,1.0,512,0.015625,128,0.53125,0.0,0.0
delta1_K512_radius0.015625_aligned,aligned,1.0,512,0.015625,128,0.5625,0.0,0.0
delta1_K512_radius0.015625_aligned,aligned,1.0,512,0.015625,128,0.59375,0.0,0.0
delta1_K512_radius0.015625_aligned,aligned,1.0,512,0.015625,128,0.625,0.0,0.0
delta1_K512_radius0.015625_aligned,aligned,1.0,512,0.015625,128,0.65625,0.0,0.0
delta1_K512_radius0.015625_aligned,aligned,1.0,512,0.015625,128,0.6875,0.0,0.0
delta1_K512_radius0.015625_aligned,aligned,1.0,512,0.015625,128,0.71875,0.0,0.0
delta1_K512_radius0.015625_aligned,aligned,1.0,512,0.015625,128,0.75,0.0,0.0
delta1_K512_radius0.015625_aligned,aligned,1.0,512,0.015625,128,0.78125,0.0,0.0
delta1_K512_radius0.015625_aligned,aligned,1.0,512,0.015625,128,0.8125,0.0,0.0
delta1_K512_radius0.015625_aligned,aligned,1.0,512,0.015625,128,0.84375,0.0,0.0
delta1_K512_radius0.015625_aligned,aligned,1.0,512,0.015625,128,0.875,0.0,0.0
delta1_K512_radius0.015625_aligned,aligned,1.0,512,0.015625,128,0.90625,0.0,0.0
delta1_K512_radius0.015625_aligned,aligned,1.0,512,0.015625,128,0.9375,0.0,0.0
delta1_K512_radius0.015625_aligned,aligned,1.0,512,0.015625,128,0.96875,0.0,0.0
delta1_K512_radius0.015625_aligned,aligned,1.0,512,0.015625,128,1.0,0.0,0.0
delta1_K512_radius0.015625_transverse,transverse,1.0,512,0.015625,128,-1.0,-1.0000000000000004,-1.9073485191256464e-07
delta1_K512_radius0.015625_transverse,transverse,1.0,512,0.015625,128,-0.96875,-0.96875,-1.8477438779029692e-07
delta1_K512_radius0.015625_transverse,transverse,1.0,512,0.015625,128,-0.9375,-0.9375000000000004,-1.7881392366802936e-07
delta1_K512_radius0.015625_transverse,transverse,1.0,512,0.015625,128,-0.90625,-0.90625,-1.7285345954576164e-07
delta1_K512_radius0.015625_transverse,transverse,1.0,512,0.015625,128,-0.875,-0.875,-1.66892995423494e-07
delta1_K512_radius0.015625_transverse,transverse,1.0,512,0.015625,128,-0.84375,-0.84375,-1.6093253130122635e-07
delta1_K512_radius0.015625_transverse,transverse,1.0,512,0.015625,128,-0.8125,-0.8125000000000004,-1.549720671789588e-07
delta1_K512_radius0.015625_transverse,transverse,1.0,512,0.015625,128,-0.78125,-0.7812500000000004,-1.4901160305669115e-07
delta1_K512_radius0.015625_transverse,transverse,1.0,512,0.015625,128,-0.75,-0.75,-1.4305113893442343e-07
delta1_K512_radius0.015625_transverse,transverse,1.0,512,0.015625,128,-0.71875,-0.71875,-1.3709067481215579e-07
delta1_K512_radius0.015625_transverse,transverse,1.0,512,0.015625,128,-0.6875,-0.6875,-1.3113021068988814e-07
delta1_K512_radius0.015625_transverse,transverse,1.0,512,0.015625,128,-0.65625,-0.65625,-1.251697465676205e-07
delta1_K512_radius0.015625_transverse,transverse,1.0,512,0.015625,128,-0.625,-0.6250000000000004,-1.1920928244535294e-07
delta1_K512_radius0.015625_transverse,transverse,1.0,512,0.015625,128,-0.59375,-0.59375,-1.132488183230852e-07
delta1_K512_radius0.015625_transverse,transverse,1.0,512,0.015625,128,-0.5625,-0.5625,-1.0728835420081756e-07
delta1_K512_radius0.015625_transverse,transverse,1.0,512,0.015625,128,-0.53125,-0.53125,-1.0132789007854992e-07
delta1_K512_radius0.015625_transverse,transverse,1.0,512,0.015625,128,-0.5,-0.5,-9.536742595628228e-08
delta1_K512_radius0.015625_transverse,transverse,1.0,512,0.015625,128,-0.46875,-0.46875,-8.940696183401464e-08
delta1_K512_radius0.015625_transverse,transverse,1.0,512,0.015625,128,-0.4375,-0.4375,-8.3446497711747e-08
delta1_K512_radius0.015625_transverse,transverse,1.0,512,0.015625,128,-0.40625,-0.40625,-7.748603358947936e-08
delta1_K512_radius0.015625_transverse,transverse,1.0,512,0.015625,128,-0.375,-0.375,-7.152556946721171e-08
delta1_K512_radius0.015625_transverse,transverse,1.0,512,0.015625,128,-0.34375,-0.34375,-6.556510534494407e-08
delta1_K512_radius0.015625_transverse,transverse,1.0,512,0.015625,128,-0.3125,-0.3125,-5.9604641222676423e-08
delta1_K512_radius0.015625_transverse,transverse,1.0,512,0.015625,128,-0.28125,-0.28125,-5.364417710040878e-08
delta1_K512_radius0.015625_transverse,transverse,1.0,512,0.015625,128,-0.25,-0.25,-4.768371297814114e-08
delta1_K512_radius0.015625_transverse,transverse,1.0,512,0.015625,128,-0.21875,-0.21875,-4.17232488558735e-08
delta1_K512_radius0.015625_transverse,transverse,1.0,512,0.015625,128,-0.1875,-0.1875,-3.576278473360586e-08
delta1_K512_radius0.015625_transverse,transverse,1.0,512,0.015625,128,-0.15625,-0.15625,-2.9802320611338212e-08
delta1_K512_radius0.015625_transverse,transverse,1.0,512,0.015625,128,-0.125,-0.125,-2.384185648907057e-08
delta1_K512_radius0.015625_transverse,transverse,1.0,512,0.015625,128,-0.09375,-0.09375,-1.788139236680293e-08
delta1_K512_radius0.015625_transverse,transverse,1.0,512,0.015625,128,-0.0625,-0.0625,-1.1920928244535285e-08
delta1_K512_radius0.015625_transverse,transverse,1.0,512,0.015625,128,-0.03125,-0.03125,-5.9604641222676425e-09
delta1_K512_radius0.015625_transverse,transverse,1.0,512,0.015625,128,0.0,0.0,0.0
delta1_K512_radius0.015625_transverse,transverse,1.0,512,0.015625,128,0.03125,0.03125,5.9604641222676425e-09
delta1_K512_radius0.015625_transverse,transverse,1.0,512,0.015625,128,0.0625,0.0625,1.1920928244535285e-08
delta1_K512_radius0.015625_transverse,transverse,1.0,512,0.015625,128,0.09375,0.09375,1.788139236680293e-08
delta1_K512_radius0.015625_transverse,transverse,1.0,512,0.015625,128,0.125,0.125,2.384185648907057e-08
delta1_K512_radius0.015625_transverse,transverse,1.0,512,0.015625,128,0.15625,0.15625,2.9802320611338212e-08
delta1_K512_radius0.015625_transverse,transverse,1.0,512,0.015625,128,0.1875,0.1875,3.576278473360586e-08
delta1_K512_radius0.015625_transverse,transverse,1.0,512,0.015625,128,0.21875,0.21875,4.17232488558735e-08
delta1_K512_radius0.015625_transverse,transverse,1.0,512,0.015625,128,0.25,0.25000000000000044,4.7683712978141226e-08
delta1_K512_radius0.015625_transverse,transverse,1.0,512,0.015625,128,0.28125,0.28125,5.364417710040878e-08
delta1_K512_radius0.015625_transverse,transverse,1.0,512,0.015625,128,0.3125,0.3125,5.9604641222676423e-08
delta1_K512_radius0.015625_transverse,transverse,1.0,512,0.015625,128,0.34375,0.34375,6.556510534494407e-08
delta1_K512_radius0.015625_transverse,transverse,1.0,512,0.015625,128,0.375,0.375,7.152556946721171e-08
delta1_K512_radius0.015625_transverse,transverse,1.0,512,0.015625,128,0.40625,0.40625000000000044,7.748603358947943e-08
delta1_K512_radius0.015625_transverse,transverse,1.0,512,0.015625,128,0.4375,0.43750000000000044,8.344649771174708e-08
delta1_K512_radius0.015625_transverse,transverse,1.0,512,0.015625,128,0.46875,0.46875,8.940696183401464e-08
delta1_K512_radius0.015625_transverse,transverse,1.0,512,0.015625,128,0.5,0.5,9.536742595628228e-08
delta1_K512_radius0.015625_transverse,transverse,1.0,512,0.015625,128,0.53125,0.53125,1.0132789007854992e-07
delta1_K512_radius0.015625_transverse,transverse,1.0,512,0.015625,128,0.5625,0.5625000000000004,1.0728835420081766e-07
delta1_K512_radius0.015625_transverse,transverse,1.0,512,0.015625,128,0.59375,0.59375,1.132488183230852e-07
delta1_K512_radius0.015625_transverse,transverse,1.0,512,0.015625,128,0.625,0.6250000000000004,1.1920928244535294e-07
delta1_K512_radius0.015625_transverse,transverse,1.0,512,0.015625,128,0.65625,0.65625,1.251697465676205e-07
delta1_K512_radius0.015625_transverse,transverse,1.0,512,0.015625,128,0.6875,0.6875,1.3113021068988814e-07
delta1_K512_radius0.015625_transverse,transverse,1.0,512,0.015625,128,0.71875,0.71875,1.3709067481215579e-07
delta1_K512_radius0.015625_transverse,transverse,1.0,512,0.015625,128,0.75,0.75,1.4305113893442343e-07
delta1_K512_radius0.015625_transverse,transverse,1.0,512,0.015625,128,0.78125,0.7812500000000004,1.4901160305669115e-07
delta1_K512_radius0.015625_transverse,transverse,1.0,512,0.015625,128,0.8125,0.8125000000000004,1.549720671789588e-07
delta1_K512_radius0.015625_transverse,transverse,1.0,512,0.015625,128,0.84375,0.84375,1.6093253130122635e-07
delta1_K512_radius0.015625_transverse,transverse,1.0,512,0.015625,128,0.875,0.875,1.66892995423494e-07
delta1_K512_radius0.015625_transverse,transverse,1.0,512,0.015625,128,0.90625,0.90625,1.7285345954576164e-07
delta1_K512_radius0.015625_transverse,transverse,1.0,512,0.015625,128,0.9375,0.9375000000000004,1.7881392366802936e-07
delta1_K512_radius0.015625_transverse,transverse,1.0,512,0.015625,128,0.96875,0.9687500000000004,1.84774387790297e-07
delta1_K512_radius0.015625_transverse,transverse,1.0,512,0.015625,128,1.0,1.0000000000000004,1.9073485191256464e-07
