config_id,gap,u,v,direct,formula,absolute_error,minimum_state_branch_margin
delta0.5_K32_radius1_transverse,-2.0,0.6880415798032725,0.6880415798032725,-1.9990040877033344,-1.9990040877033344,0.0,0.3841901905340717
delta0.5_K32_radius1_transverse,-2.0,0.6880415798032725,0.75,-1.9979100650379444,-1.9979100650379444,0.0,0.28534335900127406
delta0.5_K32_radius1_transverse,-2.0,0.6880415798032725,0.8119584201967275,-1.9968160423725543,-1.9968160423725543,0.0,0.18630663372556397
delta0.5_K32_radius1_transverse,-2.0,0.75,0.6880415798032725,-2.0000981103687243,-2.0000981103687243,0.0,0.3165831904473053
delta0.5_K32_radius1_transverse,-2.0,0.75,0.75,-1.9990040877033344,-1.9990040877033344,0.0,0.38417309052636656
delta0.5_K32_radius1_transverse,-2.0,0.75,0.8119584201967275,-1.9979100650379444,-1.9979100650379444,0.0,0.2853433590012743
delta0.5_K32_radius1_transverse,-2.0,0.8119584201967275,0.6880415798032725,-2.0011921330341145,-2.0011921330341145,0.0,0.21754646517159523
delta0.5_K32_radius1_transverse,-2.0,0.8119584201967275,0.75,-2.0000981103687248,-2.0000981103687243,4.440892098500626e-16,0.31658319044730554
delta0.5_K32_radius1_transverse,-2.0,0.8119584201967275,0.8119584201967275,-1.9990040877033344,-1.9990040877033344,0.0,0.3841559905186614
delta0.5_K32_radius1_transverse,-0.5,0.6880415798032725,0.6880415798032725,-0.4999035201830594,-0.4999035201830594,0.0,0.3959037618255695
delta0.5_K32_radius1_transverse,-0.5,0.6880415798032725,0.75,-0.49880849562468926,-0.49880849562468926,0.0,0.2969664075369356
delta0.5_K32_radius1_transverse,-0.5,0.6880415798032725,0.8119584201967275,-0.49771347106631914,-0.4977134710663192,5.551115123125783e-17,0.19783898560295193
delta0.5_K32_radius1_transverse,-0.5,0.75,0.6880415798032725,-0.5009985447414296,-0.5009985447414295,1.1102230246251565e-16,0.3047787485950966
delta0.5_K32_radius1_transverse,-0.5,0.75,0.75,-0.4999035201830594,-0.4999035201830594,0.0,0.39588664615788016
delta0.5_K32_radius1_transverse,-0.5,0.75,0.8119584201967275,-0.4988084956246893,-0.49880849562468926,5.551115123125783e-17,0.2969664075369358
delta0.5_K32_radius1_transverse,-0.5,0.8119584201967275,0.6880415798032725,-0.5020935692997996,-0.5020935692997996,0.0,0.20565132666111297
delta0.5_K32_radius1_transverse,-0.5,0.8119584201967275,0.75,-0.5009985447414296,-0.5009985447414295,1.1102230246251565e-16,0.30477874859509685
delta0.5_K32_radius1_transverse,-0.5,0.8119584201967275,0.8119584201967275,-0.4999035201830594,-0.4999035201830594,0.0,0.39586953049019075
delta0.5_K32_radius1_transverse,0.0,0.6880415798032725,0.6880415798032725,0.0,0.0,0.0,0.3998099207536056
delta0.5_K32_radius1_transverse,0.0,0.6880415798032725,0.75,0.0010950913947249032,0.0010950913947249032,0.0,0.3008665276852359
delta0.5_K32_radius1_transverse,0.0,0.6880415798032725,0.8119584201967275,0.0021901827894498056,0.0021901827894498065,8.673617379884035e-19,0.20173305537047204
delta0.5_K32_radius1_transverse,0.0,0.75,0.6880415798032725,-0.0010950913947249032,-0.0010950913947249032,0.0,0.3008665276852359
delta0.5_K32_radius1_transverse,0.0,0.75,0.75,0.0,0.0,0.0,0.3997928040412375
delta0.5_K32_radius1_transverse,0.0,0.75,0.8119584201967275,0.0010950913947249024,0.0010950913947249032,8.673617379884035e-19,0.30086652768523614
delta0.5_K32_radius1_transverse,0.0,0.8119584201967275,0.6880415798032725,-0.0021901827894498056,-0.0021901827894498065,8.673617379884035e-19,0.20173305537047204
delta0.5_K32_radius1_transverse,0.0,0.8119584201967275,0.75,-0.0010950913947249024,-0.0010950913947249032,8.673617379884035e-19,0.30086652768523614
delta0.5_K32_radius1_transverse,0.0,0.8119584201967275,0.8119584201967275,0.0,0.0,0.0,0.39977568732886937
delta0.5_K32_radius1_transverse,0.5,0.6880415798032725,0.6880415798032725,0.4999035201830594,0.4999035201830594,0.0,0.3959037618255695
delta0.5_K32_radius1_transverse,0.5,0.6880415798032725,0.75,0.5009985447414296,0.5009985447414295,1.1102230246251565e-16,0.3047787485950966
delta0.5_K32_radius1_transverse,0.5,0.6880415798032725,0.8119584201967275,0.5020935692997996,0.5020935692997996,0.0,0.20565132666111297
delta0.5_K32_radius1_transverse,0.5,0.75,0.6880415798032725,0.49880849562468926,0.49880849562468926,0.0,0.2969664075369356
delta0.5_K32_radius1_transverse,0.5,0.75,0.75,0.4999035201830594,0.4999035201830594,0.0,0.39588664615788016
delta0.5_K32_radius1_transverse,0.5,0.75,0.8119584201967275,0.5009985447414296,0.5009985447414295,1.1102230246251565e-16,0.30477874859509685
delta0.5_K32_radius1_transverse,0.5,0.8119584201967275,0.6880415798032725,0.49771347106631914,0.4977134710663192,5.551115123125783e-17,0.19783898560295193
delta0.5_K32_radius1_transverse,0.5,0.8119584201967275,0.75,0.4988084956246893,0.49880849562468926,5.551115123125783e-17,0.2969664075369358
delta0.5_K32_radius1_transverse,0.5,0.8119584201967275,0.8119584201967275,0.4999035201830594,0.4999035201830594,0.0,0.39586953049019075
delta0.5_K32_radius1_transverse,2.0,0.6880415798032725,0.6880415798032725,1.9990040877033344,1.9990040877033344,0.0,0.3841901905340717
delta0.5_K32_radius1_transverse,2.0,0.6880415798032725,0.75,2.0000981103687243,2.0000981103687243,0.0,0.3165831904473053
delta0.5_K32_radius1_transverse,2.0,0.6880415798032725,0.8119584201967275,2.0011921330341145,2.0011921330341145,0.0,0.21754646517159523
delta0.5_K32_radius1_transverse,2.0,0.75,0.6880415798032725,1.9979100650379444,1.9979100650379444,0.0,0.28534335900127406
delta0.5_K32_radius1_transverse,2.0,0.75,0.75,1.9990040877033344,1.9990040877033344,0.0,0.38417309052636656
delta0.5_K32_radius1_transverse,2.0,0.75,0.8119584201967275,2.0000981103687248,2.0000981103687243,4.440892098500626e-16,0.31658319044730554
delta0.5_K32_radius1_transverse,2.0,0.8119584201967275,0.6880415798032725,1.9968160423725543,1.9968160423725543,0.0,0.18630663372556397
delta0.5_K32_radius1_transverse,2.0,0.8119584201967275,0.75,1.9979100650379444,1.9979100650379444,0.0,0.2853433590012743
delta0.5_K32_radius1_transverse,2.0,0.8119584201967275,0.8119584201967275,1.9990040877033344,1.9990040877033344,0.0,0.3841559905186614
delta0.5_K32_radius0.125_transverse,-2.0,0.742255197475409,0.742255197475409,-1.9990040877033344,-1.9990040877033344,0.0,0.38417522802732973
delta0.5_K32_radius0.125_transverse,-2.0,0.742255197475409,0.75,-1.9988673348701607,-1.9988673348701607,0.0,0.37200049361752047
delta0.5_K32_radius0.125_transverse,-2.0,0.742255197475409,0.757744802524591,-1.998730582036987,-1.998730582036987,0.0,0.35962090295805677
delta0.5_K32_radius0.125_transverse,-2.0,0.75,0.742255197475409,-1.999140840536508,-1.999140840536508,0.0,0.38417309052636656
delta0.5_K32_radius0.125_transverse,-2.0,0.75,0.75,-1.9990040877033344,-1.9990040877033344,0.0,0.38417309052636656
delta0.5_K32_radius0.125_transverse,-2.0,0.75,0.757744802524591,-1.9988673348701607,-1.9988673348701607,0.0,0.3720004936175207
delta0.5_K32_radius0.125_transverse,-2.0,0.757744802524591,0.742255197475409,-1.9992775933696818,-1.9992775933696818,0.0,0.38417095302540344
delta0.5_K32_radius0.125_transverse,-2.0,0.757744802524591,0.75,-1.999140840536508,-1.999140840536508,0.0,0.38417095302540344
delta0.5_K32_radius0.125_transverse,-2.0,0.757744802524591,0.757744802524591,-1.9990040877033344,-1.9990040877033344,0.0,0.38417095302540344
delta0.5_K32_radius0.125_transverse,-0.5,0.742255197475409,0.742255197475409,-0.49990352018305934,-0.4999035201830594,5.551115123125783e-17,0.39588878561634133
delta0.5_K32_radius0.125_transverse,-0.5,0.742255197475409,0.75,-0.4997666421132631,-0.4997666421132631,0.0,0.3837029017291714
delta0.5_K32_radius0.125_transverse,-0.5,0.742255197475409,0.757744802524591,-0.4996297640434669,-0.4996297640434669,0.0,0.3713119739874235
delta0.5_K32_radius0.125_transverse,-0.5,0.75,0.742255197475409,-0.5000403982528556,-0.5000403982528556,0.0,0.3915152427873324
delta0.5_K32_radius0.125_transverse,-0.5,0.75,0.75,-0.4999035201830594,-0.4999035201830594,0.0,0.39588664615788016
delta0.5_K32_radius0.125_transverse,-0.5,0.75,0.757744802524591,-0.49976664211326316,-0.4997666421132631,5.551115123125783e-17,0.3837029017291716
delta0.5_K32_radius0.125_transverse,-0.5,0.757744802524591,0.742255197475409,-0.5001772763226519,-0.500177276322652,1.1102230246251565e-16,0.3791243150455845
delta0.5_K32_radius0.125_transverse,-0.5,0.757744802524591,0.75,-0.5000403982528556,-0.5000403982528556,0.0,0.39151524278733263
delta0.5_K32_radius0.125_transverse,-0.5,0.757744802524591,0.757744802524591,-0.4999035201830594,-0.4999035201830594,0.0,0.395884506699419
delta0.5_K32_radius0.125_transverse,0.0,0.742255197475409,0.742255197475409,0.0,0.0,0.0,0.3997949436302835
delta0.5_K32_radius0.125_transverse,0.0,0.742255197475409,0.75,0.000136886424340614,0.00013688642434061364,3.5236570605778894e-19,0.38760831596065437
delta0.5_K32_radius0.125_transverse,0.0,0.742255197475409,0.757744802524591,0.000273772848681228,0.00027377284868122727,7.047314121155779e-19,0.37521663192130894
delta0.5_K32_radius0.125_transverse,0.0,0.75,0.742255197475409,-0.000136886424340614,-0.00013688642434061364,3.5236570605778894e-19,0.38760831596065437
delta0.5_K32_radius0.125_transverse,0.0,0.75,0.75,0.0,0.0,0.0,0.3997928040412375
delta0.5_K32_radius0.125_transverse,0.0,0.75,0.757744802524591,0.000136886424340614,0.00013688642434061364,3.5236570605778894e-19,0.3876083159606546
delta0.5_K32_radius0.125_transverse,0.0,0.757744802524591,0.742255197475409,-0.000273772848681228,-0.00027377284868122727,7.047314121155779e-19,0.37521663192130894
delta0.5_K32_radius0.125_transverse,0.0,0.757744802524591,0.75,-0.000136886424340614,-0.00013688642434061364,3.5236570605778894e-19,0.3876083159606546
delta0.5_K32_radius0.125_transverse,0.0,0.757744802524591,0.757744802524591,0.0,0.0,0.0,0.39979066445219147
delta0.5_K32_radius0.125_transverse,0.5,0.742255197475409,0.742255197475409,0.49990352018305934,0.4999035201830594,5.551115123125783e-17,0.39588878561634133
delta0.5_K32_radius0.125_transverse,0.5,0.742255197475409,0.75,0.5000403982528556,0.5000403982528556,0.0,0.3915152427873324
delta0.5_K32_radius0.125_transverse,0.5,0.742255197475409,0.757744802524591,0.5001772763226519,0.500177276322652,1.1102230246251565e-16,0.3791243150455845
delta0.5_K32_radius0.125_transverse,0.5,0.75,0.742255197475409,0.4997666421132631,0.4997666421132631,0.0,0.3837029017291714
delta0.5_K32_radius0.125_transverse,0.5,0.75,0.75,0.4999035201830594,0.4999035201830594,0.0,0.39588664615788016
delta0.5_K32_radius0.125_transverse,0.5,0.75,0.757744802524591,0.5000403982528556,0.5000403982528556,0.0,0.39151524278733263
delta0.5_K32_radius0.125_transverse,0.5,0.757744802524591,0.742255197475409,0.4996297640434669,0.4996297640434669,0.0,0.3713119739874235
delta0.5_K32_radius0.125_transverse,0.5,0.757744802524591,0.75,0.49976664211326316,0.4997666421132631,5.551115123125783e-17,0.3837029017291716
delta0.5_K32_radius0.125_transverse,0.5,0.757744802524591,0.757744802524591,0.4999035201830594,0.4999035201830594,0.0,0.395884506699419
delta0.5_K32_radius0.125_transverse,2.0,0.742255197475409,0.742255197475409,1.9990040877033344,1.9990040877033344,0.0,0.38417522802732973
delta0.5_K32_radius0.125_transverse,2.0,0.742255197475409,0.75,1.999140840536508,1.999140840536508,0.0,0.38417309052636656
delta0.5_K32_radius0.125_transverse,2.0,0.742255197475409,0.757744802524591,1.9992775933696818,1.9992775933696818,0.0,0.38417095302540344
delta0.5_K32_radius0.125_transverse,2.0,0.75,0.742255197475409,1.9988673348701607,1.9988673348701607,0.0,0.37200049361752047
delta0.5_K32_radius0.125_transverse,2.0,0.75,0.75,1.9990040877033344,1.9990040877033344,0.0,0.38417309052636656
delta0.5_K32_radius0.125_transverse,2.0,0.75,0.757744802524591,1.999140840536508,1.999140840536508,0.0,0.38417095302540344
delta0.5_K32_radius0.125_transverse,2.0,0.757744802524591,0.742255197475409,1.998730582036987,1.998730582036987,0.0,0.35962090295805677
delta0.5_K32_radius0.125_transverse,2.0,0.757744802524591,0.75,1.9988673348701607,1.9988673348701607,0.0,0.3720004936175207
delta0.5_K32_radius0.125_transverse,2.0,0.757744802524591,0.757744802524591,1.9990040877033344,1.9990040877033344,0.0,0.38417095302540344
delta0.5_K32_radius0.015625_transverse,-2.0,0.7490318996844262,0.7490318996844262,-1.9990040877033344,-1.9990040877033344,0.0,0.384173357713987
delta0.5_K32_radius0.015625_transverse,-2.0,0.7490318996844262,0.75,-1.9989869935991877,-1.9989869935991877,0.0,0.3828326354445515
delta0.5_K32_radius0.015625_transverse,-2.0,0.7490318996844262,0.7509681003155738,-1.998969899495041,-1.998969899495041,0.0,0.38128518661211874
delta0.5_K32_radius0.015625_transverse,-2.0,0.75,0.7490318996844262,-1.9990211818074812,-1.999021181807481,2.220446049250313e-16,0.38417309052636656
delta0.5_K32_radius0.015625_transverse,-2.0,0.75,0.75,-1.9990040877033344,-1.9990040877033344,0.0,0.38417309052636656
delta0.5_K32_radius0.015625_transverse,-2.0,0.75,0.7509681003155738,-1.9989869935991877,-1.9989869935991877,0.0,0.3828326354445517
delta0.5_K32_radius0.015625_transverse,-2.0,0.7509681003155738,0.7490318996844262,-1.9990382759116279,-1.9990382759116279,0.0,0.38417282333874614
delta0.5_K32_radius0.015625_transverse,-2.0,0.7509681003155738,0.75,-1.999021181807481,-1.999021181807481,0.0,0.38417282333874614
delta0.5_K32_radius0.015625_transverse,-2.0,0.7509681003155738,0.7509681003155738,-1.9990040877033344,-1.9990040877033344,0.0,0.38417282333874614
delta0.5_K32_radius0.015625_transverse,-0.5,0.7490318996844262,0.7490318996844262,-0.4999035201830594,-0.4999035201830594,0.0,0.3958869135901878
delta0.5_K32_radius0.015625_transverse,-0.5,0.7490318996844262,0.75,-0.49988641042433485,-0.49988641042433485,0.0,0.39454496350320106
delta0.5_K32_radius0.015625_transverse,-0.5,0.7490318996844262,0.7509681003155738,-0.4998693006656103,-0.4998693006656103,0.0,0.3929960975354828
delta0.5_K32_radius0.015625_transverse,-0.5,0.75,0.7490318996844262,-0.49992062994178393,-0.49992062994178393,0.0,0.39588664615788016
delta0.5_K32_radius0.015625_transverse,-0.5,0.75,0.75,-0.4999035201830594,-0.4999035201830594,0.0,0.39588664615788016
delta0.5_K32_radius0.015625_transverse,-0.5,0.75,0.7509681003155738,-0.49988641042433485,-0.49988641042433485,0.0,0.3945449635032013
delta0.5_K32_radius0.015625_transverse,-0.5,0.7509681003155738,0.7490318996844262,-0.4999377397005084,-0.4999377397005085,5.551115123125783e-17,0.3958863787255725
delta0.5_K32_radius0.015625_transverse,-0.5,0.7509681003155738,0.75,-0.4999206299417839,-0.49992062994178393,5.551115123125783e-17,0.3958863787255725
delta0.5_K32_radius0.015625_transverse,-0.5,0.7509681003155738,0.7509681003155738,-0.49990352018305934,-0.4999035201830594,5.551115123125783e-17,0.3958863787255725
delta0.5_K32_radius0.015625_transverse,0.0,0.7490318996844262,0.7490318996844262,0.0,0.0,0.0,0.39979307148986826
delta0.5_K32_radius0.015625_transverse,0.0,0.7490318996844262,0.75,1.7110803042575664e-05,1.7110803042575725e-05,6.098637220230962e-20,0.39845103949508187
delta0.5_K32_radius0.015625_transverse,0.0,0.7490318996844262,0.7509681003155738,3.422160608515133e-05,3.422160608515145e-05,1.2197274440461925e-19,0.39690207899016394
delta0.5_K32_radius0.015625_transverse,0.0,0.75,0.7490318996844262,-1.7110803042575664e-05,-1.7110803042575725e-05,6.098637220230962e-20,0.39845103949508187
delta0.5_K32_radius0.015625_transverse,0.0,0.75,0.75,0.0,0.0,0.0,0.3997928040412375
delta0.5_K32_radius0.015625_transverse,0.0,0.75,0.7509681003155738,1.7110803042575664e-05,1.7110803042575725e-05,6.098637220230962e-20,0.3984510394950821
delta0.5_K32_radius0.015625_transverse,0.0,0.7509681003155738,0.7490318996844262,-3.422160608515133e-05,-3.422160608515145e-05,1.2197274440461925e-19,0.39690207899016394
delta0.5_K32_radius0.015625_transverse,0.0,0.7509681003155738,0.75,-1.7110803042575664e-05,-1.7110803042575725e-05,6.098637220230962e-20,0.3984510394950821
delta0.5_K32_radius0.015625_transverse,0.0,0.7509681003155738,0.7509681003155738,0.0,0.0,0.0,0.3997925365926067
delta0.5_K32_radius0.015625_transverse,0.5,0.7490318996844262,0.7490318996844262,0.4999035201830594,0.4999035201830594,0.0,0.3958869135901878
delta0.5_K32_radius0.015625_transverse,0.5,0.7490318996844262,0.75,0.49992062994178393,0.49992062994178393,0.0,0.39588664615788016
delta0.5_K32_radius0.015625_transverse,0.5,0.7490318996844262,0.7509681003155738,0.4999377397005084,0.4999377397005085,5.551115123125783e-17,0.3958863787255725
delta0.5_K32_radius0.015625_transverse,0.5,0.75,0.7490318996844262,0.49988641042433485,0.49988641042433485,0.0,0.39454496350320106
delta0.5_K32_radius0.015625_transverse,0.5,0.75,0.75,0.4999035201830594,0.4999035201830594,0.0,0.39588664615788016
delta0.5_K32_radius0.015625_transverse,0.5,0.75,0.7509681003155738,0.4999206299417839,0.49992062994178393,5.551115123125783e-17,0.3958863787255725
delta0.5_K32_radius0.015625_transverse,0.5,0.7509681003155738,0.7490318996844262,0.4998693006656103,0.4998693006656103,0.0,0.3929960975354828
delta0.5_K32_radius0.015625_transverse,0.5,0.7509681003155738,0.75,0.49988641042433485,0.49988641042433485,0.0,0.3945449635032013
delta0.5_K32_radius0.015625_transverse,0.5,0.7509681003155738,0.7509681003155738,0.49990352018305934,0.4999035201830594,5.551115123125783e-17,0.3958863787255725
delta0.5_K32_radius0.015625_transverse,2.0,0.7490318996844262,0.7490318996844262,1.9990040877033344,1.9990040877033344,0.0,0.384173357713987
delta0.5_K32_radius0.015625_transverse,2.0,0.7490318996844262,0.75,1.9990211818074812,1.999021181807481,2.220446049250313e-16,0.38417309052636656
delta0.5_K32_radius0.015625_transverse,2.0,0.7490318996844262,0.7509681003155738,1.9990382759116279,1.9990382759116279,0.0,0.38417282333874614
delta0.5_K32_radius0.015625_transverse,2.0,0.75,0.7490318996844262,1.9989869935991877,1.9989869935991877,0.0,0.3828326354445515
delta0.5_K32_radius0.015625_transverse,2.0,0.75,0.75,1.9990040877033344,1.9990040877033344,0.0,0.38417309052636656
delta0.5_K32_radius0.015625_transverse,2.0,0.75,0.7509681003155738,1.999021181807481,1.999021181807481,0.0,0.38417282333874614
delta0.5_K32_radius0.015625_transverse,2.0,0.7509681003155738,0.7490318996844262,1.998969899495041,1.998969899495041,0.0,0.38128518661211874
delta0.5_K32_radius0.015625_transverse,2.0,0.7509681003155738,0.75,1.9989869935991877,1.9989869935991877,0.0,0.3828326354445517
delta0.5_K32_radius0.015625_transverse,2.0,0.7509681003155738,0.7509681003155738,1.9990040877033344,1.9990040877033344,0.0,0.38417282333874614
delta0.5_K128_radius1_transverse,-2.0,0.6876928117213787,0.6876928117213787,-1.9999161538600343,-1.9999161538600343,0.0,0.39607008664548043
delta0.5_K128_radius1_transverse,-2.0,0.6876928117213787,0.75,-1.999365476413699,-1.9993654764136992,2.220446049250313e-16,0.2964084126639027
delta0.5_K128_radius1_transverse,-2.0,0.6876928117213787,0.8123071882786213,-1.998814798967364,-1.998814798967364,0.0,0.1967229958568861
delta0.5_K128_radius1_transverse,-2.0,0.75,0.6876928117213787,-2.0004668313063694,-2.0004668313063694,0.0,0.3042207537220637
delta0.5_K128_radius1_transverse,-2.0,0.75,0.75,-1.999916153860034,-1.9999161538600343,2.220446049250313e-16,0.39606793546886543
delta0.5_K128_radius1_transverse,-2.0,0.75,0.8123071882786213,-1.999365476413699,-1.9993654764136992,2.220446049250313e-16,0.29640841266390294
delta0.5_K128_radius1_transverse,-2.0,0.8123071882786213,0.6876928117213787,-2.0010175087527045,-2.0010175087527045,0.0,0.20453533691504713
delta0.5_K128_radius1_transverse,-2.0,0.8123071882786213,0.75,-2.0004668313063694,-2.0004668313063694,0.0,0.3042207537220639
delta0.5_K128_radius1_transverse,-2.0,0.8123071882786213,0.8123071882786213,-1.9999161538600343,-1.9999161538600343,0.0,0.3960657842922504
delta0.5_K128_radius1_transverse,-0.5,0.6876928117213787,0.6876928117213787,-0.4999885747550086,-0.49998857475500863,5.551115123125783e-17,0.39899969455772294
delta0.5_K128_radius1_transverse,-0.5,0.6876928117213787,0.75,-0.4994378657980963,-0.4994378657980963,0.0,0.2993323177878975
delta0.5_K128_radius1_transverse,-0.5,0.6876928117213787,0.8123071882786213,-0.49888715684118395,-0.49888715684118395,0.0,0.19964119683403356
delta0.5_K128_radius1_transverse,-0.5,0.75,0.6876928117213787,-0.5005392837119209,-0.500539283711921,1.1102230246251565e-16,0.3012854403043744
delta0.5_K128_radius1_transverse,-0.5,0.75,0.75,-0.4999885747550086,-0.49998857475500863,5.551115123125783e-17,0.3989975432580144
delta0.5_K128_radius1_transverse,-0.5,0.75,0.8123071882786213,-0.4994378657980963,-0.4994378657980963,0.0,0.2993323177878977
delta0.5_K128_radius1_transverse,-0.5,0.8123071882786213,0.6876928117213787,-0.5010899926688333,-0.5010899926688334,1.1102230246251565e-16,0.2015943193505105
delta0.5_K128_radius1_transverse,-0.5,0.8123071882786213,0.75,-0.5005392837119209,-0.500539283711921,1.1102230246251565e-16,0.3012854403043746
delta0.5_K128_radius1_transverse,-0.5,0.8123071882786213,0.8123071882786213,-0.4999885747550086,-0.49998857475500863,5.551115123125783e-17,0.3989953919583059
delta0.5_K128_radius1_transverse,0.0,0.6876928117213787,0.6876928117213787,0.0,0.0,0.0,0.3999762557253844
delta0.5_K128_radius1_transverse,0.0,0.6876928117213787,0.75,0.0005507110577029627,0.0005507110577029631,4.336808689942018e-19,0.30030849875420584
delta0.5_K128_radius1_transverse,0.0,0.6876928117213787,0.8123071882786213,0.0011014221154059254,0.0011014221154059263,8.673617379884035e-19,0.2006169975084119
delta0.5_K128_radius1_transverse,0.0,0.75,0.6876928117213787,-0.0005507110577029627,-0.0005507110577029631,4.336808689942018e-19,0.30030849875420584
delta0.5_K128_radius1_transverse,0.0,0.75,0.75,0.0,0.0,0.0,0.39997410441746933
delta0.5_K128_radius1_transverse,0.0,0.75,0.8123071882786213,0.0005507110577029627,0.0005507110577029631,4.336808689942018e-19,0.30030849875420607
delta0.5_K128_radius1_transverse,0.0,0.8123071882786213,0.6876928117213787,-0.0011014221154059254,-0.0011014221154059263,8.673617379884035e-19,0.2006169975084119
delta0.5_K128_radius1_transverse,0.0,0.8123071882786213,0.75,-0.0005507110577029627,-0.0005507110577029631,4.336808689942018e-19,0.30030849875420607
delta0.5_K128_radius1_transverse,0.0,0.8123071882786213,0.8123071882786213,0.0,0.0,0.0,0.39997195310955425
delta0.5_K128_radius1_transverse,0.5,0.6876928117213787,0.6876928117213787,0.4999885747550086,0.49998857475500863,5.551115123125783e-17,0.39899969455772294
delta0.5_K128_radius1_transverse,0.5,0.6876928117213787,0.75,0.5005392837119209,0.500539283711921,1.1102230246251565e-16,0.3012854403043744
delta0.5_K128_radius1_transverse,0.5,0.6876928117213787,0.8123071882786213,0.5010899926688333,0.5010899926688334,1.1102230246251565e-16,0.2015943193505105
delta0.5_K128_radius1_transverse,0.5,0.75,0.6876928117213787,0.4994378657980963,0.4994378657980963,0.0,0.2993323177878975
delta0.5_K128_radius1_transverse,0.5,0.75,0.75,0.4999885747550086,0.49998857475500863,5.551115123125783e-17,0.3989975432580144
delta0.5_K128_radius1_transverse,0.5,0.75,0.8123071882786213,0.5005392837119209,0.500539283711921,1.1102230246251565e-16,0.3012854403043746
delta0.5_K128_radius1_transverse,0.5,0.8123071882786213,0.6876928117213787,0.49888715684118395,0.49888715684118395,0.0,0.19964119683403356
delta0.5_K128_radius1_transverse,0.5,0.8123071882786213,0.75,0.4994378657980963,0.4994378657980963,0.0,0.2993323177878977
delta0.5_K128_radius1_transverse,0.5,0.8123071882786213,0.8123071882786213,0.4999885747550086,0.49998857475500863,5.551115123125783e-17,0.3989953919583059
delta0.5_K128_radius1_transverse,2.0,0.6876928117213787,0.6876928117213787,1.9999161538600343,1.9999161538600343,0.0,0.39607008664548043
delta0.5_K128_radius1_transverse,2.0,0.6876928117213787,0.75,2.0004668313063694,2.0004668313063694,0.0,0.3042207537220637
delta0.5_K128_radius1_transverse,2.0,0.6876928117213787,0.8123071882786213,2.0010175087527045,2.0010175087527045,0.0,0.20453533691504713
delta0.5_K128_radius1_transverse,2.0,0.75,0.6876928117213787,1.999365476413699,1.9993654764136992,2.220446049250313e-16,0.2964084126639027
delta0.5_K128_radius1_transverse,2.0,0.75,0.75,1.999916153860034,1.9999161538600343,2.220446049250313e-16,0.39606793546886543
delta0.5_K128_radius1_transverse,2.0,0.75,0.8123071882786213,2.0004668313063694,2.0004668313063694,0.0,0.3042207537220639
delta0.5_K128_radius1_transverse,2.0,0.8123071882786213,0.6876928117213787,1.998814798967364,1.998814798967364,0.0,0.1967229958568861
delta0.5_K128_radius1_transverse,2.0,0.8123071882786213,0.75,1.999365476413699,1.9993654764136992,2.220446049250313e-16,0.29640841266390294
delta0.5_K128_radius1_transverse,2.0,0.8123071882786213,0.8123071882786213,1.9999161538600343,1.9999161538600343,0.0,0.3960657842922504
delta0.5_K128_radius0.125_transverse,-2.0,0.7422116014651723,0.7422116014651723,-1.9999161538600343,-1.9999161538600343,0.0,0.3960682043659423
delta0.5_K128_radius0.125_transverse,-2.0,0.7422116014651723,0.75,-1.9998473191792423,-1.9998473191792423,0.0,0.3836331523700423
delta0.5_K128_radius0.125_transverse,-2.0,0.7422116014651723,0.7577883985348277,-1.9997784844984503,-1.9997784844984505,2.220446049250313e-16,0.3711724752691653
delta0.5_K128_radius0.125_transverse,-2.0,0.75,0.7422116014651723,-1.999984988540826,-1.9999849885408263,2.220446049250313e-16,0.39144549342820334
delta0.5_K128_radius0.125_transverse,-2.0,0.75,0.75,-1.999916153860034,-1.9999161538600343,2.220446049250313e-16,0.39606793546886543
delta0.5_K128_radius0.125_transverse,-2.0,0.75,0.7577883985348277,-1.9998473191792423,-1.9998473191792423,0.0,0.38363315237004253
delta0.5_K128_radius0.125_transverse,-2.0,0.7577883985348277,0.7422116014651723,-2.000053823221618,-2.0000538232216183,4.440892098500626e-16,0.37898481632732633
delta0.5_K128_radius0.125_transverse,-2.0,0.7577883985348277,0.75,-1.999984988540826,-1.9999849885408263,2.220446049250313e-16,0.39144549342820356
delta0.5_K128_radius0.125_transverse,-2.0,0.7577883985348277,0.7577883985348277,-1.999916153860034,-1.9999161538600343,2.220446049250313e-16,0.39606766657178855
delta0.5_K128_radius0.125_transverse,-0.5,0.7422116014651723,0.7422116014651723,-0.49998857475500863,-0.49998857475500863,0.0,0.398997812170478
delta0.5_K128_radius0.125_transverse,-0.5,0.7422116014651723,0.75,-0.4999197361353946,-0.4999197361353946,0.0,0.3865620486225284
delta0.5_K128_radius0.125_transverse,-0.5,0.7422116014651723,0.7577883985348277,-0.49985089751578055,-0.49985089751578055,0.0,0.37410065850329555
delta0.5_K128_radius0.125_transverse,-0.5,0.75,0.7422116014651723,-0.5000574133746226,-0.5000574133746227,1.1102230246251565e-16,0.38851517113900536
delta0.5_K128_radius0.125_transverse,-0.5,0.75,0.75,-0.4999885747550086,-0.49998857475500863,5.551115123125783e-17,0.3989975432580144
delta0.5_K128_radius0.125_transverse,-0.5,0.75,0.7577883985348277,-0.49991973613539453,-0.4999197361353946,5.551115123125783e-17,0.38656204862252863
delta0.5_K128_radius0.125_transverse,-0.5,0.7577883985348277,0.7422116014651723,-0.5001262519942367,-0.5001262519942368,1.1102230246251565e-16,0.37605378101977244
delta0.5_K128_radius0.125_transverse,-0.5,0.7577883985348277,0.75,-0.5000574133746226,-0.5000574133746227,1.1102230246251565e-16,0.3885151711390056
delta0.5_K128_radius0.125_transverse,-0.5,0.7577883985348277,0.7577883985348277,-0.49998857475500863,-0.49998857475500863,0.0,0.3989972743455509
delta0.5_K128_radius0.125_transverse,0.0,0.7422116014651723,0.7422116014651723,0.0,0.0,0.0,0.3999743733309587
delta0.5_K128_radius0.125_transverse,0.0,0.7422116014651723,0.75,6.88388822128705e-05,6.883888221287088e-05,3.7947076036992655e-19,0.38753856234427564
delta0.5_K128_radius0.125_transverse,0.0,0.7422116014651723,0.7577883985348277,0.00013767776442574143,0.00013767776442574176,3.2526065174565133e-19,0.3750771246885515
delta0.5_K128_radius0.125_transverse,0.0,0.75,0.7422116014651723,-6.88388822128705e-05,-6.883888221287088e-05,3.7947076036992655e-19,0.38753856234427564
delta0.5_K128_radius0.125_transverse,0.0,0.75,0.75,0.0,0.0,0.0,0.39997410441746933
delta0.5_K128_radius0.125_transverse,0.0,0.75,0.7577883985348277,6.883888221287093e-05,6.883888221287088e-05,5.421010862427522e-20,0.38753856234427586
delta0.5_K128_radius0.125_transverse,0.0,0.7577883985348277,0.7422116014651723,-0.00013767776442574143,-0.00013767776442574176,3.2526065174565133e-19,0.3750771246885515
delta0.5_K128_radius0.125_transverse,0.0,0.7577883985348277,0.75,-6.883888221287093e-05,-6.883888221287088e-05,5.421010862427522e-20,0.38753856234427586
delta0.5_K128_radius0.125_transverse,0.0,0.7577883985348277,0.7577883985348277,0.0,0.0,0.0,0.3999738355039799
delta0.5_K128_radius0.125_transverse,0.5,0.7422116014651723,0.7422116014651723,0.49998857475500863,0.49998857475500863,0.0,0.398997812170478
delta0.5_K128_radius0.125_transverse,0.5,0.7422116014651723,0.75,0.5000574133746226,0.5000574133746227,1.1102230246251565e-16,0.38851517113900536
delta0.5_K128_radius0.125_transverse,0.5,0.7422116014651723,0.7577883985348277,0.5001262519942367,0.5001262519942368,1.1102230246251565e-16,0.37605378101977244
delta0.5_K128_radius0.125_transverse,0.5,0.75,0.7422116014651723,0.4999197361353946,0.4999197361353946,0.0,0.3865620486225284
delta0.5_K128_radius0.125_transverse,0.5,0.75,0.75,0.4999885747550086,0.49998857475500863,5.551115123125783e-17,0.3989975432580144
delta0.5_K128_radius0.125_transverse,0.5,0.75,0.7577883985348277,0.5000574133746226,0.5000574133746227,1.1102230246251565e-16,0.3885151711390056
delta0.5_K128_radius0.125_transverse,0.5,0.7577883985348277,0.7422116014651723,0.49985089751578055,0.49985089751578055,0.0,0.37410065850329555
delta0.5_K128_radius0.125_transverse,0.5,0.7577883985348277,0.75,0.49991973613539453,0.4999197361353946,5.551115123125783e-17,0.38656204862252863
delta0.5_K128_radius0.125_transverse,0.5,0.7577883985348277,0.7577883985348277,0.49998857475500863,0.49998857475500863,0.0,0.3989972743455509
delta0.5_K128_radius0.125_transverse,2.0,0.7422116014651723,0.7422116014651723,1.9999161538600343,1.9999161538600343,0.0,0.3960682043659423
delta0.5_K128_radius0.125_transverse,2.0,0.7422116014651723,0.75,1.999984988540826,1.9999849885408263,2.220446049250313e-16,0.39144549342820334
delta0.5_K128_radius0.125_transverse,2.0,0.7422116014651723,0.7577883985348277,2.000053823221618,2.0000538232216183,4.440892098500626e-16,0.37898481632732633
delta0.5_K128_radius0.125_transverse,2.0,0.75,0.7422116014651723,1.9998473191792423,1.9998473191792423,0.0,0.3836331523700423
delta0.5_K128_radius0.125_transverse,2.0,0.75,0.75,1.999916153860034,1.9999161538600343,2.220446049250313e-16,0.39606793546886543
delta0.5_K128_radius0.125_transverse,2.0,0.75,0.7577883985348277,1.999984988540826,1.9999849885408263,2.220446049250313e-16,0.39144549342820356
delta0.5_K128_radius0.125_transverse,2.0,0.7577883985348277,0.7422116014651723,1.9997784844984503,1.9997784844984505,2.220446049250313e-16,0.3711724752691653
delta0.5_K128_radius0.125_transverse,2.0,0.7577883985348277,0.75,1.9998473191792423,1.9998473191792423,0.0,0.38363315237004253
delta0.5_K128_radius0.125_transverse,2.0,0.7577883985348277,0.7577883985348277,1.999916153860034,1.9999161538600343,2.220446049250313e-16,0.39606766657178855
delta0.5_K128_radius0.015625_transverse,-2.0,0.7490264501831465,0.7490264501831465,-1.999916153860034,-1.9999161538600343,2.220446049250313e-16,0.39606796908100006
delta0.5_K128_radius0.015625_transverse,-2.0,0.7490264501831465,0.75,-1.9999075495249352,-1.9999075495249352,0.0,0.3945362448333098
delta0.5_K128_radius0.015625_transverse,-2.0,0.7490264501831465,0.7509735498168535,-1.9998989451898361,-1.9998989451898364,2.220446049250313e-16,0.39297866019570027
delta0.5_K128_radius0.015625_transverse,-2.0,0.75,0.7490264501831465,-1.9999247581951332,-1.9999247581951334,2.220446049250313e-16,0.39606793546886543
delta0.5_K128_radius0.015625_transverse,-2.0,0.75,0.75,-1.999916153860034,-1.9999161538600343,2.220446049250313e-16,0.39606793546886543
delta0.5_K128_radius0.015625_transverse,-2.0,0.75,0.7509735498168535,-1.9999075495249352,-1.9999075495249352,0.0,0.39453624483331
delta0.5_K128_radius0.015625_transverse,-2.0,0.7509735498168535,0.7490264501831465,-1.9999333625302322,-1.9999333625302322,0.0,0.3960679018567308
delta0.5_K128_radius0.015625_transverse,-2.0,0.7509735498168535,0.75,-1.9999247581951332,-1.9999247581951334,2.220446049250313e-16,0.3960679018567308
delta0.5_K128_radius0.015625_transverse,-2.0,0.7509735498168535,0.7509735498168535,-1.9999161538600343,-1.9999161538600343,0.0,0.3960679018567308
delta0.5_K128_radius0.015625_transverse,-0.5,0.7490264501831465,0.7490264501831465,-0.4999885747550086,-0.49998857475500863,5.551115123125783e-17,0.3989975768720724
delta0.5_K128_radius0.015625_transverse,-0.5,0.7490264501831465,0.75,-0.49997996992755683,-0.4999799699275569,5.551115123125783e-17,0.3974657649768573
delta0.5_K128_radius0.015625_transverse,-0.5,0.7490264501831465,0.7509735498168535,-0.4999713651001051,-0.4999713651001051,0.0,0.39590809121195336
delta0.5_K128_radius0.015625_transverse,-0.5,0.75,0.7490264501831465,-0.4999971795824603,-0.49999717958246037,5.551115123125783e-17,0.3989975432580144
delta0.5_K128_radius0.015625_transverse,-0.5,0.75,0.75,-0.4999885747550086,-0.49998857475500863,5.551115123125783e-17,0.3989975432580144
delta0.5_K128_radius0.015625_transverse,-0.5,0.75,0.7509735498168535,-0.49997996992755683,-0.4999799699275569,5.551115123125783e-17,0.39746576497685754
delta0.5_K128_radius0.015625_transverse,-0.5,0.7509735498168535,0.7490264501831465,-0.5000057844099122,-0.5000057844099122,0.0,0.39786121372843025
delta0.5_K128_radius0.015625_transverse,-0.5,0.7509735498168535,0.75,-0.4999971795824603,-0.49999717958246037,5.551115123125783e-17,0.39899750964395647
delta0.5_K128_radius0.015625_transverse,-0.5,0.7509735498168535,0.7509735498168535,-0.4999885747550086,-0.49998857475500863,5.551115123125783e-17,0.39899750964395647
delta0.5_K128_radius0.015625_transverse,0.0,0.7490264501831465,0.7490264501831465,0.0,0.0,0.0,0.3999741380316555
delta0.5_K128_radius0.015625_transverse,0.0,0.7490264501831465,0.75,8.604860276608704e-06,8.604860276609106e-06,4.0149361699853836e-19,0.3984423202930344
delta0.5_K128_radius0.015625_transverse,0.0,0.7490264501831465,0.7509735498168535,1.7209720553217842e-05,1.720972055321821e-05,3.6930636500287495e-19,0.396884640586069
delta0.5_K128_radius0.015625_transverse,0.0,0.75,0.7490264501831465,-8.604860276608704e-06,-8.604860276609106e-06,4.0149361699853836e-19,0.3984423202930344
delta0.5_K128_radius0.015625_transverse,0.0,0.75,0.75,0.0,0.0,0.0,0.39997410441746933
delta0.5_K128_radius0.015625_transverse,0.0,0.75,0.7509735498168535,8.604860276609138e-06,8.604860276609106e-06,3.218725199566341e-20,0.3984423202930346
delta0.5_K128_radius0.015625_transverse,0.0,0.7509735498168535,0.7490264501831465,-1.7209720553217842e-05,-1.720972055321821e-05,3.6930636500287495e-19,0.396884640586069
delta0.5_K128_radius0.015625_transverse,0.0,0.7509735498168535,0.75,-8.604860276609138e-06,-8.604860276609106e-06,3.218725199566341e-20,0.3984423202930346
delta0.5_K128_radius0.015625_transverse,0.0,0.7509735498168535,0.7509735498168535,0.0,0.0,0.0,0.3999740708032832
delta0.5_K128_radius0.015625_transverse,0.5,0.7490264501831465,0.7490264501831465,0.4999885747550086,0.49998857475500863,5.551115123125783e-17,0.3989975768720724
delta0.5_K128_radius0.015625_transverse,0.5,0.7490264501831465,0.75,0.4999971795824603,0.49999717958246037,5.551115123125783e-17,0.3989975432580144
delta0.5_K128_radius0.015625_transverse,0.5,0.7490264501831465,0.7509735498168535,0.5000057844099122,0.5000057844099122,0.0,0.39786121372843025
delta0.5_K128_radius0.015625_transverse,0.5,0.75,0.7490264501831465,0.49997996992755683,0.4999799699275569,5.551115123125783e-17,0.3974657649768573
delta0.5_K128_radius0.015625_transverse,0.5,0.75,0.75,0.4999885747550086,0.49998857475500863,5.551115123125783e-17,0.3989975432580144
delta0.5_K128_radius0.015625_transverse,0.5,0.75,0.7509735498168535,0.4999971795824603,0.49999717958246037,5.551115123125783e-17,0.39899750964395647
delta0.5_K128_radius0.015625_transverse,0.5,0.7509735498168535,0.7490264501831465,0.4999713651001051,0.4999713651001051,0.0,0.39590809121195336
delta0.5_K128_radius0.015625_transverse,0.5,0.7509735498168535,0.75,0.49997996992755683,0.4999799699275569,5.551115123125783e-17,0.39746576497685754
delta0.5_K128_radius0.015625_transverse,0.5,0.7509735498168535,0.7509735498168535,0.4999885747550086,0.49998857475500863,5.551115123125783e-17,0.39899750964395647
delta0.5_K128_radius0.015625_transverse,2.0,0.7490264501831465,0.7490264501831465,1.999916153860034,1.9999161538600343,2.220446049250313e-16,0.39606796908100006
delta0.5_K128_radius0.015625_transverse,2.0,0.7490264501831465,0.75,1.9999247581951332,1.9999247581951334,2.220446049250313e-16,0.39606793546886543
delta0.5_K128_radius0.015625_transverse,2.0,0.7490264501831465,0.7509735498168535,1.9999333625302322,1.9999333625302322,0.0,0.3960679018567308
delta0.5_K128_radius0.015625_transverse,2.0,0.75,0.7490264501831465,1.9999075495249352,1.9999075495249352,0.0,0.3945362448333098
delta0.5_K128_radius0.015625_transverse,2.0,0.75,0.75,1.999916153860034,1.9999161538600343,2.220446049250313e-16,0.39606793546886543
delta0.5_K128_radius0.015625_transverse,2.0,0.75,0.7509735498168535,1.9999247581951332,1.9999247581951334,2.220446049250313e-16,0.3960679018567308
delta0.5_K128_radius0.015625_transverse,2.0,0.7509735498168535,0.7490264501831465,1.9998989451898361,1.9998989451898364,2.220446049250313e-16,0.39297866019570027
delta0.5_K128_radius0.015625_transverse,2.0,0.7509735498168535,0.75,1.9999075495249352,1.9999075495249352,0.0,0.39453624483331
delta0.5_K128_radius0.015625_transverse,2.0,0.7509735498168535,0.7509735498168535,1.9999161538600343,1.9999161538600343,0.0,0.3960679018567308
delta0.5_K512_radius1_transverse,-2.0,0.6875683388943666,0.6875683388943666,-1.9999920620898965,-1.9999920620898965,0.0,0.39902047131200236
delta0.5_K512_radius1_transverse,-2.0,0.6875683388943666,0.75,-1.9997161523183502,-1.9997161523183502,0.0,0.29913316202439805
delta0.5_K512_radius1_transverse,-2.0,0.6875683388943666,0.8124316611056334,-1.9994402425468039,-1.9994402425468039,0.0,0.1992428853070347
delta0.5_K512_radius1_transverse,-2.0,0.75,0.6875683388943666,-2.000267971861443,-2.000267971861443,0.0,0.30108628454087494
delta0.5_K512_radius1_transverse,-2.0,0.75,0.75,-1.9999920620898965,-1.9999920620898965,0.0,0.39902020186741244
delta0.5_K512_radius1_transverse,-2.0,0.75,0.8124316611056334,-1.9997161523183502,-1.9997161523183502,0.0,0.29913316202439827
delta0.5_K512_radius1_transverse,-2.0,0.8124316611056334,0.6875683388943666,-2.0005438816329892,-2.0005438816329892,0.0,0.20119600782351166
delta0.5_K512_radius1_transverse,-2.0,0.8124316611056334,0.75,-2.000267971861443,-2.000267971861443,0.0,0.30108628454087516
delta0.5_K512_radius1_transverse,-2.0,0.8124316611056334,0.8124316611056334,-1.9999920620898965,-1.9999920620898965,0.0,0.3990199324228226
delta0.5_K512_radius1_transverse,-0.5,0.6875683388943666,0.6875683388943666,-0.4999986115663478,-0.4999986115663478,0.0,0.39975289195403096
delta0.5_K512_radius1_transverse,-0.5,0.6875683388943666,0.75,-0.49972270080807013,-0.4997227008080701,5.551115123125783e-17,0.299865225441174
delta0.5_K512_radius1_transverse,-0.5,0.6875683388943666,0.8124316611056334,-0.4994467900497924,-0.4994467900497924,0.0,0.1999745914879456
delta0.5_K512_radius1_transverse,-0.5,0.75,0.6875683388943666,-0.5002745223246254,-0.5002745223246254,0.0,0.3003535066523689
delta0.5_K512_radius1_transverse,-0.5,0.75,0.75,-0.4999986115663478,-0.4999986115663478,0.0,0.3997526225084775
delta0.5_K512_radius1_transverse,-0.5,0.75,0.8124316611056334,-0.4997227008080701,-0.4997227008080701,0.0,0.2998652254411742
delta0.5_K512_radius1_transverse,-0.5,0.8124316611056334,0.6875683388943666,-0.5005504330829031,-0.5005504330829031,0.0,0.20046287269914048
delta0.5_K512_radius1_transverse,-0.5,0.8124316611056334,0.75,-0.5002745223246255,-0.5002745223246254,1.1102230246251565e-16,0.3003535066523691
delta0.5_K512_radius1_transverse,-0.5,0.8124316611056334,0.8124316611056334,-0.4999986115663478,-0.4999986115663478,0.0,0.399752353062924
delta0.5_K512_radius1_transverse,0.0,0.6875683388943666,0.6875683388943666,0.0,0.0,0.0,0.39999703255892094
delta0.5_K512_radius1_transverse,0.0,0.6875683388943666,0.75,0.0002759108240599394,0.0002759108240599396,2.168404344971009e-19,0.3001093422309865
delta0.5_K512_radius1_transverse,0.0,0.6875683388943666,0.8124316611056334,0.0005518216481198792,0.0005518216481198792,0.0,0.20021868446197322
delta0.5_K512_radius1_transverse,0.0,0.75,0.6875683388943666,-0.0002759108240599394,-0.0002759108240599396,2.168404344971009e-19,0.3001093422309865
delta0.5_K512_radius1_transverse,0.0,0.75,0.75,0.0,0.0,0.0,0.39999676311330323
delta0.5_K512_radius1_transverse,0.0,0.75,0.8124316611056334,0.00027591082405993984,0.0002759108240599396,2.168404344971009e-19,0.30010934223098673
delta0.5_K512_radius1_transverse,0.0,0.8124316611056334,0.6875683388943666,-0.0005518216481198792,-0.0005518216481198792,0.0,0.20021868446197322
delta0.5_K512_radius1_transverse,0.0,0.8124316611056334,0.75,-0.00027591082405993984,-0.0002759108240599396,2.168404344971009e-19,0.30010934223098673
delta0.5_K512_radius1_transverse,0.0,0.8124316611056334,0.8124316611056334,0.0,0.0,0.0,0.39999649366768547
delta0.5_K512_radius1_transverse,0.5,0.6875683388943666,0.6875683388943666,0.4999986115663478,0.4999986115663478,0.0,0.39975289195403096
delta0.5_K512_radius1_transverse,0.5,0.6875683388943666,0.75,0.5002745223246254,0.5002745223246254,0.0,0.3003535066523689
delta0.5_K512_radius1_transverse,0.5,0.6875683388943666,0.8124316611056334,0.5005504330829031,0.5005504330829031,0.0,0.20046287269914048
delta0.5_K512_radius1_transverse,0.5,0.75,0.6875683388943666,0.49972270080807013,0.4997227008080701,5.551115123125783e-17,0.299865225441174
delta0.5_K512_radius1_transverse,0.5,0.75,0.75,0.4999986115663478,0.4999986115663478,0.0,0.3997526225084775
delta0.5_K512_radius1_transverse,0.5,0.75,0.8124316611056334,0.5002745223246255,0.5002745223246254,1.1102230246251565e-16,0.3003535066523691
delta0.5_K512_radius1_transverse,0.5,0.8124316611056334,0.6875683388943666,0.4994467900497924,0.4994467900497924,0.0,0.1999745914879456
delta0.5_K512_radius1_transverse,0.5,0.8124316611056334,0.75,0.4997227008080701,0.4997227008080701,0.0,0.2998652254411742
delta0.5_K512_radius1_transverse,0.5,0.8124316611056334,0.8124316611056334,0.4999986115663478,0.4999986115663478,0.0,0.399752353062924
delta0.5_K512_radius1_transverse,2.0,0.6875683388943666,0.6875683388943666,1.9999920620898965,1.9999920620898965,0.0,0.39902047131200236
delta0.5_K512_radius1_transverse,2.0,0.6875683388943666,0.75,2.000267971861443,2.000267971861443,0.0,0.30108628454087494
delta0.5_K512_radius1_transverse,2.0,0.6875683388943666,0.8124316611056334,2.0005438816329892,2.0005438816329892,0.0,0.20119600782351166
delta0.5_K512_radius1_transverse,2.0,0.75,0.6875683388943666,1.9997161523183502,1.9997161523183502,0.0,0.29913316202439805
delta0.5_K512_radius1_transverse,2.0,0.75,0.75,1.9999920620898965,1.9999920620898965,0.0,0.39902020186741244
delta0.5_K512_radius1_transverse,2.0,0.75,0.8124316611056334,2.000267971861443,2.000267971861443,0.0,0.30108628454087516
delta0.5_K512_radius1_transverse,2.0,0.8124316611056334,0.6875683388943666,1.9994402425468039,1.9994402425468039,0.0,0.1992428853070347
delta0.5_K512_radius1_transverse,2.0,0.8124316611056334,0.75,1.9997161523183502,1.9997161523183502,0.0,0.29913316202439827
delta0.5_K512_radius1_transverse,2.0,0.8124316611056334,0.8124316611056334,1.9999920620898965,1.9999920620898965,0.0,0.3990199324228226
delta0.5_K512_radius0.125_transverse,-2.0,0.7421960423617958,0.7421960423617958,-1.9999920620898965,-1.9999920620898965,0.0,0.3990202355479862
delta0.5_K512_radius0.125_transverse,-2.0,0.7421960423617958,0.75,-1.9999575733684534,-1.9999575733684531,2.220446049250313e-16,0.386537154152091
delta0.5_K512_radius0.125_transverse,-2.0,0.7421960423617958,0.7578039576382042,-1.99992308464701,-1.99992308464701,0.0,0.3740508695624206
delta0.5_K512_radius0.125_transverse,-2.0,0.75,0.7421960423617958,-2.0000265508113397,-2.0000265508113397,0.0,0.3884902766685679
delta0.5_K512_radius0.125_transverse,-2.0,0.75,0.75,-1.9999920620898965,-1.9999920620898965,0.0,0.39902020186741244
delta0.5_K512_radius0.125_transverse,-2.0,0.75,0.7578039576382042,-1.9999575733684534,-1.9999575733684531,2.220446049250313e-16,0.3865371541520912
delta0.5_K512_radius0.125_transverse,-2.0,0.7578039576382042,0.7421960423617958,-2.000061039532783,-2.0000610395327834,4.440892098500626e-16,0.37600399207889756
delta0.5_K512_radius0.125_transverse,-2.0,0.7578039576382042,0.75,-2.0000265508113397,-2.0000265508113397,0.0,0.3884902766685681
delta0.5_K512_radius0.125_transverse,-2.0,0.7578039576382042,0.7578039576382042,-1.9999920620898965,-1.9999920620898965,0.0,0.3990201681868387
delta0.5_K512_radius0.125_transverse,-0.5,0.7421960423617958,0.7421960423617958,-0.4999986115663478,-0.4999986115663478,0.0,0.39975265618917166
delta0.5_K512_radius0.125_transverse,-0.5,0.7421960423617958,0.75,-0.4999641227215631,-0.4999641227215631,0.0,0.38726953015024884
delta0.5_K512_radius0.125_transverse,-0.5,0.7421960423617958,0.7578039576382042,-0.49992963387677836,-0.49992963387677836,0.0,0.37478320090609535
delta0.5_K512_radius0.125_transverse,-0.5,0.75,0.7421960423617958,-0.5000331004111325,-0.5000331004111325,0.0,0.38775781136144377
delta0.5_K512_radius0.125_transverse,-0.5,0.75,0.75,-0.4999986115663478,-0.4999986115663478,0.0,0.3997526225084775
delta0.5_K512_radius0.125_transverse,-0.5,0.75,0.7578039576382042,-0.4999641227215631,-0.4999641227215631,0.0,0.38726953015024906
delta0.5_K512_radius0.125_transverse,-0.5,0.7578039576382042,0.7421960423617958,-0.5000675892559172,-0.5000675892559172,0.0,0.3752714821172903
delta0.5_K512_radius0.125_transverse,-0.5,0.7578039576382042,0.75,-0.5000331004111325,-0.5000331004111325,0.0,0.387757811361444
delta0.5_K512_radius0.125_transverse,-0.5,0.7578039576382042,0.7578039576382042,-0.4999986115663478,-0.4999986115663478,0.0,0.3997525888277833
delta0.5_K512_radius0.125_transverse,0.0,0.7421960423617958,0.7421960423617958,0.0,0.0,0.0,0.3999967967940054
delta0.5_K512_radius0.125_transverse,0.0,0.7421960423617958,0.75,3.448885300749237e-05,3.4488853007492514e-05,1.4230153513872246e-19,0.3875136677788732
delta0.5_K512_radius0.125_transverse,0.0,0.7421960423617958,0.7578039576382042,6.897770601498518e-05,6.897770601498503e-05,1.4907779871675686e-19,0.3750273355577466
delta0.5_K512_radius0.125_transverse,0.0,0.75,0.7421960423617958,-3.448885300749237e-05,-3.4488853007492514e-05,1.4230153513872246e-19,0.3875136677788732
delta0.5_K512_radius0.125_transverse,0.0,0.75,0.75,0.0,0.0,0.0,0.39999676311330323
delta0.5_K512_radius0.125_transverse,0.0,0.75,0.7578039576382042,3.4488853007492805e-05,3.4488853007492514e-05,2.913793338554793e-19,0.3875136677788734
delta0.5_K512_radius0.125_transverse,0.0,0.7578039576382042,0.7421960423617958,-6.897770601498518e-05,-6.897770601498503e-05,1.4907779871675686e-19,0.3750273355577466
delta0.5_K512_radius0.125_transverse,0.0,0.7578039576382042,0.75,-3.4488853007492805e-05,-3.4488853007492514e-05,2.913793338554793e-19,0.3875136677788734
delta0.5_K512_radius0.125_transverse,0.0,0.7578039576382042,0.7578039576382042,0.0,0.0,0.0,0.399996729432601
delta0.5_K512_radius0.125_transverse,0.5,0.7421960423617958,0.7421960423617958,0.4999986115663478,0.4999986115663478,0.0,0.39975265618917166
delta0.5_K512_radius0.125_transverse,0.5,0.7421960423617958,0.75,0.5000331004111325,0.5000331004111325,0.0,0.38775781136144377
delta0.5_K512_radius0.125_transverse,0.5,0.7421960423617958,0.7578039576382042,0.5000675892559172,0.5000675892559172,0.0,0.3752714821172903
delta0.5_K512_radius0.125_transverse,0.5,0.75,0.7421960423617958,0.4999641227215631,0.4999641227215631,0.0,0.38726953015024884
delta0.5_K512_radius0.125_transverse,0.5,0.75,0.75,0.4999986115663478,0.4999986115663478,0.0,0.3997526225084775
delta0.5_K512_radius0.125_transverse,0.5,0.75,0.7578039576382042,0.5000331004111325,0.5000331004111325,0.0,0.387757811361444
delta0.5_K512_radius0.125_transverse,0.5,0.7578039576382042,0.7421960423617958,0.49992963387677836,0.49992963387677836,0.0,0.37478320090609535
delta0.5_K512_radius0.125_transverse,0.5,0.7578039576382042,0.75,0.4999641227215631,0.4999641227215631,0.0,0.38726953015024906
delta0.5_K512_radius0.125_transverse,0.5,0.7578039576382042,0.7578039576382042,0.4999986115663478,0.4999986115663478,0.0,0.3997525888277833
delta0.5_K512_radius0.125_transverse,2.0,0.7421960423617958,0.7421960423617958,1.9999920620898965,1.9999920620898965,0.0,0.3990202355479862
delta0.5_K512_radius0.125_transverse,2.0,0.7421960423617958,0.75,2.0000265508113397,2.0000265508113397,0.0,0.3884902766685679
delta0.5_K512_radius0.125_transverse,2.0,0.7421960423617958,0.7578039576382042,2.000061039532783,2.0000610395327834,4.440892098500626e-16,0.37600399207889756
delta0.5_K512_radius0.125_transverse,2.0,0.75,0.7421960423617958,1.9999575733684534,1.9999575733684531,2.220446049250313e-16,0.386537154152091
delta0.5_K512_radius0.125_transverse,2.0,0.75,0.75,1.9999920620898965,1.9999920620898965,0.0,0.39902020186741244
delta0.5_K512_radius0.125_transverse,2.0,0.75,0.7578039576382042,2.0000265508113397,2.0000265508113397,0.0,0.3884902766685681
delta0.5_K512_radius0.125_transverse,2.0,0.7578039576382042,0.7421960423617958,1.99992308464701,1.99992308464701,0.0,0.3740508695624206
delta0.5_K512_radius0.125_transverse,2.0,0.7578039576382042,0.75,1.9999575733684534,1.9999575733684531,2.220446049250313e-16,0.3865371541520912
delta0.5_K512_radius0.125_transverse,2.0,0.7578039576382042,0.7578039576382042,1.9999920620898965,1.9999920620898965,0.0,0.3990201681868387
delta0.5_K512_radius0.015625_transverse,-2.0,0.7490245052952245,0.7490245052952245,-1.9999920620898965,-1.9999920620898965,0.0,0.3990202060774842
delta0.5_K512_radius0.015625_transverse,-2.0,0.7490245052952245,0.75,-1.9999877509997162,-1.9999877509997162,0.0,0.3974626531680526
delta0.5_K512_radius0.015625_transverse,-2.0,0.7490245052952245,0.7509754947047755,-1.9999834399095358,-1.9999834399095358,0.0,0.39590186759434387
delta0.5_K512_radius0.015625_transverse,-2.0,0.75,0.7490245052952245,-1.999996373180077,-1.999996373180077,0.0,0.39902020186741244
delta0.5_K512_radius0.015625_transverse,-2.0,0.75,0.75,-1.9999920620898965,-1.9999920620898965,0.0,0.39902020186741244
delta0.5_K512_radius0.015625_transverse,-2.0,0.75,0.7509754947047755,-1.9999877509997162,-1.9999877509997162,0.0,0.39746265316805285
delta0.5_K512_radius0.015625_transverse,-2.0,0.7509754947047755,0.7490245052952245,-2.0000006842702573,-2.0000006842702573,0.0,0.39785499011082076
delta0.5_K512_radius0.015625_transverse,-2.0,0.7509754947047755,0.75,-1.999996373180077,-1.999996373180077,0.0,0.39902019765734076
delta0.5_K512_radius0.015625_transverse,-2.0,0.7509754947047755,0.7509754947047755,-1.9999920620898965,-1.9999920620898965,0.0,0.39902019765734076
delta0.5_K512_radius0.015625_transverse,-0.5,0.7490245052952245,0.7490245052952245,-0.4999986115663478,-0.4999986115663478,0.0,0.39975262671856426
delta0.5_K512_radius0.015625_transverse,-0.5,0.7490245052952245,0.75,-0.4999943004607497,-0.4999943004607497,0.0,0.39819506823888323
delta0.5_K512_radius0.015625_transverse,-0.5,0.7490245052952245,0.7509754947047755,-0.4999899893551516,-0.4999899893551516,0.0,0.3966342770833641
delta0.5_K512_radius0.015625_transverse,-0.5,0.75,0.7490245052952245,-0.5000029226719459,-0.5000029226719459,0.0,0.3986833494500781
delta0.5_K512_radius0.015625_transverse,-0.5,0.75,0.75,-0.4999986115663478,-0.4999986115663478,0.0,0.3997526225084775
delta0.5_K512_radius0.015625_transverse,-0.5,0.75,0.7509754947047755,-0.49999430046074966,-0.4999943004607497,5.551115123125783e-17,0.39819506823888345
delta0.5_K512_radius0.015625_transverse,-0.5,0.7509754947047755,0.7490245052952245,-0.500007233777544,-0.500007233777544,0.0,0.397122558294559
delta0.5_K512_radius0.015625_transverse,-0.5,0.7509754947047755,0.75,-0.5000029226719459,-0.5000029226719459,0.0,0.39868334945007833
delta0.5_K512_radius0.015625_transverse,-0.5,0.7509754947047755,0.7509754947047755,-0.4999986115663478,-0.4999986115663478,0.0,0.3997526182983907
delta0.5_K512_radius0.015625_transverse,0.0,0.7490245052952245,0.7490245052952245,0.0,0.0,0.0,0.399996767323391
delta0.5_K512_radius0.015625_transverse,0.0,0.7490245052952245,0.75,4.311106625936465e-06,4.311106625936625e-06,1.6008922703106276e-19,0.39843920847235903
delta0.5_K512_radius0.015625_transverse,0.0,0.7490245052952245,0.7509754947047755,8.622213251873147e-06,8.62221325187325e-06,1.0333801956502464e-19,0.39687841694471826
delta0.5_K512_radius0.015625_transverse,0.0,0.75,0.7490245052952245,-4.311106625936465e-06,-4.311106625936625e-06,1.6008922703106276e-19,0.39843920847235903
delta0.5_K512_radius0.015625_transverse,0.0,0.75,0.75,0.0,0.0,0.0,0.39999676311330323
delta0.5_K512_radius0.015625_transverse,0.0,0.75,0.7509754947047755,4.311106625936682e-06,4.311106625936625e-06,5.675120746603812e-20,0.39843920847235925
delta0.5_K512_radius0.015625_transverse,0.0,0.7509754947047755,0.7490245052952245,-8.622213251873147e-06,-8.62221325187325e-06,1.0333801956502464e-19,0.39687841694471826
delta0.5_K512_radius0.015625_transverse,0.0,0.7509754947047755,0.75,-4.311106625936682e-06,-4.311106625936625e-06,5.675120746603812e-20,0.39843920847235925
delta0.5_K512_radius0.015625_transverse,0.0,0.7509754947047755,0.7509754947047755,0.0,0.0,0.0,0.39999675890321545
delta0.5_K512_radius0.015625_transverse,0.5,0.7490245052952245,0.7490245052952245,0.4999986115663478,0.4999986115663478,0.0,0.39975262671856426
delta0.5_K512_radius0.015625_transverse,0.5,0.7490245052952245,0.75,0.5000029226719459,0.5000029226719459,0.0,0.3986833494500781
delta0.5_K512_radius0.015625_transverse,0.5,0.7490245052952245,0.7509754947047755,0.500007233777544,0.500007233777544,0.0,0.397122558294559
delta0.5_K512_radius0.015625_transverse,0.5,0.75,0.7490245052952245,0.4999943004607497,0.4999943004607497,0.0,0.39819506823888323
delta0.5_K512_radius0.015625_transverse,0.5,0.75,0.75,0.4999986115663478,0.4999986115663478,0.0,0.3997526225084775
delta0.5_K512_radius0.015625_transverse,0.5,0.75,0.7509754947047755,0.5000029226719459,0.5000029226719459,0.0,0.39868334945007833
delta0.5_K512_radius0.015625_transverse,0.5,0.7509754947047755,0.7490245052952245,0.4999899893551516,0.4999899893551516,0.0,0.3966342770833641
delta0.5_K512_radius0.015625_transverse,0.5,0.7509754947047755,0.75,0.49999430046074966,0.4999943004607497,5.551115123125783e-17,0.39819506823888345
delta0.5_K512_radius0.015625_transverse,0.5,0.7509754947047755,0.7509754947047755,0.4999986115663478,0.4999986115663478,0.0,0.3997526182983907
delta0.5_K512_radius0.015625_transverse,2.0,0.7490245052952245,0.7490245052952245,1.9999920620898965,1.9999920620898965,0.0,0.3990202060774842
delta0.5_K512_radius0.015625_transverse,2.0,0.7490245052952245,0.75,1.999996373180077,1.999996373180077,0.0,0.39902020186741244
delta0.5_K512_radius0.015625_transverse,2.0,0.7490245052952245,0.7509754947047755,2.0000006842702573,2.0000006842702573,0.0,0.39785499011082076
delta0.5_K512_radius0.015625_transverse,2.0,0.75,0.7490245052952245,1.9999877509997162,1.9999877509997162,0.0,0.3974626531680526
delta0.5_K512_radius0.015625_transverse,2.0,0.75,0.75,1.9999920620898965,1.9999920620898965,0.0,0.39902020186741244
delta0.5_K512_radius0.015625_transverse,2.0,0.75,0.7509754947047755,1.999996373180077,1.999996373180077,0.0,0.39902019765734076
delta0.5_K512_radius0.015625_transverse,2.0,0.7509754947047755,0.7490245052952245,1.9999834399095358,1.9999834399095358,0.0,0.39590186759434387
delta0.5_K512_radius0.015625_transverse,2.0,0.7509754947047755,0.75,1.9999877509997162,1.9999877509997162,0.0,0.39746265316805285
delta0.5_K512_radius0.015625_transverse,2.0,0.7509754947047755,0.7509754947047755,1.9999920620898965,1.9999920620898965,0.0,0.39902019765734076
delta1_K32_radius1_transverse,-2.0,0.6875009536815925,0.6875009536815925,-1.999288198181227,-1.999288198181227,0.0,0.3843465466322618
delta1_K32_radius1_transverse,-2.0,0.6875009536815925,0.75,-1.9990930852238857,-1.9990930852238857,0.0,0.28447920138525196
delta1_K32_radius1_transverse,-2.0,0.6875009536815925,0.8124990463184075,-1.9988979722665443,-1.9988979722665443,0.0,0.18457831849351977
delta1_K32_radius1_transverse,-2.0,0.75,0.6875009536815925,-1.9994833111385681,-1.9994833111385681,0.0,0.3157190328312832
delta1_K32_radius1_transverse,-2.0,0.75,0.75,-1.999288198181227,-1.999288198181227,0.0,0.38434349780622057
delta1_K32_radius1_transverse,-2.0,0.75,0.8124990463184075,-1.9990930852238855,-1.9990930852238857,2.220446049250313e-16,0.2844792013852522
delta1_K32_radius1_transverse,-2.0,0.8124990463184075,0.6875009536815925,-1.9996784240959096,-1.9996784240959096,0.0,0.21581814993955103
delta1_K32_radius1_transverse,-2.0,0.8124990463184075,0.75,-1.9994833111385684,-1.9994833111385681,2.220446049250313e-16,0.31571903283128344
delta1_K32_radius1_transverse,-2.0,0.8124990463184075,0.8124990463184075,-1.999288198181227,-1.999288198181227,0.0,0.3843404489801794
delta1_K32_radius1_transverse,-0.5,0.6875009536815925,0.6875009536815925,-0.4999745694765016,-0.49997456947650154,5.551115123125783e-17,0.39606026111281967
delta1_K32_radius1_transverse,-0.5,0.6875009536815925,0.75,-0.4997792778370283,-0.4997792778370283,0.0,0.2961014585356191
delta1_K32_radius1_transverse,-0.5,0.6875009536815925,0.8124990463184075,-0.49958398619755506,-0.499583986197555,5.551115123125783e-17,0.1961090876003188
delta1_K32_radius1_transverse,-0.5,0.75,0.6875009536815925,-0.5001698611159748,-0.5001698611159748,0.0,0.30391379959378007
delta1_K32_radius1_transverse,-0.5,0.75,0.75,-0.49997456947650154,-0.49997456947650154,0.0,0.39605720949469975
delta1_K32_radius1_transverse,-0.5,0.75,0.8124990463184075,-0.4997792778370283,-0.4997792778370283,0.0,0.2961014585356193
delta1_K32_radius1_transverse,-0.5,0.8124990463184075,0.6875009536815925,-0.5003651527554481,-0.500365152755448,1.1102230246251565e-16,0.20392142865847984
delta1_K32_radius1_transverse,-0.5,0.8124990463184075,0.75,-0.5001698611159748,-0.5001698611159748,0.0,0.3039137995937803
delta1_K32_radius1_transverse,-0.5,0.8124990463184075,0.8124990463184075,-0.4999745694765016,-0.49997456947650154,5.551115123125783e-17,0.3960541578765798
delta1_K32_radius1_transverse,0.0,0.6875009536815925,0.6875009536815925,0.0,0.0,0.0,0.39996642959300854
delta1_K32_radius1_transverse,0.0,0.6875009536815925,0.75,0.00019530355937149636,0.00019530355937149617,1.8973538018496328e-19,0.30000152589054785
delta1_K32_radius1_transverse,0.0,0.6875009536815925,0.8124990463184075,0.0003906071187429927,0.00039060711874299234,3.7947076036992655e-19,0.2000030517810959
delta1_K32_radius1_transverse,0.0,0.75,0.6875009536815925,-0.00019530355937149636,-0.00019530355937149617,1.8973538018496328e-19,0.30000152589054785
delta1_K32_radius1_transverse,0.0,0.75,0.75,0.0,0.0,0.0,0.39996337778862884
delta1_K32_radius1_transverse,0.0,0.75,0.8124990463184075,0.00019530355937149636,0.00019530355937149617,1.8973538018496328e-19,0.30000152589054807
delta1_K32_radius1_transverse,0.0,0.8124990463184075,0.6875009536815925,-0.0003906071187429927,-0.00039060711874299234,3.7947076036992655e-19,0.2000030517810959
delta1_K32_radius1_transverse,0.0,0.8124990463184075,0.75,-0.00019530355937149636,-0.00019530355937149617,1.8973538018496328e-19,0.30000152589054807
delta1_K32_radius1_transverse,0.0,0.8124990463184075,0.8124990463184075,0.0,0.0,0.0,0.39996032598424913
delta1_K32_radius1_transverse,0.5,0.6875009536815925,0.6875009536815925,0.4999745694765016,0.49997456947650154,5.551115123125783e-17,0.39606026111281967
delta1_K32_radius1_transverse,0.5,0.6875009536815925,0.75,0.5001698611159748,0.5001698611159748,0.0,0.30391379959378007
delta1_K32_radius1_transverse,0.5,0.6875009536815925,0.8124990463184075,0.5003651527554481,0.500365152755448,1.1102230246251565e-16,0.20392142865847984
delta1_K32_radius1_transverse,0.5,0.75,0.6875009536815925,0.4997792778370283,0.4997792778370283,0.0,0.2961014585356191
delta1_K32_radius1_transverse,0.5,0.75,0.75,0.49997456947650154,0.49997456947650154,0.0,0.39605720949469975
delta1_K32_radius1_transverse,0.5,0.75,0.8124990463184075,0.5001698611159748,0.5001698611159748,0.0,0.3039137995937803
delta1_K32_radius1_transverse,0.5,0.8124990463184075,0.6875009536815925,0.49958398619755506,0.499583986197555,5.551115123125783e-17,0.1961090876003188
delta1_K32_radius1_transverse,0.5,0.8124990463184075,0.75,0.4997792778370283,0.4997792778370283,0.0,0.2961014585356193
delta1_K32_radius1_transverse,0.5,0.8124990463184075,0.8124990463184075,0.4999745694765016,0.49997456947650154,5.551115123125783e-17,0.3960541578765798
delta1_K32_radius1_transverse,2.0,0.6875009536815925,0.6875009536815925,1.999288198181227,1.999288198181227,0.0,0.3843465466322618
delta1_K32_radius1_transverse,2.0,0.6875009536815925,0.75,1.9994833111385681,1.9994833111385681,0.0,0.3157190328312832
delta1_K32_radius1_transverse,2.0,0.6875009536815925,0.8124990463184075,1.9996784240959096,1.9996784240959096,0.0,0.21581814993955103
delta1_K32_radius1_transverse,2.0,0.75,0.6875009536815925,1.9990930852238857,1.9990930852238857,0.0,0.28447920138525196
delta1_K32_radius1_transverse,2.0,0.75,0.75,1.999288198181227,1.999288198181227,0.0,0.38434349780622057
delta1_K32_radius1_transverse,2.0,0.75,0.8124990463184075,1.9994833111385684,1.9994833111385681,2.220446049250313e-16,0.31571903283128344
delta1_K32_radius1_transverse,2.0,0.8124990463184075,0.6875009536815925,1.9988979722665443,1.9988979722665443,0.0,0.18457831849351977
delta1_K32_radius1_transverse,2.0,0.8124990463184075,0.75,1.9990930852238855,1.9990930852238857,2.220446049250313e-16,0.2844792013852522
delta1_K32_radius1_transverse,2.0,0.8124990463184075,0.8124990463184075,1.999288198181227,1.999288198181227,0.0,0.3843404489801794
delta1_K32_radius0.125_transverse,-2.0,0.742187619210199,0.742187619210199,-1.999288198181227,-1.999288198181227,0.0,0.38434387890947574
delta1_K32_radius0.125_transverse,-2.0,0.742187619210199,0.75,-1.9992638090615593,-1.9992638090615593,0.0,0.3718924739155177
delta1_K32_radius0.125_transverse,-2.0,0.742187619210199,0.757812380789801,-1.9992394199418917,-1.9992394199418917,0.0,0.3594048635540512
delta1_K32_radius0.125_transverse,-2.0,0.75,0.742187619210199,-1.9993125873008946,-1.9993125873008946,0.0,0.38434349780622057
delta1_K32_radius0.125_transverse,-2.0,0.75,0.75,-1.999288198181227,-1.999288198181227,0.0,0.38434349780622057
delta1_K32_radius0.125_transverse,-2.0,0.75,0.757812380789801,-1.9992638090615593,-1.9992638090615593,0.0,0.37189247391551794
delta1_K32_radius0.125_transverse,-2.0,0.757812380789801,0.742187619210199,-1.9993369764205622,-1.9993369764205622,0.0,0.38434311670296545
delta1_K32_radius0.125_transverse,-2.0,0.757812380789801,0.75,-1.9993125873008943,-1.9993125873008946,2.220446049250313e-16,0.38434311670296545
delta1_K32_radius0.125_transverse,-2.0,0.757812380789801,0.757812380789801,-1.999288198181227,-1.999288198181227,0.0,0.38434311670296545
delta1_K32_radius0.125_transverse,-0.5,0.742187619210199,0.742187619210199,-0.4999745694765016,-0.49997456947650154,5.551115123125783e-17,0.39605759094696474
delta1_K32_radius0.125_transverse,-0.5,0.742187619210199,0.75,-0.4999501580215674,-0.4999501580215674,0.0,0.3835947831040068
delta1_K32_radius0.125_transverse,-0.5,0.742187619210199,0.757812380789801,-0.49992574656663324,-0.49992574656663324,0.0,0.37109573673709434
delta1_K32_radius0.125_transverse,-0.5,0.75,0.742187619210199,-0.4999989809314357,-0.4999989809314357,0.0,0.39140712416216783
delta1_K32_radius0.125_transverse,-0.5,0.75,0.75,-0.49997456947650154,-0.49997456947650154,0.0,0.39605720949469975
delta1_K32_radius0.125_transverse,-0.5,0.75,0.757812380789801,-0.4999501580215674,-0.4999501580215674,0.0,0.383594783104007
delta1_K32_radius0.125_transverse,-0.5,0.757812380789801,0.742187619210199,-0.5000233923863698,-0.5000233923863698,0.0,0.37890807779525537
delta1_K32_radius0.125_transverse,-0.5,0.757812380789801,0.75,-0.49999898093143574,-0.4999989809314357,5.551115123125783e-17,0.39140712416216805
delta1_K32_radius0.125_transverse,-0.5,0.757812380789801,0.757812380789801,-0.4999745694765016,-0.49997456947650154,5.551115123125783e-17,0.39605682804243475
delta1_K32_radius0.125_transverse,0.0,0.742187619210199,0.742187619210199,0.0,0.0,0.0,0.39996375926417627
delta1_K32_radius0.125_transverse,0.0,0.742187619210199,0.75,2.4412944921437018e-05,2.441294492143706e-05,4.404571325722362e-20,0.38750019073631836
delta1_K32_radius0.125_transverse,0.0,0.742187619210199,0.757812380789801,4.882588984287425e-05,4.882588984287412e-05,1.2874900798265365e-19,0.3750003814726369
delta1_K32_radius0.125_transverse,0.0,0.75,0.742187619210199,-2.4412944921437018e-05,-2.441294492143706e-05,4.404571325722362e-20,0.38750019073631836
delta1_K32_radius0.125_transverse,0.0,0.75,0.75,0.0,0.0,0.0,0.39996337778862884
delta1_K32_radius0.125_transverse,0.0,0.75,0.757812380789801,2.4412944921437234e-05,2.441294492143706e-05,1.7279472123987727e-19,0.3875001907363186
delta1_K32_radius0.125_transverse,0.0,0.757812380789801,0.742187619210199,-4.882588984287425e-05,-4.882588984287412e-05,1.2874900798265365e-19,0.3750003814726369
delta1_K32_radius0.125_transverse,0.0,0.757812380789801,0.75,-2.4412944921437234e-05,-2.441294492143706e-05,1.7279472123987727e-19,0.3875001907363186
delta1_K32_radius0.125_transverse,0.0,0.757812380789801,0.757812380789801,0.0,0.0,0.0,0.39996299631308135
delta1_K32_radius0.125_transverse,0.5,0.742187619210199,0.742187619210199,0.4999745694765016,0.49997456947650154,5.551115123125783e-17,0.39605759094696474
delta1_K32_radius0.125_transverse,0.5,0.742187619210199,0.75,0.4999989809314357,0.4999989809314357,0.0,0.39140712416216783
delta1_K32_radius0.125_transverse,0.5,0.742187619210199,0.757812380789801,0.5000233923863698,0.5000233923863698,0.0,0.37890807779525537
delta1_K32_radius0.125_transverse,0.5,0.75,0.742187619210199,0.4999501580215674,0.4999501580215674,0.0,0.3835947831040068
delta1_K32_radius0.125_transverse,0.5,0.75,0.75,0.49997456947650154,0.49997456947650154,0.0,0.39605720949469975
delta1_K32_radius0.125_transverse,0.5,0.75,0.757812380789801,0.49999898093143574,0.4999989809314357,5.551115123125783e-17,0.39140712416216805
delta1_K32_radius0.125_transverse,0.5,0.757812380789801,0.742187619210199,0.49992574656663324,0.49992574656663324,0.0,0.37109573673709434
delta1_K32_radius0.125_transverse,0.5,0.757812380789801,0.75,0.4999501580215674,0.4999501580215674,0.0,0.383594783104007
delta1_K32_radius0.125_transverse,0.5,0.757812380789801,0.757812380789801,0.4999745694765016,0.49997456947650154,5.551115123125783e-17,0.39605682804243475
delta1_K32_radius0.125_transverse,2.0,0.742187619210199,0.742187619210199,1.999288198181227,1.999288198181227,0.0,0.38434387890947574
delta1_K32_radius0.125_transverse,2.0,0.742187619210199,0.75,1.9993125873008946,1.9993125873008946,0.0,0.38434349780622057
delta1_K32_radius0.125_transverse,2.0,0.742187619210199,0.757812380789801,1.9993369764205622,1.9993369764205622,0.0,0.38434311670296545
delta1_K32_radius0.125_transverse,2.0,0.75,0.742187619210199,1.9992638090615593,1.9992638090615593,0.0,0.3718924739155177
delta1_K32_radius0.125_transverse,2.0,0.75,0.75,1.999288198181227,1.999288198181227,0.0,0.38434349780622057
delta1_K32_radius0.125_transverse,2.0,0.75,0.757812380789801,1.9993125873008943,1.9993125873008946,2.220446049250313e-16,0.38434311670296545
delta1_K32_radius0.125_transverse,2.0,0.757812380789801,0.742187619210199,1.9992394199418917,1.9992394199418917,0.0,0.3594048635540512
delta1_K32_radius0.125_transverse,2.0,0.757812380789801,0.75,1.9992638090615593,1.9992638090615593,0.0,0.37189247391551794
delta1_K32_radius0.125_transverse,2.0,0.757812380789801,0.757812380789801,1.999288198181227,1.999288198181227,0.0,0.38434311670296545
delta1_K32_radius0.015625_transverse,-2.0,0.7490234524012749,0.7490234524012749,-1.999288198181227,-1.999288198181227,0.0,0.38434354544412747
delta1_K32_radius0.015625_transverse,-2.0,0.7490234524012749,0.75,-1.9992851495412685,-1.9992851495412685,0.0,0.38281913298180104
delta1_K32_radius0.015625_transverse,-2.0,0.7490234524012749,0.7509765475987251,-1.99928210090131,-1.99928210090131,0.0,0.3812581816866179
delta1_K32_radius0.015625_transverse,-2.0,0.75,0.7490234524012749,-1.9992912468211854,-1.9992912468211854,0.0,0.38434349780622057
delta1_K32_radius0.015625_transverse,-2.0,0.75,0.75,-1.999288198181227,-1.999288198181227,0.0,0.38434349780622057
delta1_K32_radius0.015625_transverse,-2.0,0.75,0.7509765475987251,-1.9992851495412685,-1.9992851495412685,0.0,0.38281913298180126
delta1_K32_radius0.015625_transverse,-2.0,0.7509765475987251,0.7490234524012749,-1.999294295461144,-1.999294295461144,0.0,0.3843434501683137
delta1_K32_radius0.015625_transverse,-2.0,0.7509765475987251,0.75,-1.9992912468211854,-1.9992912468211854,0.0,0.3843434501683137
delta1_K32_radius0.015625_transverse,-2.0,0.7509765475987251,0.7509765475987251,-1.999288198181227,-1.999288198181227,0.0,0.3843434501683137
delta1_K32_radius0.015625_transverse,-0.5,0.7490234524012749,0.7490234524012749,-0.4999745694765016,-0.49997456947650154,5.551115123125783e-17,0.3960572571762329
delta1_K32_radius0.015625_transverse,-0.5,0.7490234524012749,0.75,-0.4999715180446348,-0.49997151804463474,5.551115123125783e-17,0.3945314486750554
delta1_K32_radius0.015625_transverse,-0.5,0.7490234524012749,0.7509765475987251,-0.49996846661276806,-0.499968466612768,5.551115123125783e-17,0.3929690678791915
delta1_K32_radius0.015625_transverse,-0.5,0.75,0.7490234524012749,-0.49997762090836834,-0.49997762090836834,0.0,0.39605720949469975
delta1_K32_radius0.015625_transverse,-0.5,0.75,0.75,-0.49997456947650154,-0.49997456947650154,0.0,0.39605720949469975
delta1_K32_radius0.015625_transverse,-0.5,0.75,0.7509765475987251,-0.4999715180446348,-0.49997151804463474,5.551115123125783e-17,0.39453144867505563
delta1_K32_radius0.015625_transverse,-0.5,0.7509765475987251,0.7490234524012749,-0.4999806723402351,-0.4999806723402351,0.0,0.39605716181316664
delta1_K32_radius0.015625_transverse,-0.5,0.7509765475987251,0.75,-0.49997762090836834,-0.49997762090836834,0.0,0.39605716181316664
delta1_K32_radius0.015625_transverse,-0.5,0.7509765475987251,0.7509765475987251,-0.49997456947650154,-0.49997456947650154,0.0,0.39605716181316664
delta1_K32_radius0.015625_transverse,0.0,0.7490234524012749,0.7490234524012749,0.0,0.0,0.0,0.39996342547307223
delta1_K32_radius0.015625_transverse,0.0,0.7490234524012749,0.75,3.051618115179356e-06,3.0516181151796327e-06,2.7655625727852906e-19,0.3984375238420398
delta1_K32_radius0.015625_transverse,0.0,0.7490234524012749,0.7509765475987251,6.103236230358929e-06,6.103236230359265e-06,3.3627208005995723e-19,0.3968750476840798
delta1_K32_radius0.015625_transverse,0.0,0.75,0.7490234524012749,-3.051618115179356e-06,-3.0516181151796327e-06,2.7655625727852906e-19,0.3984375238420398
delta1_K32_radius0.015625_transverse,0.0,0.75,0.75,0.0,0.0,0.0,0.39996337778862884
delta1_K32_radius0.015625_transverse,0.0,0.75,0.7509765475987251,3.051618115179573e-06,3.0516181151796327e-06,5.971582278142817e-20,0.39843752384204
delta1_K32_radius0.015625_transverse,0.0,0.7509765475987251,0.7490234524012749,-6.103236230358929e-06,-6.103236230359265e-06,3.3627208005995723e-19,0.3968750476840798
delta1_K32_radius0.015625_transverse,0.0,0.7509765475987251,0.75,-3.051618115179573e-06,-3.0516181151796327e-06,5.971582278142817e-20,0.39843752384204
delta1_K32_radius0.015625_transverse,0.0,0.7509765475987251,0.7509765475987251,0.0,0.0,0.0,0.3999633301041854
delta1_K32_radius0.015625_transverse,0.5,0.7490234524012749,0.7490234524012749,0.4999745694765016,0.49997456947650154,5.551115123125783e-17,0.3960572571762329
delta1_K32_radius0.015625_transverse,0.5,0.7490234524012749,0.75,0.49997762090836834,0.49997762090836834,0.0,0.39605720949469975
delta1_K32_radius0.015625_transverse,0.5,0.7490234524012749,0.7509765475987251,0.4999806723402351,0.4999806723402351,0.0,0.39605716181316664
delta1_K32_radius0.015625_transverse,0.5,0.75,0.7490234524012749,0.4999715180446348,0.49997151804463474,5.551115123125783e-17,0.3945314486750554
delta1_K32_radius0.015625_transverse,0.5,0.75,0.75,0.49997456947650154,0.49997456947650154,0.0,0.39605720949469975
delta1_K32_radius0.015625_transverse,0.5,0.75,0.7509765475987251,0.49997762090836834,0.49997762090836834,0.0,0.39605716181316664
delta1_K32_radius0.015625_transverse,0.5,0.7509765475987251,0.7490234524012749,0.49996846661276806,0.499968466612768,5.551115123125783e-17,0.3929690678791915
delta1_K32_radius0.015625_transverse,0.5,0.7509765475987251,0.75,0.4999715180446348,0.49997151804463474,5.551115123125783e-17,0.39453144867505563
delta1_K32_radius0.015625_transverse,0.5,0.7509765475987251,0.7509765475987251,0.49997456947650154,0.49997456947650154,0.0,0.39605716181316664
delta1_K32_radius0.015625_transverse,2.0,0.7490234524012749,0.7490234524012749,1.999288198181227,1.999288198181227,0.0,0.38434354544412747
delta1_K32_radius0.015625_transverse,2.0,0.7490234524012749,0.75,1.9992912468211854,1.9992912468211854,0.0,0.38434349780622057
delta1_K32_radius0.015625_transverse,2.0,0.7490234524012749,0.7509765475987251,1.999294295461144,1.999294295461144,0.0,0.3843434501683137
delta1_K32_radius0.015625_transverse,2.0,0.75,0.7490234524012749,1.9992851495412685,1.9992851495412685,0.0,0.38281913298180104
delta1_K32_radius0.015625_transverse,2.0,0.75,0.75,1.999288198181227,1.999288198181227,0.0,0.38434349780622057
delta1_K32_radius0.015625_transverse,2.0,0.75,0.7509765475987251,1.9992912468211854,1.9992912468211854,0.0,0.3843434501683137
delta1_K32_radius0.015625_transverse,2.0,0.7509765475987251,0.7490234524012749,1.99928210090131,1.99928210090131,0.0,0.3812581816866179
delta1_K32_radius0.015625_transverse,2.0,0.7509765475987251,0.75,1.9992851495412685,1.9992851495412685,0.0,0.38281913298180126
delta1_K32_radius0.015625_transverse,2.0,0.7509765475987251,0.7509765475987251,1.999288198181227,1.999288198181227,0.0,0.3843434501683137
delta1_K128_radius1_transverse,-2.0,0.6875000596046732,0.6875000596046732,-1.9999554962732002,-1.9999554962732,2.220446049250313e-16,0.3960917315112916
delta1_K128_radius1_transverse,-2.0,0.6875000596046732,0.75,-1.999906671268001,-1.9999066712680007,2.220446049250313e-16,0.2961000280998568
delta1_K128_radius1_transverse,-2.0,0.6875000596046732,0.8124999403953268,-1.9998578462628016,-1.9998578462628016,0.0,0.19610622672879433
delta1_K128_radius1_transverse,-2.0,0.75,0.6875000596046732,-2.0000043212783996,-2.000004321278399,4.440892098500626e-16,0.30391236915801784
delta1_K128_radius1_transverse,-2.0,0.75,0.75,-1.9999554962732,-1.9999554962732,0.0,0.39609154078788755
delta1_K128_radius1_transverse,-2.0,0.75,0.8124999403953268,-1.999906671268001,-1.9999066712680007,2.220446049250313e-16,0.296100028099857
delta1_K128_radius1_transverse,-2.0,0.8124999403953268,0.6875000596046732,-2.0000531462835984,-2.0000531462835984,0.0,0.20391856778695536
delta1_K128_radius1_transverse,-2.0,0.8124999403953268,0.75,-2.0000043212783996,-2.000004321278399,4.440892098500626e-16,0.30391236915801806
delta1_K128_radius1_transverse,-2.0,0.8124999403953268,0.8124999403953268,-1.9999554962732002,-1.9999554962732,2.220446049250313e-16,0.3960913500644834
delta1_K128_radius1_transverse,-0.5,0.6875000596046732,0.6875000596046732,-0.4999984105458983,-0.4999984105458983,0.0,0.39902134066208533
delta1_K128_radius1_transverse,-0.5,0.6875000596046732,0.75,-0.49994958274686013,-0.4999495827468601,5.551115123125783e-17,0.29902391557763114
delta1_K128_radius1_transverse,-0.5,0.6875000596046732,0.8124999403953268,-0.49990075494782193,-0.49990075494782193,0.0,0.19902439241350092
delta1_K128_radius1_transverse,-0.5,0.75,0.6875000596046732,-0.5000472383449365,-0.5000472383449365,0.0,0.30097703809410803
delta1_K128_radius1_transverse,-0.5,0.75,0.75,-0.4999984105458983,-0.4999984105458983,0.0,0.39902114992776777
delta1_K128_radius1_transverse,-0.5,0.75,0.8124999403953268,-0.49994958274686013,-0.4999495827468601,5.551115123125783e-17,0.29902391557763136
delta1_K128_radius1_transverse,-0.5,0.8124999403953268,0.6875000596046732,-0.5000960661439746,-0.5000960661439746,0.0,0.20097751492997787
delta1_K128_radius1_transverse,-0.5,0.8124999403953268,0.75,-0.5000472383449365,-0.5000472383449365,0.0,0.30097703809410825
delta1_K128_radius1_transverse,-0.5,0.8124999403953268,0.8124999403953268,-0.4999984105458983,-0.4999984105458983,0.0,0.39902095919345015
delta1_K128_radius1_transverse,0.0,0.6875000596046732,0.6875000596046732,0.0,0.0,0.0,0.39999790191232026
delta1_K128_radius1_transverse,0.0,0.6875000596046732,0.75,4.882798530168049e-05,4.8827985301680426e-05,6.098637220230962e-20,0.30000009536747696
delta1_K128_radius1_transverse,0.0,0.6875000596046732,0.8124999403953268,9.765597060336092e-05,9.765597060336085e-05,6.776263578034403e-20,0.20000019073495412
delta1_K128_radius1_transverse,0.0,0.75,0.6875000596046732,-4.882798530168049e-05,-4.8827985301680426e-05,6.098637220230962e-20,0.30000009536747696
delta1_K128_radius1_transverse,0.0,0.75,0.75,0.0,0.0,0.0,0.39999771117727506
delta1_K128_radius1_transverse,0.0,0.75,0.8124999403953268,4.882798530168043e-05,4.8827985301680426e-05,6.776263578034403e-21,0.3000000953674772
delta1_K128_radius1_transverse,0.0,0.8124999403953268,0.6875000596046732,-9.765597060336092e-05,-9.765597060336085e-05,6.776263578034403e-20,0.20000019073495412
delta1_K128_radius1_transverse,0.0,0.8124999403953268,0.75,-4.882798530168043e-05,-4.8827985301680426e-05,6.776263578034403e-21,0.3000000953674772
delta1_K128_radius1_transverse,0.0,0.8124999403953268,0.8124999403953268,0.0,0.0,0.0,0.39999752044222986
delta1_K128_radius1_transverse,0.5,0.6875000596046732,0.6875000596046732,0.4999984105458983,0.4999984105458983,0.0,0.39902134066208533
delta1_K128_radius1_transverse,0.5,0.6875000596046732,0.75,0.5000472383449365,0.5000472383449365,0.0,0.30097703809410803
delta1_K128_radius1_transverse,0.5,0.6875000596046732,0.8124999403953268,0.5000960661439746,0.5000960661439746,0.0,0.20097751492997787
delta1_K128_radius1_transverse,0.5,0.75,0.6875000596046732,0.49994958274686013,0.4999495827468601,5.551115123125783e-17,0.29902391557763114
delta1_K128_radius1_transverse,0.5,0.75,0.75,0.4999984105458983,0.4999984105458983,0.0,0.39902114992776777
delta1_K128_radius1_transverse,0.5,0.75,0.8124999403953268,0.5000472383449365,0.5000472383449365,0.0,0.30097703809410825
delta1_K128_radius1_transverse,0.5,0.8124999403953268,0.6875000596046732,0.49990075494782193,0.49990075494782193,0.0,0.19902439241350092
delta1_K128_radius1_transverse,0.5,0.8124999403953268,0.75,0.49994958274686013,0.4999495827468601,5.551115123125783e-17,0.29902391557763136
delta1_K128_radius1_transverse,0.5,0.8124999403953268,0.8124999403953268,0.4999984105458983,0.4999984105458983,0.0,0.39902095919345015
delta1_K128_radius1_transverse,2.0,0.6875000596046732,0.6875000596046732,1.9999554962732002,1.9999554962732,2.220446049250313e-16,0.3960917315112916
delta1_K128_radius1_transverse,2.0,0.6875000596046732,0.75,2.0000043212783996,2.000004321278399,4.440892098500626e-16,0.30391236915801784
delta1_K128_radius1_transverse,2.0,0.6875000596046732,0.8124999403953268,2.0000531462835984,2.0000531462835984,0.0,0.20391856778695536
delta1_K128_radius1_transverse,2.0,0.75,0.6875000596046732,1.999906671268001,1.9999066712680007,2.220446049250313e-16,0.2961000280998568
delta1_K128_radius1_transverse,2.0,0.75,0.75,1.9999554962732,1.9999554962732,0.0,0.39609154078788755
delta1_K128_radius1_transverse,2.0,0.75,0.8124999403953268,2.0000043212783996,2.000004321278399,4.440892098500626e-16,0.30391236915801806
delta1_K128_radius1_transverse,2.0,0.8124999403953268,0.6875000596046732,1.9998578462628016,1.9998578462628016,0.0,0.19610622672879433
delta1_K128_radius1_transverse,2.0,0.8124999403953268,0.75,1.999906671268001,1.9999066712680007,2.220446049250313e-16,0.296100028099857
delta1_K128_radius1_transverse,2.0,0.8124999403953268,0.8124999403953268,1.9999554962732002,1.9999554962732,2.220446049250313e-16,0.3960913500644834
delta1_K128_radius0.125_transverse,-2.0,0.7421875074505841,0.7421875074505841,-1.9999554962732002,-1.9999554962732,2.220446049250313e-16,0.396091564628313
delta1_K128_radius0.125_transverse,-2.0,0.7421875074505841,0.75,-1.9999493931475503,-1.99994939314755,2.220446049250313e-16,0.38359460429953657
delta1_K128_radius0.125_transverse,-2.0,0.7421875074505841,0.7578124925494159,-1.9999432900219003,-1.9999432900219003,0.0,0.3710953791281538
delta1_K128_radius0.125_transverse,-2.0,0.75,0.7421875074505841,-1.99996159939885,-1.99996159939885,0.0,0.3914069453576976
delta1_K128_radius0.125_transverse,-2.0,0.75,0.75,-1.9999554962732,-1.9999554962732,0.0,0.39609154078788755
delta1_K128_radius0.125_transverse,-2.0,0.75,0.7578124925494159,-1.9999493931475503,-1.99994939314755,2.220446049250313e-16,0.3835946042995368
delta1_K128_radius0.125_transverse,-2.0,0.7578124925494159,0.7421875074505841,-1.9999677025245,-1.9999677025244997,2.220446049250313e-16,0.37890772018631486
delta1_K128_radius0.125_transverse,-2.0,0.7578124925494159,0.75,-1.9999615993988502,-1.99996159939885,2.220446049250313e-16,0.3914069453576978
delta1_K128_radius0.125_transverse,-2.0,0.7578124925494159,0.7578124925494159,-1.9999554962732002,-1.9999554962732,2.220446049250313e-16,0.39609151694746203
delta1_K128_radius0.125_transverse,-0.5,0.7421875074505841,0.7421875074505841,-0.4999984105458983,-0.4999984105458983,0.0,0.3990211737695574
delta1_K128_radius0.125_transverse,-0.5,0.7421875074505841,0.75,-0.4999923070710185,-0.4999923070710185,0.0,0.38652349834624516
delta1_K128_radius0.125_transverse,-0.5,0.7421875074505841,0.7578124925494159,-0.49998620359613877,-0.4999862035961387,5.551115123125783e-17,0.37402355795072895
delta1_K128_radius0.125_transverse,-0.5,0.75,0.7421875074505841,-0.5000045140207781,-0.5000045140207781,0.0,0.38847662086272206
delta1_K128_radius0.125_transverse,-0.5,0.75,0.75,-0.4999984105458983,-0.4999984105458983,0.0,0.39902114992776777
delta1_K128_radius0.125_transverse,-0.5,0.75,0.7578124925494159,-0.4999923070710185,-0.4999923070710185,0.0,0.3865234983462454
delta1_K128_radius0.125_transverse,-0.5,0.7578124925494159,0.7421875074505841,-0.5000106174956578,-0.5000106174956578,0.0,0.3759766804672059
delta1_K128_radius0.125_transverse,-0.5,0.7578124925494159,0.75,-0.5000045140207781,-0.5000045140207781,0.0,0.3884766208627223
delta1_K128_radius0.125_transverse,-0.5,0.7578124925494159,0.7578124925494159,-0.4999984105458983,-0.4999984105458983,0.0,0.39902112608597806
delta1_K128_radius0.125_transverse,0.0,0.7421875074505841,0.7421875074505841,0.0,0.0,0.0,0.3999977350191557
delta1_K128_radius0.125_transverse,0.0,0.7421875074505841,0.75,6.10349816271002e-06,6.103498162710053e-06,3.3034284942917713e-20,0.38750001192093453
delta1_K128_radius0.125_transverse,0.0,0.7421875074505841,0.7578124925494159,1.220699632542004e-05,1.2206996325420107e-05,6.606856988583543e-20,0.37500002384186926
delta1_K128_radius0.125_transverse,0.0,0.75,0.7421875074505841,-6.10349816271002e-06,-6.103498162710053e-06,3.3034284942917713e-20,0.38750001192093453
delta1_K128_radius0.125_transverse,0.0,0.75,0.75,0.0,0.0,0.0,0.39999771117727506
delta1_K128_radius0.125_transverse,0.0,0.75,0.7578124925494159,6.10349816271002e-06,6.103498162710053e-06,3.3034284942917713e-20,0.38750001192093475
delta1_K128_radius0.125_transverse,0.0,0.7578124925494159,0.7421875074505841,-1.220699632542004e-05,-1.2206996325420107e-05,6.606856988583543e-20,0.37500002384186926
delta1_K128_radius0.125_transverse,0.0,0.7578124925494159,0.75,-6.10349816271002e-06,-6.103498162710053e-06,3.3034284942917713e-20,0.38750001192093475
delta1_K128_radius0.125_transverse,0.0,0.7578124925494159,0.7578124925494159,0.0,0.0,0.0,0.3999976873353944
delta1_K128_radius0.125_transverse,0.5,0.7421875074505841,0.7421875074505841,0.4999984105458983,0.4999984105458983,0.0,0.3990211737695574
delta1_K128_radius0.125_transverse,0.5,0.7421875074505841,0.75,0.5000045140207781,0.5000045140207781,0.0,0.38847662086272206
delta1_K128_radius0.125_transverse,0.5,0.7421875074505841,0.7578124925494159,0.5000106174956578,0.5000106174956578,0.0,0.3759766804672059
delta1_K128_radius0.125_transverse,0.5,0.75,0.7421875074505841,0.4999923070710185,0.4999923070710185,0.0,0.38652349834624516
delta1_K128_radius0.125_transverse,0.5,0.75,0.75,0.4999984105458983,0.4999984105458983,0.0,0.39902114992776777
delta1_K128_radius0.125_transverse,0.5,0.75,0.7578124925494159,0.5000045140207781,0.5000045140207781,0.0,0.3884766208627223
delta1_K128_radius0.125_transverse,0.5,0.7578124925494159,0.7421875074505841,0.49998620359613877,0.4999862035961387,5.551115123125783e-17,0.37402355795072895
delta1_K128_radius0.125_transverse,0.5,0.7578124925494159,0.75,0.4999923070710185,0.4999923070710185,0.0,0.3865234983462454
delta1_K128_radius0.125_transverse,0.5,0.7578124925494159,0.7578124925494159,0.4999984105458983,0.4999984105458983,0.0,0.39902112608597806
delta1_K128_radius0.125_transverse,2.0,0.7421875074505841,0.7421875074505841,1.9999554962732002,1.9999554962732,2.220446049250313e-16,0.396091564628313
delta1_K128_radius0.125_transverse,2.0,0.7421875074505841,0.75,1.99996159939885,1.99996159939885,0.0,0.3914069453576976
delta1_K128_radius0.125_transverse,2.0,0.7421875074505841,0.7578124925494159,1.9999677025245,1.9999677025244997,2.220446049250313e-16,0.37890772018631486
delta1_K128_radius0.125_transverse,2.0,0.75,0.7421875074505841,1.9999493931475503,1.99994939314755,2.220446049250313e-16,0.38359460429953657
delta1_K128_radius0.125_transverse,2.0,0.75,0.75,1.9999554962732,1.9999554962732,0.0,0.39609154078788755
delta1_K128_radius0.125_transverse,2.0,0.75,0.7578124925494159,1.9999615993988502,1.99996159939885,2.220446049250313e-16,0.3914069453576978
delta1_K128_radius0.125_transverse,2.0,0.7578124925494159,0.7421875074505841,1.9999432900219003,1.9999432900219003,0.0,0.3710953791281538
delta1_K128_radius0.125_transverse,2.0,0.7578124925494159,0.75,1.9999493931475503,1.99994939314755,2.220446049250313e-16,0.3835946042995368
delta1_K128_radius0.125_transverse,2.0,0.7578124925494159,0.7578124925494159,1.9999554962732002,1.9999554962732,2.220446049250313e-16,0.39609151694746203
delta1_K128_radius0.015625_transverse,-2.0,0.749023438431323,0.749023438431323,-1.9999554962732,-1.9999554962732,0.0,0.3960915437679407
delta1_K128_radius0.015625_transverse,-2.0,0.749023438431323,0.75,-1.9999547333824939,-1.9999547333824939,0.0,0.3945314263244966
delta1_K128_radius0.015625_transverse,-2.0,0.749023438431323,0.750976561568677,-1.9999539704917877,-1.9999539704917875,2.220446049250313e-16,0.3929690231780739
delta1_K128_radius0.015625_transverse,-2.0,0.75,0.749023438431323,-1.9999562591639064,-1.9999562591639062,2.220446049250313e-16,0.39609154078788755
delta1_K128_radius0.015625_transverse,-2.0,0.75,0.75,-1.9999554962732,-1.9999554962732,0.0,0.39609154078788755
delta1_K128_radius0.015625_transverse,-2.0,0.75,0.750976561568677,-1.9999547333824939,-1.9999547333824939,0.0,0.39453142632449684
delta1_K128_radius0.015625_transverse,-2.0,0.750976561568677,0.749023438431323,-1.9999570220546126,-1.9999570220546126,0.0,0.39609153780783435
delta1_K128_radius0.015625_transverse,-2.0,0.750976561568677,0.75,-1.9999562591639064,-1.9999562591639062,2.220446049250313e-16,0.39609153780783435
delta1_K128_radius0.015625_transverse,-2.0,0.750976561568677,0.750976561568677,-1.9999554962732002,-1.9999554962732,2.220446049250313e-16,0.39609153780783435
delta1_K128_radius0.015625_transverse,-0.5,0.749023438431323,0.749023438431323,-0.4999984105458983,-0.4999984105458983,0.0,0.39902115290799145
delta1_K128_radius0.015625_transverse,-0.5,0.749023438431323,0.75,-0.4999976476115383,-0.4999976476115383,0.0,0.397460946192322
delta1_K128_radius0.015625_transverse,-0.5,0.749023438431323,0.750976561568677,-0.49999688467717834,-0.49999688467717834,0.0,0.3958984536428826
delta1_K128_radius0.015625_transverse,-0.5,0.75,0.749023438431323,-0.49999917348025824,-0.49999917348025824,0.0,0.39902114992776777
delta1_K128_radius0.015625_transverse,-0.5,0.75,0.75,-0.4999984105458983,-0.4999984105458983,0.0,0.39902114992776777
delta1_K128_radius0.015625_transverse,-0.5,0.75,0.750976561568677,-0.4999976476115383,-0.4999976476115383,0.0,0.3974609461923222
delta1_K128_radius0.015625_transverse,-0.5,0.750976561568677,0.749023438431323,-0.4999999364146182,-0.4999999364146182,0.0,0.39785157615935957
delta1_K128_radius0.015625_transverse,-0.5,0.750976561568677,0.75,-0.4999991734802583,-0.49999917348025824,5.551115123125783e-17,0.39902114694754404
delta1_K128_radius0.015625_transverse,-0.5,0.750976561568677,0.750976561568677,-0.49999841054589833,-0.4999984105458983,5.551115123125783e-17,0.39902114694754404
delta1_K128_radius0.015625_transverse,0.0,0.749023438431323,0.749023438431323,0.0,0.0,0.0,0.3999977141575101
delta1_K128_radius0.015625_transverse,0.0,0.749023438431323,0.75,7.629372703387458e-07,7.629372703387567e-07,1.0905549195899117e-20,0.3984375014901168
delta1_K128_radius0.015625_transverse,0.0,0.749023438431323,0.750976561568677,1.5258745406774373e-06,1.5258745406775133e-06,7.602120701607346e-20,0.3968750029802338
delta1_K128_radius0.015625_transverse,0.0,0.75,0.749023438431323,-7.629372703387458e-07,-7.629372703387567e-07,1.0905549195899117e-20,0.3984375014901168
delta1_K128_radius0.015625_transverse,0.0,0.75,0.75,0.0,0.0,0.0,0.39999771117727506
delta1_K128_radius0.015625_transverse,0.0,0.75,0.750976561568677,7.629372703386915e-07,7.629372703387567e-07,6.511565782017434e-20,0.39843750149011703
delta1_K128_radius0.015625_transverse,0.0,0.750976561568677,0.749023438431323,-1.5258745406774373e-06,-1.5258745406775133e-06,7.602120701607346e-20,0.3968750029802338
delta1_K128_radius0.015625_transverse,0.0,0.750976561568677,0.75,-7.629372703386915e-07,-7.629372703387567e-07,6.511565782017434e-20,0.39843750149011703
delta1_K128_radius0.015625_transverse,0.0,0.750976561568677,0.750976561568677,0.0,0.0,0.0,0.39999770819704
delta1_K128_radius0.015625_transverse,0.5,0.749023438431323,0.749023438431323,0.4999984105458983,0.4999984105458983,0.0,0.39902115290799145
delta1_K128_radius0.015625_transverse,0.5,0.749023438431323,0.75,0.49999917348025824,0.49999917348025824,0.0,0.39902114992776777
delta1_K128_radius0.015625_transverse,0.5,0.749023438431323,0.750976561568677,0.4999999364146182,0.4999999364146182,0.0,0.39785157615935957
delta1_K128_radius0.015625_transverse,0.5,0.75,0.749023438431323,0.4999976476115383,0.4999976476115383,0.0,0.397460946192322
delta1_K128_radius0.015625_transverse,0.5,0.75,0.75,0.4999984105458983,0.4999984105458983,0.0,0.39902114992776777
delta1_K128_radius0.015625_transverse,0.5,0.75,0.750976561568677,0.4999991734802583,0.49999917348025824,5.551115123125783e-17,0.39902114694754404
delta1_K128_radius0.015625_transverse,0.5,0.750976561568677,0.749023438431323,0.49999688467717834,0.49999688467717834,0.0,0.3958984536428826
delta1_K128_radius0.015625_transverse,0.5,0.750976561568677,0.75,0.4999976476115383,0.4999976476115383,0.0,0.3974609461923222
delta1_K128_radius0.015625_transverse,0.5,0.750976561568677,0.750976561568677,0.49999841054589833,0.4999984105458983,5.551115123125783e-17,0.39902114694754404
delta1_K128_radius0.015625_transverse,2.0,0.749023438431323,0.749023438431323,1.9999554962732,1.9999554962732,0.0,0.3960915437679407
delta1_K128_radius0.015625_transverse,2.0,0.749023438431323,0.75,1.9999562591639064,1.9999562591639062,2.220446049250313e-16,0.39609154078788755
delta1_K128_radius0.015625_transverse,2.0,0.749023438431323,0.750976561568677,1.9999570220546126,1.9999570220546126,0.0,0.39609153780783435
delta1_K128_radius0.015625_transverse,2.0,0.75,0.749023438431323,1.9999547333824939,1.9999547333824939,0.0,0.3945314263244966
delta1_K128_radius0.015625_transverse,2.0,0.75,0.75,1.9999554962732,1.9999554962732,0.0,0.39609154078788755
delta1_K128_radius0.015625_transverse,2.0,0.75,0.750976561568677,1.9999562591639064,1.9999562591639062,2.220446049250313e-16,0.39609153780783435
delta1_K128_radius0.015625_transverse,2.0,0.750976561568677,0.749023438431323,1.9999539704917877,1.9999539704917875,2.220446049250313e-16,0.3929690231780739
delta1_K128_radius0.015625_transverse,2.0,0.750976561568677,0.75,1.9999547333824939,1.9999547333824939,0.0,0.39453142632449684
delta1_K128_radius0.015625_transverse,2.0,0.750976561568677,0.750976561568677,1.9999554962732002,1.9999554962732,2.220446049250313e-16,0.39609153780783435
delta1_K512_radius1_transverse,-2.0,0.6875000037252904,0.6875000037252904,-1.9999972184541084,-1.9999972184541084,0.0,0.3990233076120269
delta1_K512_radius1_transverse,-2.0,0.6875000037252904,0.75,-1.9999850114716073,-1.9999850114716071,2.220446049250313e-16,0.29902382617095974
delta1_K512_radius1_transverse,-2.0,0.6875000037252904,0.8124999962747096,-1.999972804489106,-1.9999728044891059,2.220446049250313e-16,0.19902421360015812
delta1_K512_radius1_transverse,-2.0,0.75,0.6875000037252904,-2.00000942543661,-2.0000094254366094,4.440892098500626e-16,0.30097694868743663
delta1_K512_radius1_transverse,-2.0,0.75,0.75,-1.9999972184541086,-1.9999972184541084,2.220446049250313e-16,0.39902329569114275
delta1_K512_radius1_transverse,-2.0,0.75,0.8124999962747096,-1.9999850114716073,-1.9999850114716071,2.220446049250313e-16,0.29902382617095996
delta1_K512_radius1_transverse,-2.0,0.8124999962747096,0.6875000037252904,-2.0000216324191107,-2.0000216324191107,0.0,0.20097733611663507
delta1_K512_radius1_transverse,-2.0,0.8124999962747096,0.75,-2.0000094254366094,-2.0000094254366094,0.0,0.30097694868743685
delta1_K512_radius1_transverse,-2.0,0.8124999962747096,0.8124999962747096,-1.9999972184541084,-1.9999972184541084,0.0,0.39902328377025853
delta1_K512_radius1_transverse,-0.5,0.6875000037252904,0.6875000037252904,-0.49999990065893746,-0.49999990065893746,0.0,0.399755728264199
delta1_K512_radius1_transverse,-0.5,0.6875000037252904,0.75,-0.4999876936327806,-0.4999876936327806,0.0,0.29975588919671975
delta1_K512_radius1_transverse,-0.5,0.6875000037252904,0.8124999962747096,-0.49997548660662383,-0.4999754866066238,5.551115123125783e-17,0.19975591899903716
delta1_K512_radius1_transverse,-0.5,0.75,0.6875000037252904,-0.5000121076850943,-0.5000121076850943,0.0,0.3002441704079146
delta1_K512_radius1_transverse,-0.5,0.75,0.75,-0.4999999006589375,-0.49999990065893746,5.551115123125783e-17,0.39975571634327217
delta1_K512_radius1_transverse,-0.5,0.75,0.8124999962747096,-0.49998769363278067,-0.4999876936327806,5.551115123125783e-17,0.29975588919671997
delta1_K512_radius1_transverse,-0.5,0.8124999962747096,0.6875000037252904,-0.5000243147112512,-0.5000243147112511,1.1102230246251565e-16,0.20024420021023204
delta1_K512_radius1_transverse,-0.5,0.8124999962747096,0.75,-0.5000121076850943,-0.5000121076850943,0.0,0.30024417040791485
delta1_K512_radius1_transverse,-0.5,0.8124999962747096,0.8124999962747096,-0.49999990065893746,-0.49999990065893746,0.0,0.3997557044223453
delta1_K512_radius1_transverse,0.0,0.6875000037252904,0.6875000037252904,0.0,0.0,0.0,0.3999998688697652
delta1_K512_radius1_transverse,0.0,0.6875000037252904,0.75,1.2207029067212797e-05,1.2207029067212782e-05,1.5246593050577406e-20,0.3000000059604645
delta1_K512_radius1_transverse,0.0,0.6875000037252904,0.8124999962747096,2.441405813442558e-05,2.4414058134425564e-05,1.6940658945086007e-20,0.2000000119209292
delta1_K512_radius1_transverse,0.0,0.75,0.6875000037252904,-1.2207029067212797e-05,-1.2207029067212782e-05,1.5246593050577406e-20,0.3000000059604645
delta1_K512_radius1_transverse,0.0,0.75,0.75,0.0,0.0,0.0,0.3999998569488355
delta1_K512_radius1_transverse,0.0,0.75,0.8124999962747096,1.2207029067212784e-05,1.2207029067212782e-05,1.6940658945086007e-21,0.3000000059604647
delta1_K512_radius1_transverse,0.0,0.8124999962747096,0.6875000037252904,-2.441405813442558e-05,-2.4414058134425564e-05,1.6940658945086007e-20,0.2000000119209292
delta1_K512_radius1_transverse,0.0,0.8124999962747096,0.75,-1.2207029067212784e-05,-1.2207029067212782e-05,1.6940658945086007e-21,0.3000000059604647
delta1_K512_radius1_transverse,0.0,0.8124999962747096,0.8124999962747096,0.0,0.0,0.0,0.39999984502790586
delta1_K512_radius1_transverse,0.5,0.6875000037252904,0.6875000037252904,0.49999990065893746,0.49999990065893746,0.0,0.399755728264199
delta1_K512_radius1_transverse,0.5,0.6875000037252904,0.75,0.5000121076850943,0.5000121076850943,0.0,0.3002441704079146
delta1_K512_radius1_transverse,0.5,0.6875000037252904,0.8124999962747096,0.5000243147112512,0.5000243147112511,1.1102230246251565e-16,0.20024420021023204
delta1_K512_radius1_transverse,0.5,0.75,0.6875000037252904,0.4999876936327806,0.4999876936327806,0.0,0.29975588919671975
delta1_K512_radius1_transverse,0.5,0.75,0.75,0.4999999006589375,0.49999990065893746,5.551115123125783e-17,0.39975571634327217
delta1_K512_radius1_transverse,0.5,0.75,0.8124999962747096,0.5000121076850943,0.5000121076850943,0.0,0.30024417040791485
delta1_K512_radius1_transverse,0.5,0.8124999962747096,0.6875000037252904,0.49997548660662383,0.4999754866066238,5.551115123125783e-17,0.19975591899903716
delta1_K512_radius1_transverse,0.5,0.8124999962747096,0.75,0.49998769363278067,0.4999876936327806,5.551115123125783e-17,0.29975588919671997
delta1_K512_radius1_transverse,0.5,0.8124999962747096,0.8124999962747096,0.49999990065893746,0.49999990065893746,0.0,0.3997557044223453
delta1_K512_radius1_transverse,2.0,0.6875000037252904,0.6875000037252904,1.9999972184541084,1.9999972184541084,0.0,0.3990233076120269
delta1_K512_radius1_transverse,2.0,0.6875000037252904,0.75,2.00000942543661,2.0000094254366094,4.440892098500626e-16,0.30097694868743663
delta1_K512_radius1_transverse,2.0,0.6875000037252904,0.8124999962747096,2.0000216324191107,2.0000216324191107,0.0,0.20097733611663507
delta1_K512_radius1_transverse,2.0,0.75,0.6875000037252904,1.9999850114716073,1.9999850114716071,2.220446049250313e-16,0.29902382617095974
delta1_K512_radius1_transverse,2.0,0.75,0.75,1.9999972184541086,1.9999972184541084,2.220446049250313e-16,0.39902329569114275
delta1_K512_radius1_transverse,2.0,0.75,0.8124999962747096,2.0000094254366094,2.0000094254366094,0.0,0.30097694868743685
delta1_K512_radius1_transverse,2.0,0.8124999962747096,0.6875000037252904,1.999972804489106,1.9999728044891059,2.220446049250313e-16,0.19902421360015812
delta1_K512_radius1_transverse,2.0,0.8124999962747096,0.75,1.9999850114716073,1.9999850114716071,2.220446049250313e-16,0.29902382617095996
delta1_K512_radius1_transverse,2.0,0.8124999962747096,0.8124999962747096,1.9999972184541084,1.9999972184541084,0.0,0.39902328377025853
delta1_K512_radius0.125_transverse,-2.0,0.7421875004656613,0.7421875004656613,-1.9999972184541086,-1.9999972184541084,2.220446049250313e-16,0.3990232971812533
delta1_K512_radius0.125_transverse,-2.0,0.7421875004656613,0.75,-1.9999956925812958,-1.9999956925812958,0.0,0.38652348717041113
delta1_K512_radius0.125_transverse,-2.0,0.7421875004656613,0.7578124995343387,-1.9999941667084833,-1.999994166708483,2.220446049250313e-16,0.3740235355990609
delta1_K512_radius0.125_transverse,-2.0,0.75,0.7421875004656613,-1.9999987443269212,-1.999998744326921,2.220446049250313e-16,0.388476609686888
delta1_K512_radius0.125_transverse,-2.0,0.75,0.75,-1.9999972184541086,-1.9999972184541084,2.220446049250313e-16,0.39902329569114275
delta1_K512_radius0.125_transverse,-2.0,0.75,0.7578124995343387,-1.9999956925812958,-1.9999956925812958,0.0,0.38652348717041135
delta1_K512_radius0.125_transverse,-2.0,0.7578124995343387,0.7421875004656613,-2.0000002701997337,-2.0000002701997337,0.0,0.3759766581155378
delta1_K512_radius0.125_transverse,-2.0,0.7578124995343387,0.75,-1.9999987443269212,-1.999998744326921,2.220446049250313e-16,0.38847660968688824
delta1_K512_radius0.125_transverse,-2.0,0.7578124995343387,0.7578124995343387,-1.9999972184541084,-1.9999972184541084,0.0,0.3990232942010322
delta1_K512_radius0.125_transverse,-0.5,0.7421875004656613,0.7421875004656613,-0.49999990065893746,-0.49999990065893746,0.0,0.39975571783338804
delta1_K512_radius0.125_transverse,-0.5,0.7421875004656613,0.75,-0.4999983747806679,-0.49999837478066783,5.551115123125783e-17,0.387255863119692
delta1_K512_radius0.125_transverse,-0.5,0.7421875004656613,0.7578124995343387,-0.49999684890239826,-0.49999684890239826,0.0,0.37475586684498163
delta1_K512_radius0.125_transverse,-0.5,0.75,0.7421875004656613,-0.5000014265372071,-0.500001426537207,1.1102230246251565e-16,0.3877441443308869
delta1_K512_radius0.125_transverse,-0.5,0.75,0.75,-0.4999999006589375,-0.49999990065893746,5.551115123125783e-17,0.39975571634327217
delta1_K512_radius0.125_transverse,-0.5,0.75,0.7578124995343387,-0.4999983747806679,-0.49999837478066783,5.551115123125783e-17,0.38725586311969223
delta1_K512_radius0.125_transverse,-0.5,0.7578124995343387,0.7421875004656613,-0.5000029524154767,-0.5000029524154767,0.0,0.37524414805617656
delta1_K512_radius0.125_transverse,-0.5,0.7578124995343387,0.75,-0.5000014265372071,-0.500001426537207,1.1102230246251565e-16,0.3877441443308871
delta1_K512_radius0.125_transverse,-0.5,0.7578124995343387,0.7578124995343387,-0.49999990065893746,-0.49999990065893746,0.0,0.3997557148531563
delta1_K512_radius0.125_transverse,0.0,0.7421875004656613,0.7421875004656613,0.0,0.0,0.0,0.3999998584389517
delta1_K512_radius0.125_transverse,0.0,0.7421875004656613,0.75,1.525878633401603e-06,1.5258786334016005e-06,2.541098841762901e-21,0.38750000074505786
delta1_K512_radius0.125_transverse,0.0,0.7421875004656613,0.7578124995343387,3.051757266803206e-06,3.051757266803201e-06,5.082197683525802e-21,0.3750000014901159
delta1_K512_radius0.125_transverse,0.0,0.75,0.7421875004656613,-1.525878633401603e-06,-1.5258786334016005e-06,2.541098841762901e-21,0.38750000074505786
delta1_K512_radius0.125_transverse,0.0,0.75,0.75,0.0,0.0,0.0,0.3999998569488355
delta1_K512_radius0.125_transverse,0.0,0.75,0.7578124995343387,1.525878633401603e-06,1.5258786334016005e-06,2.541098841762901e-21,0.3875000007450581
delta1_K512_radius0.125_transverse,0.0,0.7578124995343387,0.7421875004656613,-3.051757266803206e-06,-3.051757266803201e-06,5.082197683525802e-21,0.3750000014901159
delta1_K512_radius0.125_transverse,0.0,0.7578124995343387,0.75,-1.525878633401603e-06,-1.5258786334016005e-06,2.541098841762901e-21,0.3875000007450581
delta1_K512_radius0.125_transverse,0.0,0.7578124995343387,0.7578124995343387,0.0,0.0,0.0,0.3999998554587193
delta1_K512_radius0.125_transverse,0.5,0.7421875004656613,0.7421875004656613,0.49999990065893746,0.49999990065893746,0.0,0.39975571783338804
delta1_K512_radius0.125_transverse,0.5,0.7421875004656613,0.75,0.5000014265372071,0.500001426537207,1.1102230246251565e-16,0.3877441443308869
delta1_K512_radius0.125_transverse,0.5,0.7421875004656613,0.7578124995343387,0.5000029524154767,0.5000029524154767,0.0,0.37524414805617656
delta1_K512_radius0.125_transverse,0.5,0.75,0.7421875004656613,0.4999983747806679,0.49999837478066783,5.551115123125783e-17,0.387255863119692
delta1_K512_radius0.125_transverse,0.5,0.75,0.75,0.4999999006589375,0.49999990065893746,5.551115123125783e-17,0.39975571634327217
delta1_K512_radius0.125_transverse,0.5,0.75,0.7578124995343387,0.5000014265372071,0.500001426537207,1.1102230246251565e-16,0.3877441443308871
delta1_K512_radius0.125_transverse,0.5,0.7578124995343387,0.7421875004656613,0.49999684890239826,0.49999684890239826,0.0,0.37475586684498163
delta1_K512_radius0.125_transverse,0.5,0.7578124995343387,0.75,0.4999983747806679,0.49999837478066783,5.551115123125783e-17,0.38725586311969223
delta1_K512_radius0.125_transverse,0.5,0.7578124995343387,0.7578124995343387,0.49999990065893746,0.49999990065893746,0.0,0.3997557148531563
delta1_K512_radius0.125_transverse,2.0,0.7421875004656613,0.7421875004656613,1.9999972184541086,1.9999972184541084,2.220446049250313e-16,0.3990232971812533
delta1_K512_radius0.125_transverse,2.0,0.7421875004656613,0.75,1.9999987443269212,1.999998744326921,2.220446049250313e-16,0.388476609686888
delta1_K512_radius0.125_transverse,2.0,0.7421875004656613,0.7578124995343387,2.0000002701997337,2.0000002701997337,0.0,0.3759766581155378
delta1_K512_radius0.125_transverse,2.0,0.75,0.7421875004656613,1.9999956925812958,1.9999956925812958,0.0,0.38652348717041113
delta1_K512_radius0.125_transverse,2.0,0.75,0.75,1.9999972184541086,1.9999972184541084,2.220446049250313e-16,0.39902329569114275
delta1_K512_radius0.125_transverse,2.0,0.75,0.7578124995343387,1.9999987443269212,1.999998744326921,2.220446049250313e-16,0.38847660968688824
delta1_K512_radius0.125_transverse,2.0,0.7578124995343387,0.7421875004656613,1.9999941667084833,1.999994166708483,2.220446049250313e-16,0.3740235355990609
delta1_K512_radius0.125_transverse,2.0,0.7578124995343387,0.75,1.9999956925812958,1.9999956925812958,0.0,0.38652348717041135
delta1_K512_radius0.125_transverse,2.0,0.7578124995343387,0.7578124995343387,1.9999972184541084,1.9999972184541084,0.0,0.3990232942010322
delta1_K512_radius0.015625_transverse,-2.0,0.7490234375582077,0.7490234375582077,-1.9999972184541084,-1.9999972184541084,0.0,0.39902329587740654
delta1_K512_radius0.015625_transverse,-2.0,0.7490234375582077,0.75,-1.9999970277200068,-1.9999970277200068,0.0,0.39746094479534255
delta1_K512_radius0.015625_transverse,-2.0,0.7490234375582077,0.7509765624417923,-1.9999968369859054,-1.9999968369859051,2.220446049250313e-16,0.3958984508489238
delta1_K512_radius0.015625_transverse,-2.0,0.75,0.7490234375582077,-1.99999740918821,-1.99999740918821,0.0,0.39902329569114275
delta1_K512_radius0.015625_transverse,-2.0,0.75,0.75,-1.9999972184541086,-1.9999972184541084,2.220446049250313e-16,0.39902329569114275
delta1_K512_radius0.015625_transverse,-2.0,0.75,0.7509765624417923,-1.999997027720007,-1.9999970277200068,2.220446049250313e-16,0.3974609447953428
delta1_K512_radius0.015625_transverse,-2.0,0.7509765624417923,0.7490234375582077,-1.9999975999223114,-1.9999975999223116,2.220446049250313e-16,0.3978515733654007
delta1_K512_radius0.015625_transverse,-2.0,0.7509765624417923,0.75,-1.99999740918821,-1.99999740918821,0.0,0.3990232955048789
delta1_K512_radius0.015625_transverse,-2.0,0.7509765624417923,0.7509765624417923,-1.9999972184541084,-1.9999972184541084,0.0,0.3990232955048789
delta1_K512_radius0.015625_transverse,-0.5,0.7490234375582077,0.7490234375582077,-0.49999990065893746,-0.49999990065893746,0.0,0.3997557165295367
delta1_K512_radius0.015625_transverse,-0.5,0.7490234375582077,0.75,-0.49999970992415377,-0.49999970992415377,0.0,0.39819335986006354
delta1_K512_radius0.015625_transverse,-0.5,0.7490234375582077,0.7509765624417923,-0.4999995191893701,-0.4999995191893701,0.0,0.39663086032572475
delta1_K512_radius0.015625_transverse,-0.5,0.75,0.7490234375582077,-0.5000000913937211,-0.5000000913937211,0.0,0.3986816410712585
delta1_K512_radius0.015625_transverse,-0.5,0.75,0.75,-0.4999999006589375,-0.49999990065893746,5.551115123125783e-17,0.39975571634327217
delta1_K512_radius0.015625_transverse,-0.5,0.75,0.7509765624417923,-0.49999970992415377,-0.49999970992415377,0.0,0.39819335986006377
delta1_K512_radius0.015625_transverse,-0.5,0.7509765624417923,0.7490234375582077,-0.5000002821285049,-0.5000002821285049,0.0,0.3971191415369197
delta1_K512_radius0.015625_transverse,-0.5,0.7509765624417923,0.75,-0.5000000913937211,-0.5000000913937211,0.0,0.3986816410712587
delta1_K512_radius0.015625_transverse,-0.5,0.7509765624417923,0.7509765624417923,-0.49999990065893746,-0.49999990065893746,0.0,0.39975571615700767
delta1_K512_radius0.015625_transverse,0.0,0.7490234375582077,0.7490234375582077,0.0,0.0,0.0,0.39999985713510006
delta1_K512_radius0.015625_transverse,0.0,0.7490234375582077,0.75,1.9073482917520208e-07,1.9073482917520007e-07,2.0117032497289633e-21,0.39843750009313206
delta1_K512_radius0.015625_transverse,0.0,0.7490234375582077,0.7509765624417923,3.8146965835040415e-07,3.8146965835040013e-07,4.0234064994579266e-21,0.3968750001862643
delta1_K512_radius0.015625_transverse,0.0,0.75,0.7490234375582077,-1.9073482917520208e-07,-1.9073482917520007e-07,2.0117032497289633e-21,0.39843750009313206
delta1_K512_radius0.015625_transverse,0.0,0.75,0.75,0.0,0.0,0.0,0.3999998569488355
delta1_K512_radius0.015625_transverse,0.0,0.75,0.7509765624417923,1.9073482917520208e-07,1.9073482917520007e-07,2.0117032497289633e-21,0.3984375000931323
delta1_K512_radius0.015625_transverse,0.0,0.7509765624417923,0.7490234375582077,-3.8146965835040415e-07,-3.8146965835040013e-07,4.0234064994579266e-21,0.3968750001862643
delta1_K512_radius0.015625_transverse,0.0,0.7509765624417923,0.75,-1.9073482917520208e-07,-1.9073482917520007e-07,2.0117032497289633e-21,0.3984375000931323
delta1_K512_radius0.015625_transverse,0.0,0.7509765624417923,0.7509765624417923,0.0,0.0,0.0,0.399999856762571
delta1_K512_radius0.015625_transverse,0.5,0.7490234375582077,0.7490234375582077,0.49999990065893746,0.49999990065893746,0.0,0.3997557165295367
delta1_K512_radius0.015625_transverse,0.5,0.7490234375582077,0.75,0.5000000913937211,0.5000000913937211,0.0,0.3986816410712585
delta1_K512_radius0.015625_transverse,0.5,0.7490234375582077,0.7509765624417923,0.5000002821285049,0.5000002821285049,0.0,0.3971191415369197
delta1_K512_radius0.015625_transverse,0.5,0.75,0.7490234375582077,0.49999970992415377,0.49999970992415377,0.0,0.39819335986006354
delta1_K512_radius0.015625_transverse,0.5,0.75,0.75,0.4999999006589375,0.49999990065893746,5.551115123125783e-17,0.39975571634327217
delta1_K512_radius0.015625_transverse,0.5,0.75,0.7509765624417923,0.5000000913937211,0.5000000913937211,0.0,0.3986816410712587
delta1_K512_radius0.015625_transverse,0.5,0.7509765624417923,0.7490234375582077,0.4999995191893701,0.4999995191893701,0.0,0.39663086032572475
delta1_K512_radius0.015625_transverse,0.5,0.7509765624417923,0.75,0.49999970992415377,0.49999970992415377,0.0,0.39819335986006377
delta1_K512_radius0.015625_transverse,0.5,0.7509765624417923,0.7509765624417923,0.49999990065893746,0.49999990065893746,0.0,0.39975571615700767
delta1_K512_radius0.015625_transverse,2.0,0.7490234375582077,0.7490234375582077,1.9999972184541084,1.9999972184541084,0.0,0.39902329587740654
delta1_K512_radius0.015625_transverse,2.0,0.7490234375582077,0.75,1.99999740918821,1.99999740918821,0.0,0.39902329569114275
delta1_K512_radius0.015625_transverse,2.0,0.7490234375582077,0.7509765624417923,1.9999975999223114,1.9999975999223116,2.220446049250313e-16,0.3978515733654007
delta1_K512_radius0.015625_transverse,2.0,0.75,0.7490234375582077,1.9999970277200068,1.9999970277200068,0.0,0.39746094479534255
delta1_K512_radius0.015625_transverse,2.0,0.75,0.75,1.9999972184541086,1.9999972184541084,2.220446049250313e-16,0.39902329569114275
delta1_K512_radius0.015625_transverse,2.0,0.75,0.7509765624417923,1.99999740918821,1.99999740918821,0.0,0.3990232955048789
delta1_K512_radius0.015625_transverse,2.0,0.7509765624417923,0.7490234375582077,1.9999968369859054,1.9999968369859051,2.220446049250313e-16,0.3958984508489238
delta1_K512_radius0.015625_transverse,2.0,0.7509765624417923,0.75,1.999997027720007,1.9999970277200068,2.220446049250313e-16,0.3974609447953428
delta1_K512_radius0.015625_transverse,2.0,0.7509765624417923,0.7509765624417923,1.9999972184541084,1.9999972184541084,0.0,0.3990232955048789
