config_id,quadrature_nodes,t,z,integrated_score,stable_score,absolute_error,correction_error_over_d
delta0.5_K32_radius0_common,64,-1.0,-1.0,-0.999664691454117,-0.999664691454117,0.0,0.0
delta0.5_K32_radius0_common,64,-1.0,-0.5,-0.999664691454117,-0.999664691454117,0.0,0.0
delta0.5_K32_radius0_common,64,-1.0,0.0,-0.999664691454117,-0.999664691454117,0.0,0.0
delta0.5_K32_radius0_common,64,-1.0,0.5,-0.999664691454117,-0.999664691454117,0.0,0.0
delta0.5_K32_radius0_common,64,-1.0,1.0,-0.999664691454117,-0.999664691454117,0.0,0.0
delta0.5_K32_radius0_common,64,-0.5,-1.0,-0.49986284438526457,-0.49986284438526457,0.0,0.0
delta0.5_K32_radius0_common,64,-0.5,-0.5,-0.49986284438526457,-0.49986284438526457,0.0,0.0
delta0.5_K32_radius0_common,64,-0.5,0.0,-0.49986284438526457,-0.49986284438526457,0.0,0.0
delta0.5_K32_radius0_common,64,-0.5,0.5,-0.49986284438526457,-0.49986284438526457,0.0,0.0
delta0.5_K32_radius0_common,64,-0.5,1.0,-0.49986284438526457,-0.49986284438526457,0.0,0.0
delta0.5_K32_radius0_common,64,0.0,-1.0,1.734723475976807e-18,0.0,1.734723475976807e-18,0.0
delta0.5_K32_radius0_common,64,0.0,-0.5,1.734723475976807e-18,0.0,1.734723475976807e-18,0.0
delta0.5_K32_radius0_common,64,0.0,0.0,1.734723475976807e-18,0.0,1.734723475976807e-18,0.0
delta0.5_K32_radius0_common,64,0.0,0.5,1.734723475976807e-18,0.0,1.734723475976807e-18,0.0
delta0.5_K32_radius0_common,64,0.0,1.0,1.734723475976807e-18,0.0,1.734723475976807e-18,0.0
delta0.5_K32_radius0_common,64,0.5,-1.0,0.4998628443852645,0.49986284438526457,5.551115123125783e-17,0.0
delta0.5_K32_radius0_common,64,0.5,-0.5,0.4998628443852645,0.49986284438526457,5.551115123125783e-17,0.0
delta0.5_K32_radius0_common,64,0.5,0.0,0.4998628443852645,0.49986284438526457,5.551115123125783e-17,0.0
delta0.5_K32_radius0_common,64,0.5,0.5,0.4998628443852645,0.49986284438526457,5.551115123125783e-17,0.0
delta0.5_K32_radius0_common,64,0.5,1.0,0.4998628443852645,0.49986284438526457,5.551115123125783e-17,0.0
delta0.5_K32_radius0_common,64,1.0,-1.0,0.999664691454117,0.999664691454117,0.0,0.0
delta0.5_K32_radius0_common,64,1.0,-0.5,0.999664691454117,0.999664691454117,0.0,0.0
delta0.5_K32_radius0_common,64,1.0,0.0,0.999664691454117,0.999664691454117,0.0,0.0
delta0.5_K32_radius0_common,64,1.0,0.5,0.999664691454117,0.999664691454117,0.0,0.0
delta0.5_K32_radius0_common,64,1.0,1.0,0.999664691454117,0.999664691454117,0.0,0.0
delta0.5_K32_radius0_common,128,-1.0,-1.0,-0.9996646914541167,-0.9996646914541166,1.1102230246251565e-16,0.0
delta0.5_K32_radius0_common,128,-1.0,-0.5,-0.9996646914541167,-0.9996646914541166,1.1102230246251565e-16,0.0
delta0.5_K32_radius0_common,128,-1.0,0.0,-0.9996646914541167,-0.9996646914541166,1.1102230246251565e-16,0.0
delta0.5_K32_radius0_common,128,-1.0,0.5,-0.9996646914541167,-0.9996646914541166,1.1102230246251565e-16,0.0
delta0.5_K32_radius0_common,128,-1.0,1.0,-0.9996646914541167,-0.9996646914541166,1.1102230246251565e-16,0.0
delta0.5_K32_radius0_common,128,-0.5,-1.0,-0.4998628443852645,-0.49986284438526435,1.6653345369377348e-16,0.0
delta0.5_K32_radius0_common,128,-0.5,-0.5,-0.4998628443852645,-0.49986284438526435,1.6653345369377348e-16,0.0
delta0.5_K32_radius0_common,128,-0.5,0.0,-0.4998628443852645,-0.49986284438526435,1.6653345369377348e-16,0.0
delta0.5_K32_radius0_common,128,-0.5,0.5,-0.4998628443852645,-0.49986284438526435,1.6653345369377348e-16,0.0
delta0.5_K32_radius0_common,128,-0.5,1.0,-0.4998628443852645,-0.49986284438526435,1.6653345369377348e-16,0.0
delta0.5_K32_radius0_common,128,0.0,-1.0,-6.613633252161577e-18,0.0,6.613633252161577e-18,0.0
delta0.5_K32_radius0_common,128,0.0,-0.5,-6.613633252161577e-18,0.0,6.613633252161577e-18,0.0
delta0.5_K32_radius0_common,128,0.0,0.0,-6.613633252161577e-18,0.0,6.613633252161577e-18,0.0
delta0.5_K32_radius0_common,128,0.0,0.5,-6.613633252161577e-18,0.0,6.613633252161577e-18,0.0
delta0.5_K32_radius0_common,128,0.0,1.0,-6.613633252161577e-18,0.0,6.613633252161577e-18,0.0
delta0.5_K32_radius0_common,128,0.5,-1.0,0.49986284438526446,0.49986284438526435,1.1102230246251565e-16,0.0
delta0.5_K32_radius0_common,128,0.5,-0.5,0.49986284438526446,0.49986284438526435,1.1102230246251565e-16,0.0
delta0.5_K32_radius0_common,128,0.5,0.0,0.49986284438526446,0.49986284438526435,1.1102230246251565e-16,0.0
delta0.5_K32_radius0_common,128,0.5,0.5,0.49986284438526446,0.49986284438526435,1.1102230246251565e-16,0.0
delta0.5_K32_radius0_common,128,0.5,1.0,0.49986284438526446,0.49986284438526435,1.1102230246251565e-16,0.0
delta0.5_K32_radius0_common,128,1.0,-1.0,0.9996646914541166,0.9996646914541165,1.1102230246251565e-16,0.0
delta0.5_K32_radius0_common,128,1.0,-0.5,0.9996646914541166,0.9996646914541165,1.1102230246251565e-16,0.0
delta0.5_K32_radius0_common,128,1.0,0.0,0.9996646914541166,0.9996646914541165,1.1102230246251565e-16,0.0
delta0.5_K32_radius0_common,128,1.0,0.5,0.9996646914541166,0.9996646914541165,1.1102230246251565e-16,0.0
delta0.5_K32_radius0_common,128,1.0,1.0,0.9996646914541166,0.9996646914541165,1.1102230246251565e-16,0.0
delta0.5_K32_radius1_aligned,64,-1.0,-1.0,-0.9985701345400032,-0.9985701345400033,1.1102230246251565e-16,0.0
delta0.5_K32_radius1_aligned,64,-1.0,-0.5,-0.9985701345400032,-0.9985701345400033,1.1102230246251565e-16,0.0
delta0.5_K32_radius1_aligned,64,-1.0,0.0,-0.9985701345400032,-0.9985701345400033,1.1102230246251565e-16,0.0
delta0.5_K32_radius1_aligned,64,-1.0,0.5,-0.9985701345400032,-0.9985701345400033,1.1102230246251565e-16,0.0
delta0.5_K32_radius1_aligned,64,-1.0,1.0,-0.9985701345400032,-0.9985701345400033,1.1102230246251565e-16,0.0
delta0.5_K32_radius1_aligned,64,-0.5,-1.0,-0.4993154657443491,-0.4993154657443491,0.0,0.0
delta0.5_K32_radius1_aligned,64,-0.5,-0.5,-0.4993154657443491,-0.4993154657443491,0.0,0.0
delta0.5_K32_radius1_aligned,64,-0.5,0.0,-0.4993154657443491,-0.4993154657443491,0.0,0.0
delta0.5_K32_radius1_aligned,64,-0.5,0.5,-0.4993154657443491,-0.4993154657443491,0.0,0.0
delta0.5_K32_radius1_aligned,64,-0.5,1.0,-0.4993154657443491,-0.4993154657443491,0.0,0.0
delta0.5_K32_radius1_aligned,64,0.0,-1.0,-9.107298248878237e-18,0.0,9.107298248878237e-18,0.0
delta0.5_K32_radius1_aligned,64,0.0,-0.5,-9.107298248878237e-18,0.0,9.107298248878237e-18,0.0
delta0.5_K32_radius1_aligned,64,0.0,0.0,-9.107298248878237e-18,0.0,9.107298248878237e-18,0.0
delta0.5_K32_radius1_aligned,64,0.0,0.5,-9.107298248878237e-18,0.0,9.107298248878237e-18,0.0
delta0.5_K32_radius1_aligned,64,0.0,1.0,-9.107298248878237e-18,0.0,9.107298248878237e-18,0.0
delta0.5_K32_radius1_aligned,64,0.5,-1.0,0.4993154657443491,0.4993154657443491,0.0,0.0
delta0.5_K32_radius1_aligned,64,0.5,-0.5,0.4993154657443491,0.4993154657443491,0.0,0.0
delta0.5_K32_radius1_aligned,64,0.5,0.0,0.4993154657443491,0.4993154657443491,0.0,0.0
delta0.5_K32_radius1_aligned,64,0.5,0.5,0.4993154657443491,0.4993154657443491,0.0,0.0
delta0.5_K32_radius1_aligned,64,0.5,1.0,0.4993154657443491,0.4993154657443491,0.0,0.0
delta0.5_K32_radius1_aligned,64,1.0,-1.0,0.9985701345400032,0.9985701345400033,1.1102230246251565e-16,0.0
delta0.5_K32_radius1_aligned,64,1.0,-0.5,0.9985701345400032,0.9985701345400033,1.1102230246251565e-16,0.0
delta0.5_K32_radius1_aligned,64,1.0,0.0,0.9985701345400032,0.9985701345400033,1.1102230246251565e-16,0.0
delta0.5_K32_radius1_aligned,64,1.0,0.5,0.9985701345400032,0.9985701345400033,1.1102230246251565e-16,0.0
delta0.5_K32_radius1_aligned,64,1.0,1.0,0.9985701345400032,0.9985701345400033,1.1102230246251565e-16,0.0
delta0.5_K32_radius1_aligned,128,-1.0,-1.0,-0.9985701345400031,-0.998570134540003,1.1102230246251565e-16,0.0
delta0.5_K32_radius1_aligned,128,-1.0,-0.5,-0.9985701345400031,-0.998570134540003,1.1102230246251565e-16,0.0
delta0.5_K32_radius1_aligned,128,-1.0,0.0,-0.9985701345400031,-0.998570134540003,1.1102230246251565e-16,0.0
delta0.5_K32_radius1_aligned,128,-1.0,0.5,-0.9985701345400031,-0.998570134540003,1.1102230246251565e-16,0.0
delta0.5_K32_radius1_aligned,128,-1.0,1.0,-0.9985701345400031,-0.998570134540003,1.1102230246251565e-16,0.0
delta0.5_K32_radius1_aligned,128,-0.5,-1.0,-0.499315465744349,-0.4993154657443489,1.1102230246251565e-16,0.0
delta0.5_K32_radius1_aligned,128,-0.5,-0.5,-0.499315465744349,-0.4993154657443489,1.1102230246251565e-16,0.0
delta0.5_K32_radius1_aligned,128,-0.5,0.0,-0.499315465744349,-0.4993154657443489,1.1102230246251565e-16,0.0
delta0.5_K32_radius1_aligned,128,-0.5,0.5,-0.499315465744349,-0.4993154657443489,1.1102230246251565e-16,0.0
delta0.5_K32_radius1_aligned,128,-0.5,1.0,-0.499315465744349,-0.4993154657443489,1.1102230246251565e-16,0.0
delta0.5_K32_radius1_aligned,128,0.0,-1.0,-4.553649124439119e-18,0.0,4.553649124439119e-18,0.0
delta0.5_K32_radius1_aligned,128,0.0,-0.5,-4.553649124439119e-18,0.0,4.553649124439119e-18,0.0
delta0.5_K32_radius1_aligned,128,0.0,0.0,-4.553649124439119e-18,0.0,4.553649124439119e-18,0.0
delta0.5_K32_radius1_aligned,128,0.0,0.5,-4.553649124439119e-18,0.0,4.553649124439119e-18,0.0
delta0.5_K32_radius1_aligned,128,0.0,1.0,-4.553649124439119e-18,0.0,4.553649124439119e-18,0.0
delta0.5_K32_radius1_aligned,128,0.5,-1.0,0.49931546574434893,0.4993154657443489,5.551115123125783e-17,0.0
delta0.5_K32_radius1_aligned,128,0.5,-0.5,0.49931546574434893,0.4993154657443489,5.551115123125783e-17,0.0
delta0.5_K32_radius1_aligned,128,0.5,0.0,0.49931546574434893,0.4993154657443489,5.551115123125783e-17,0.0
delta0.5_K32_radius1_aligned,128,0.5,0.5,0.49931546574434893,0.4993154657443489,5.551115123125783e-17,0.0
delta0.5_K32_radius1_aligned,128,0.5,1.0,0.49931546574434893,0.4993154657443489,5.551115123125783e-17,0.0
delta0.5_K32_radius1_aligned,128,1.0,-1.0,0.9985701345400031,0.9985701345400029,2.220446049250313e-16,0.0
delta0.5_K32_radius1_aligned,128,1.0,-0.5,0.9985701345400031,0.9985701345400029,2.220446049250313e-16,0.0
delta0.5_K32_radius1_aligned,128,1.0,0.0,0.9985701345400031,0.9985701345400029,2.220446049250313e-16,0.0
delta0.5_K32_radius1_aligned,128,1.0,0.5,0.9985701345400031,0.9985701345400029,2.220446049250313e-16,0.0
delta0.5_K32_radius1_aligned,128,1.0,1.0,0.9985701345400031,0.9985701345400029,2.220446049250313e-16,0.0
delta0.5_K32_radius1_transverse,64,-1.0,-1.0,-0.9985699563952624,-0.9985699563952624,0.0,3.086420008457935e-14
delta0.5_K32_radius1_transverse,64,-1.0,-0.5,-0.9991173239246895,-0.9991173239246897,1.1102230246251565e-16,1.1679546219056647e-13
delta0.5_K32_radius1_transverse,64,-1.0,0.0,-0.999664691454117,-0.999664691454117,0.0,0.0
delta0.5_K32_radius1_transverse,64,-1.0,0.5,-1.0002120589835441,-1.0002120589835441,0.0,8.593126210598712e-14
delta0.5_K32_radius1_transverse,64,-1.0,1.0,-1.0007594265129716,-1.0007594265129716,0.0,3.086420008457935e-14
delta0.5_K32_radius1_transverse,64,-0.5,-1.0,-0.49876790891520706,-0.49876790891520706,0.0,1.2989609388114332e-14
delta0.5_K32_radius1_transverse,64,-0.5,-0.5,-0.4993153766502358,-0.4993153766502358,0.0,1.8818280267396403e-14
delta0.5_K32_radius1_transverse,64,-0.5,0.0,-0.49986284438526457,-0.49986284438526457,0.0,0.0
delta0.5_K32_radius1_transverse,64,-0.5,0.5,-0.5004103121202933,-0.5004103121202933,0.0,3.186340080674199e-14
delta0.5_K32_radius1_transverse,64,-0.5,1.0,-0.5009577798553222,-0.5009577798553221,1.1102230246251565e-16,8.837375276016246e-14
delta0.5_K32_radius1_transverse,64,0.0,-1.0,0.001095002284661199,0.0010950022846612003,1.3010426069826053e-18,1.1102230246251565e-15
delta0.5_K32_radius1_transverse,64,0.0,-0.5,0.0005475011423305819,0.0005475011423306001,1.8214596497756474e-17,1.659783421814609e-14
delta0.5_K32_radius1_transverse,64,0.0,0.0,-2.2408256619612515e-18,0.0,2.2408256619612515e-18,2.046245338750168e-15
delta0.5_K32_radius1_transverse,64,0.0,0.5,-0.0005475011423305865,-0.0005475011423306001,1.3660947373317356e-17,1.2434497875801753e-14
delta0.5_K32_radius1_transverse,64,0.0,1.0,-0.0010950022846611988,-0.0010950022846612003,1.5178830414797062e-18,1.3322676295501878e-15
delta0.5_K32_radius1_transverse,64,0.5,-1.0,0.500957779855322,0.5009577798553221,1.1102230246251565e-16,1.1446399383885364e-13
delta0.5_K32_radius1_transverse,64,0.5,-0.5,0.5004103121202933,0.5004103121202933,0.0,3.186340080674199e-14
delta0.5_K32_radius1_transverse,64,0.5,0.0,0.49986284438526457,0.49986284438526457,0.0,0.0
delta0.5_K32_radius1_transverse,64,0.5,0.5,0.49931537665023573,0.4993153766502358,5.551115123125783e-17,6.94999613415348e-14
delta0.5_K32_radius1_transverse,64,0.5,1.0,0.49876790891520706,0.49876790891520706,0.0,1.2989609388114332e-14
delta0.5_K32_radius1_transverse,64,1.0,-1.0,1.0007594265129713,1.0007594265129716,2.220446049250313e-16,1.7186252421197423e-13
delta0.5_K32_radius1_transverse,64,1.0,-0.5,1.0002120589835441,1.0002120589835441,0.0,8.593126210598712e-14
delta0.5_K32_radius1_transverse,64,1.0,0.0,0.999664691454117,0.999664691454117,0.0,0.0
delta0.5_K32_radius1_transverse,64,1.0,0.5,0.9991173239246897,0.9991173239246897,0.0,1.5432100042289676e-14
delta0.5_K32_radius1_transverse,64,1.0,1.0,0.9985699563952624,0.9985699563952624,0.0,3.086420008457935e-14
delta0.5_K32_radius1_transverse,128,-1.0,-1.0,-0.9985699563952619,-0.998569956395262,1.1102230246251565e-16,1.3222756223285614e-13
delta0.5_K32_radius1_transverse,128,-1.0,-0.5,-0.9991173239246892,-0.9991173239246893,1.1102230246251565e-16,1.1679546219056647e-13
delta0.5_K32_radius1_transverse,128,-1.0,0.0,-0.9996646914541165,-0.9996646914541166,1.1102230246251565e-16,1.0138176867913891e-13
delta0.5_K32_radius1_transverse,128,-1.0,0.5,-1.0002120589835437,-1.000212058983544,2.220446049250313e-16,1.8735013540549517e-13
delta0.5_K32_radius1_transverse,128,-1.0,1.0,-1.0007594265129711,-1.0007594265129711,0.0,7.049916206369744e-14
delta0.5_K32_radius1_transverse,128,-0.5,-1.0,-0.49876790891520684,-0.49876790891520684,0.0,1.27675647831893e-14
delta0.5_K32_radius1_transverse,128,-0.5,-0.5,-0.4993153766502356,-0.49931537665023557,5.551115123125783e-17,3.175237850427948e-14
delta0.5_K32_radius1_transverse,128,-0.5,0.0,-0.4998628443852644,-0.49986284438526435,5.551115123125783e-17,5.069088433956946e-14
delta0.5_K32_radius1_transverse,128,-0.5,0.5,-0.5004103121202932,-0.5004103121202931,1.1102230246251565e-16,6.961098364399732e-14
delta0.5_K32_radius1_transverse,128,-0.5,1.0,-0.500957779855322,-0.5009577798553219,1.1102230246251565e-16,8.859579736508749e-14
delta0.5_K32_radius1_transverse,128,0.0,-1.0,0.0010950022846612044,0.0010950022846611999,4.553649124439119e-18,4.218847493575595e-15
delta0.5_K32_radius1_transverse,128,0.0,-0.5,0.0005475011423305986,0.0005475011423305999,1.3010426069826053e-18,1.1657341758564144e-15
delta0.5_K32_radius1_transverse,128,0.0,0.0,5.778882282642464e-19,0.0,5.778882282642464e-19,5.277077612407114e-16
delta0.5_K32_radius1_transverse,128,0.0,0.5,-0.0005475011423305988,-0.0005475011423305999,1.0842021724855044e-18,9.992007221626409e-16
delta0.5_K32_radius1_transverse,128,0.0,1.0,-0.0010950022846612025,-0.0010950022846611999,2.6020852139652106e-18,2.4424906541753444e-15
delta0.5_K32_radius1_transverse,128,0.5,-1.0,0.5009577798553219,0.5009577798553219,0.0,1.27675647831893e-14
delta0.5_K32_radius1_transverse,128,0.5,-0.5,0.5004103121202931,0.5004103121202931,0.0,3.175237850427948e-14
delta0.5_K32_radius1_transverse,128,0.5,0.0,0.4998628443852643,0.49986284438526435,5.551115123125783e-17,5.069088433956946e-14
delta0.5_K32_radius1_transverse,128,0.5,0.5,0.4993153766502356,0.49931537665023557,5.551115123125783e-17,3.175237850427948e-14
delta0.5_K32_radius1_transverse,128,0.5,1.0,0.49876790891520684,0.49876790891520684,0.0,1.27675647831893e-14
delta0.5_K32_radius1_transverse,128,1.0,-1.0,1.0007594265129711,1.0007594265129711,0.0,3.108624468950438e-14
delta0.5_K32_radius1_transverse,128,1.0,-0.5,1.000212058983544,1.0002120589835437,2.220446049250313e-16,1.1690648449302898e-13
delta0.5_K32_radius1_transverse,128,1.0,0.0,0.9996646914541165,0.9996646914541165,0.0,0.0
delta0.5_K32_radius1_transverse,128,1.0,0.5,0.9991173239246891,0.9991173239246892,1.1102230246251565e-16,1.1690648449302898e-13
delta0.5_K32_radius1_transverse,128,1.0,1.0,0.998569956395262,0.9985699563952619,1.1102230246251565e-16,7.027711745877241e-14
delta0.5_K32_radius0.125_aligned,64,-1.0,-1.0,-0.9995278718398526,-0.9995278718398527,1.1102230246251565e-16,0.0
delta0.5_K32_radius0.125_aligned,64,-1.0,-0.5,-0.9995278718398526,-0.9995278718398527,1.1102230246251565e-16,0.0
delta0.5_K32_radius0.125_aligned,64,-1.0,0.0,-0.9995278718398526,-0.9995278718398527,1.1102230246251565e-16,0.0
delta0.5_K32_radius0.125_aligned,64,-1.0,0.5,-0.9995278718398526,-0.9995278718398527,1.1102230246251565e-16,0.0
delta0.5_K32_radius0.125_aligned,64,-1.0,1.0,-0.9995278718398526,-0.9995278718398527,1.1102230246251565e-16,0.0
delta0.5_K32_radius0.125_aligned,64,-0.5,-1.0,-0.4997944220551501,-0.4997944220551501,0.0,0.0
delta0.5_K32_radius0.125_aligned,64,-0.5,-0.5,-0.4997944220551501,-0.4997944220551501,0.0,0.0
delta0.5_K32_radius0.125_aligned,64,-0.5,0.0,-0.4997944220551501,-0.4997944220551501,0.0,0.0
delta0.5_K32_radius0.125_aligned,64,-0.5,0.5,-0.4997944220551501,-0.4997944220551501,0.0,0.0
delta0.5_K32_radius0.125_aligned,64,-0.5,1.0,-0.4997944220551501,-0.4997944220551501,0.0,0.0
delta0.5_K32_radius0.125_aligned,64,0.0,-1.0,0.0,0.0,0.0,0.0
delta0.5_K32_radius0.125_aligned,64,0.0,-0.5,0.0,0.0,0.0,0.0
delta0.5_K32_radius0.125_aligned,64,0.0,0.0,0.0,0.0,0.0,0.0
delta0.5_K32_radius0.125_aligned,64,0.0,0.5,0.0,0.0,0.0,0.0
delta0.5_K32_radius0.125_aligned,64,0.0,1.0,0.0,0.0,0.0,0.0
delta0.5_K32_radius0.125_aligned,64,0.5,-1.0,0.49979442205515007,0.4997944220551501,5.551115123125783e-17,0.0
delta0.5_K32_radius0.125_aligned,64,0.5,-0.5,0.49979442205515007,0.4997944220551501,5.551115123125783e-17,0.0
delta0.5_K32_radius0.125_aligned,64,0.5,0.0,0.49979442205515007,0.4997944220551501,5.551115123125783e-17,0.0
delta0.5_K32_radius0.125_aligned,64,0.5,0.5,0.49979442205515007,0.4997944220551501,5.551115123125783e-17,0.0
delta0.5_K32_radius0.125_aligned,64,0.5,1.0,0.49979442205515007,0.4997944220551501,5.551115123125783e-17,0.0
delta0.5_K32_radius0.125_aligned,64,1.0,-1.0,0.9995278718398527,0.9995278718398527,0.0,0.0
delta0.5_K32_radius0.125_aligned,64,1.0,-0.5,0.9995278718398527,0.9995278718398527,0.0,0.0
delta0.5_K32_radius0.125_aligned,64,1.0,0.0,0.9995278718398527,0.9995278718398527,0.0,0.0
delta0.5_K32_radius0.125_aligned,64,1.0,0.5,0.9995278718398527,0.9995278718398527,0.0,0.0
delta0.5_K32_radius0.125_aligned,64,1.0,1.0,0.9995278718398527,0.9995278718398527,0.0,0.0
delta0.5_K32_radius0.125_aligned,128,-1.0,-1.0,-0.9995278718398525,-0.9995278718398524,1.1102230246251565e-16,0.0
delta0.5_K32_radius0.125_aligned,128,-1.0,-0.5,-0.9995278718398525,-0.9995278718398524,1.1102230246251565e-16,0.0
delta0.5_K32_radius0.125_aligned,128,-1.0,0.0,-0.9995278718398525,-0.9995278718398524,1.1102230246251565e-16,0.0
delta0.5_K32_radius0.125_aligned,128,-1.0,0.5,-0.9995278718398525,-0.9995278718398524,1.1102230246251565e-16,0.0
delta0.5_K32_radius0.125_aligned,128,-1.0,1.0,-0.9995278718398525,-0.9995278718398524,1.1102230246251565e-16,0.0
delta0.5_K32_radius0.125_aligned,128,-0.5,-1.0,-0.49979442205515007,-0.4997944220551499,1.6653345369377348e-16,0.0
delta0.5_K32_radius0.125_aligned,128,-0.5,-0.5,-0.49979442205515007,-0.4997944220551499,1.6653345369377348e-16,0.0
delta0.5_K32_radius0.125_aligned,128,-0.5,0.0,-0.49979442205515007,-0.4997944220551499,1.6653345369377348e-16,0.0
delta0.5_K32_radius0.125_aligned,128,-0.5,0.5,-0.49979442205515007,-0.4997944220551499,1.6653345369377348e-16,0.0
delta0.5_K32_radius0.125_aligned,128,-0.5,1.0,-0.49979442205515007,-0.4997944220551499,1.6653345369377348e-16,0.0
delta0.5_K32_radius0.125_aligned,128,0.0,-1.0,-2.4936649967166602e-18,0.0,2.4936649967166602e-18,0.0
delta0.5_K32_radius0.125_aligned,128,0.0,-0.5,-2.4936649967166602e-18,0.0,2.4936649967166602e-18,0.0
delta0.5_K32_radius0.125_aligned,128,0.0,0.0,-2.4936649967166602e-18,0.0,2.4936649967166602e-18,0.0
delta0.5_K32_radius0.125_aligned,128,0.0,0.5,-2.4936649967166602e-18,0.0,2.4936649967166602e-18,0.0
delta0.5_K32_radius0.125_aligned,128,0.0,1.0,-2.4936649967166602e-18,0.0,2.4936649967166602e-18,0.0
delta0.5_K32_radius0.125_aligned,128,0.5,-1.0,0.49979442205515,0.4997944220551499,1.1102230246251565e-16,0.0
delta0.5_K32_radius0.125_aligned,128,0.5,-0.5,0.49979442205515,0.4997944220551499,1.1102230246251565e-16,0.0
delta0.5_K32_radius0.125_aligned,128,0.5,0.0,0.49979442205515,0.4997944220551499,1.1102230246251565e-16,0.0
delta0.5_K32_radius0.125_aligned,128,0.5,0.5,0.49979442205515,0.4997944220551499,1.1102230246251565e-16,0.0
delta0.5_K32_radius0.125_aligned,128,0.5,1.0,0.49979442205515,0.4997944220551499,1.1102230246251565e-16,0.0
delta0.5_K32_radius0.125_aligned,128,1.0,-1.0,0.9995278718398525,0.9995278718398523,2.220446049250313e-16,0.0
delta0.5_K32_radius0.125_aligned,128,1.0,-0.5,0.9995278718398525,0.9995278718398523,2.220446049250313e-16,0.0
delta0.5_K32_radius0.125_aligned,128,1.0,0.0,0.9995278718398525,0.9995278718398523,2.220446049250313e-16,0.0
delta0.5_K32_radius0.125_aligned,128,1.0,0.5,0.9995278718398525,0.9995278718398523,2.220446049250313e-16,0.0
delta0.5_K32_radius0.125_aligned,128,1.0,1.0,0.9995278718398525,0.9995278718398523,2.220446049250313e-16,0.0
delta0.5_K32_radius0.125_transverse,64,-1.0,-1.0,-0.9995278495717601,-0.9995278495717601,0.0,2.3359092438113294e-13
delta0.5_K32_radius0.125_transverse,64,-1.0,-0.5,-0.9995962705129384,-0.9995962705129385,1.1102230246251565e-16,9.278688928304746e-13
delta0.5_K32_radius0.125_transverse,64,-1.0,0.0,-0.9996646914541168,-0.999664691454117,1.1102230246251565e-16,8.110541494331113e-13
delta0.5_K32_radius0.125_transverse,64,-1.0,0.5,-0.9997331123952953,-0.9997331123952954,1.1102230246251565e-16,6.942224572981104e-13
delta0.5_K32_radius0.125_transverse,64,-1.0,1.0,-0.9998015333364738,-0.9998015333364738,0.0,2.3359092438113294e-13
delta0.5_K32_radius0.125_transverse,64,-0.5,-1.0,-0.4997259774515074,-0.4997259774515074,0.0,3.7636560534792807e-14
delta0.5_K32_radius0.125_transverse,64,-0.5,-0.5,-0.49979441091838595,-0.499794410918386,5.551115123125783e-17,2.2160051571518125e-13
delta0.5_K32_radius0.125_transverse,64,-0.5,0.0,-0.4998628443852645,-0.49986284438526457,5.551115123125783e-17,4.0552707471655566e-13
delta0.5_K32_radius0.125_transverse,64,-0.5,0.5,-0.4999312778521431,-0.49993127785214314,5.551115123125783e-17,5.894729149247269e-13
delta0.5_K32_radius0.125_transverse,64,-0.5,1.0,-0.4999997113190217,-0.49999971131902177,5.551115123125783e-17,3.6781688805831436e-13
delta0.5_K32_radius0.125_transverse,64,0.0,-1.0,0.00013687528558264331,0.00013687528558265004,6.7220534694101275e-18,4.907185768843192e-14
delta0.5_K32_radius0.125_transverse,64,0.0,-0.5,6.843764279132765e-05,6.843764279132502e-05,2.6291902682773483e-18,1.9262369477246466e-14
delta0.5_K32_radius0.125_transverse,64,0.0,0.0,2.802037929076429e-18,0.0,2.802037929076429e-18,2.0469801461861205e-14
delta0.5_K32_radius0.125_transverse,64,0.0,0.5,-6.843764279132415e-05,-6.843764279132502e-05,8.673617379884035e-19,6.2727600891321345e-15
delta0.5_K32_radius0.125_transverse,64,0.0,1.0,-0.00013687528558263762,-0.00013687528558265004,1.2414114874959026e-17,9.059419880941277e-14
delta0.5_K32_radius0.125_transverse,64,0.5,-1.0,0.4999997113190217,0.49999971131902177,5.551115123125783e-17,3.6781688805831436e-13
delta0.5_K32_radius0.125_transverse,64,0.5,-0.5,0.4999312778521432,0.49993127785214314,5.551115123125783e-17,2.2160051571518125e-13
delta0.5_K32_radius0.125_transverse,64,0.5,0.0,0.4998628443852645,0.49986284438526457,5.551115123125783e-17,4.0552707471655566e-13
delta0.5_K32_radius0.125_transverse,64,0.5,0.5,0.49979441091838595,0.499794410918386,5.551115123125783e-17,2.2160051571518125e-13
delta0.5_K32_radius0.125_transverse,64,0.5,1.0,0.4997259774515074,0.4997259774515074,0.0,3.7636560534792807e-14
delta0.5_K32_radius0.125_transverse,64,1.0,-1.0,0.9998015333364737,0.9998015333364738,1.1102230246251565e-16,5.774269951075439e-13
delta0.5_K32_radius0.125_transverse,64,1.0,-0.5,0.9997331123952953,0.9997331123952954,1.1102230246251565e-16,6.942224572981104e-13
delta0.5_K32_radius0.125_transverse,64,1.0,0.0,0.999664691454117,0.999664691454117,0.0,0.0
delta0.5_K32_radius0.125_transverse,64,1.0,0.5,0.9995962705129384,0.9995962705129385,1.1102230246251565e-16,9.278688928304746e-13
delta0.5_K32_radius0.125_transverse,64,1.0,1.0,0.9995278495717601,0.9995278495717601,0.0,2.3359092438113294e-13
delta0.5_K32_radius0.125_transverse,128,-1.0,-1.0,-0.9995278495717597,-0.9995278495717598,1.1102230246251565e-16,1.0447198661722723e-12
delta0.5_K32_radius0.125_transverse,128,-1.0,-0.5,-0.9995962705129382,-0.9995962705129382,0.0,1.1679546219056647e-13
delta0.5_K32_radius0.125_transverse,128,-1.0,0.0,-0.9996646914541165,-0.9996646914541166,1.1102230246251565e-16,8.110541494331113e-13
delta0.5_K32_radius0.125_transverse,128,-1.0,0.5,-0.9997331123952949,-0.999733112395295,1.1102230246251565e-16,6.942224572981104e-13
delta0.5_K32_radius0.125_transverse,128,-1.0,1.0,-0.9998015333364733,-0.9998015333364735,2.220446049250313e-16,1.3884449145962208e-12
delta0.5_K32_radius0.125_transverse,128,-0.5,-1.0,-0.49972597745150715,-0.49972597745150715,0.0,3.785860513971784e-14
delta0.5_K32_radius0.125_transverse,128,-0.5,-0.5,-0.49979441091838583,-0.4997944109183858,5.551115123125783e-17,5.893618926222643e-13
delta0.5_K32_radius0.125_transverse,128,-0.5,0.0,-0.4998628443852644,-0.49986284438526435,5.551115123125783e-17,4.0552707471655566e-13
delta0.5_K32_radius0.125_transverse,128,-0.5,0.5,-0.499931277852143,-0.4999312778521429,5.551115123125783e-17,2.2171153801764376e-13
delta0.5_K32_radius0.125_transverse,128,-0.5,1.0,-0.4999997113190216,-0.49999971131902154,5.551115123125783e-17,4.434230760352875e-13
delta0.5_K32_radius0.125_transverse,128,0.0,-1.0,0.00013687528558263632,0.00013687528558264998,1.3660947373317356e-17,9.980904991380157e-14
delta0.5_K32_radius0.125_transverse,128,0.0,-0.5,6.843764279132664e-05,6.843764279132499e-05,1.6534083130403943e-18,1.2101430968414206e-14
delta0.5_K32_radius0.125_transverse,128,0.0,0.0,7.39393588504e-19,0.0,7.39393588504e-19,5.401511450574354e-15
delta0.5_K32_radius0.125_transverse,128,0.0,0.5,-6.843764279132313e-05,-6.843764279132499e-05,1.8566962203814263e-18,1.354472090042691e-14
delta0.5_K32_radius0.125_transverse,128,0.0,1.0,-0.0001368752855826347,-0.00013687528558264998,1.5287250632045613e-17,1.1168843627729075e-13
delta0.5_K32_radius0.125_transverse,128,0.5,-1.0,0.4999997113190216,0.49999971131902154,5.551115123125783e-17,4.434230760352875e-13
delta0.5_K32_radius0.125_transverse,128,0.5,-0.5,0.499931277852143,0.4999312778521429,5.551115123125783e-17,2.2171153801764376e-13
delta0.5_K32_radius0.125_transverse,128,0.5,0.0,0.4998628443852644,0.49986284438526435,5.551115123125783e-17,4.0552707471655566e-13
delta0.5_K32_radius0.125_transverse,128,0.5,0.5,0.4997944109183857,0.4997944109183858,5.551115123125783e-17,2.2171153801764376e-13
delta0.5_K32_radius0.125_transverse,128,0.5,1.0,0.49972597745150715,0.49972597745150715,0.0,3.785860513971784e-14
delta0.5_K32_radius0.125_transverse,128,1.0,-1.0,0.9998015333364734,0.9998015333364734,0.0,2.3381296898605797e-13
delta0.5_K32_radius0.125_transverse,128,1.0,-0.5,0.9997331123952949,0.9997331123952949,0.0,1.1690648449302898e-13
delta0.5_K32_radius0.125_transverse,128,1.0,0.0,0.9996646914541165,0.9996646914541165,0.0,0.0
delta0.5_K32_radius0.125_transverse,128,1.0,0.5,0.9995962705129382,0.9995962705129381,1.1102230246251565e-16,6.941114349956479e-13
delta0.5_K32_radius0.125_transverse,128,1.0,1.0,0.9995278495717598,0.9995278495717597,1.1102230246251565e-16,5.772049505026189e-13
delta0.5_K32_radius0.015625_aligned,64,-1.0,-1.0,-0.9996475890023337,-0.999647589002334,2.220446049250313e-16,0.0
delta0.5_K32_radius0.015625_aligned,64,-1.0,-0.5,-0.9996475890023337,-0.999647589002334,2.220446049250313e-16,0.0
delta0.5_K32_radius0.015625_aligned,64,-1.0,0.0,-0.9996475890023337,-0.999647589002334,2.220446049250313e-16,0.0
delta0.5_K32_radius0.015625_aligned,64,-1.0,0.5,-0.9996475890023337,-0.999647589002334,2.220446049250313e-16,0.0
delta0.5_K32_radius0.015625_aligned,64,-1.0,1.0,-0.9996475890023337,-0.999647589002334,2.220446049250313e-16,0.0
delta0.5_K32_radius0.015625_aligned,64,-0.5,-1.0,-0.4998542915940003,-0.49985429159400024,5.551115123125783e-17,0.0
delta0.5_K32_radius0.015625_aligned,64,-0.5,-0.5,-0.4998542915940003,-0.49985429159400024,5.551115123125783e-17,0.0
delta0.5_K32_radius0.015625_aligned,64,-0.5,0.0,-0.4998542915940003,-0.49985429159400024,5.551115123125783e-17,0.0
delta0.5_K32_radius0.015625_aligned,64,-0.5,0.5,-0.4998542915940003,-0.49985429159400024,5.551115123125783e-17,0.0
delta0.5_K32_radius0.015625_aligned,64,-0.5,1.0,-0.4998542915940003,-0.49985429159400024,5.551115123125783e-17,0.0
delta0.5_K32_radius0.015625_aligned,64,0.0,-1.0,8.673617379884035e-19,0.0,8.673617379884035e-19,0.0
delta0.5_K32_radius0.015625_aligned,64,0.0,-0.5,8.673617379884035e-19,0.0,8.673617379884035e-19,0.0
delta0.5_K32_radius0.015625_aligned,64,0.0,0.0,8.673617379884035e-19,0.0,8.673617379884035e-19,0.0
delta0.5_K32_radius0.015625_aligned,64,0.0,0.5,8.673617379884035e-19,0.0,8.673617379884035e-19,0.0
delta0.5_K32_radius0.015625_aligned,64,0.0,1.0,8.673617379884035e-19,0.0,8.673617379884035e-19,0.0
delta0.5_K32_radius0.015625_aligned,64,0.5,-1.0,0.49985429159400024,0.49985429159400024,0.0,0.0
delta0.5_K32_radius0.015625_aligned,64,0.5,-0.5,0.49985429159400024,0.49985429159400024,0.0,0.0
delta0.5_K32_radius0.015625_aligned,64,0.5,0.0,0.49985429159400024,0.49985429159400024,0.0,0.0
delta0.5_K32_radius0.015625_aligned,64,0.5,0.5,0.49985429159400024,0.49985429159400024,0.0,0.0
delta0.5_K32_radius0.015625_aligned,64,0.5,1.0,0.49985429159400024,0.49985429159400024,0.0,0.0
delta0.5_K32_radius0.015625_aligned,64,1.0,-1.0,0.9996475890023337,0.999647589002334,2.220446049250313e-16,0.0
delta0.5_K32_radius0.015625_aligned,64,1.0,-0.5,0.9996475890023337,0.999647589002334,2.220446049250313e-16,0.0
delta0.5_K32_radius0.015625_aligned,64,1.0,0.0,0.9996475890023337,0.999647589002334,2.220446049250313e-16,0.0
delta0.5_K32_radius0.015625_aligned,64,1.0,0.5,0.9996475890023337,0.999647589002334,2.220446049250313e-16,0.0
delta0.5_K32_radius0.015625_aligned,64,1.0,1.0,0.9996475890023337,0.999647589002334,2.220446049250313e-16,0.0
delta0.5_K32_radius0.015625_aligned,128,-1.0,-1.0,-0.9996475890023337,-0.9996475890023336,1.1102230246251565e-16,0.0
delta0.5_K32_radius0.015625_aligned,128,-1.0,-0.5,-0.9996475890023337,-0.9996475890023336,1.1102230246251565e-16,0.0
delta0.5_K32_radius0.015625_aligned,128,-1.0,0.0,-0.9996475890023337,-0.9996475890023336,1.1102230246251565e-16,0.0
delta0.5_K32_radius0.015625_aligned,128,-1.0,0.5,-0.9996475890023337,-0.9996475890023336,1.1102230246251565e-16,0.0
delta0.5_K32_radius0.015625_aligned,128,-1.0,1.0,-0.9996475890023337,-0.9996475890023336,1.1102230246251565e-16,0.0
delta0.5_K32_radius0.015625_aligned,128,-0.5,-1.0,-0.4998542915940002,-0.499854291594,1.6653345369377348e-16,0.0
delta0.5_K32_radius0.015625_aligned,128,-0.5,-0.5,-0.4998542915940002,-0.499854291594,1.6653345369377348e-16,0.0
delta0.5_K32_radius0.015625_aligned,128,-0.5,0.0,-0.4998542915940002,-0.499854291594,1.6653345369377348e-16,0.0
delta0.5_K32_radius0.015625_aligned,128,-0.5,0.5,-0.4998542915940002,-0.499854291594,1.6653345369377348e-16,0.0
delta0.5_K32_radius0.015625_aligned,128,-0.5,1.0,-0.4998542915940002,-0.499854291594,1.6653345369377348e-16,0.0
delta0.5_K32_radius0.015625_aligned,128,0.0,-1.0,-4.119968255444917e-18,0.0,4.119968255444917e-18,0.0
delta0.5_K32_radius0.015625_aligned,128,0.0,-0.5,-4.119968255444917e-18,0.0,4.119968255444917e-18,0.0
delta0.5_K32_radius0.015625_aligned,128,0.0,0.0,-4.119968255444917e-18,0.0,4.119968255444917e-18,0.0
delta0.5_K32_radius0.015625_aligned,128,0.0,0.5,-4.119968255444917e-18,0.0,4.119968255444917e-18,0.0
delta0.5_K32_radius0.015625_aligned,128,0.0,1.0,-4.119968255444917e-18,0.0,4.119968255444917e-18,0.0
delta0.5_K32_radius0.015625_aligned,128,0.5,-1.0,0.49985429159400013,0.499854291594,1.1102230246251565e-16,0.0
delta0.5_K32_radius0.015625_aligned,128,0.5,-0.5,0.49985429159400013,0.499854291594,1.1102230246251565e-16,0.0
delta0.5_K32_radius0.015625_aligned,128,0.5,0.0,0.49985429159400013,0.499854291594,1.1102230246251565e-16,0.0
delta0.5_K32_radius0.015625_aligned,128,0.5,0.5,0.49985429159400013,0.499854291594,1.1102230246251565e-16,0.0
delta0.5_K32_radius0.015625_aligned,128,0.5,1.0,0.49985429159400013,0.499854291594,1.1102230246251565e-16,0.0
delta0.5_K32_radius0.015625_aligned,128,1.0,-1.0,0.9996475890023335,0.9996475890023335,0.0,0.0
delta0.5_K32_radius0.015625_aligned,128,1.0,-0.5,0.9996475890023335,0.9996475890023335,0.0,0.0
delta0.5_K32_radius0.015625_aligned,128,1.0,0.0,0.9996475890023335,0.9996475890023335,0.0,0.0
delta0.5_K32_radius0.015625_aligned,128,1.0,0.5,0.9996475890023335,0.9996475890023335,0.0,0.0
delta0.5_K32_radius0.015625_aligned,128,1.0,1.0,0.9996475890023335,0.9996475890023335,0.0,0.0
delta0.5_K32_radius0.015625_transverse,64,-1.0,-1.0,-0.9996475862188223,-0.9996475862188223,0.0,1.855737785660949e-12
delta0.5_K32_radius0.015625_transverse,64,-1.0,-0.5,-0.9996561388364695,-0.9996561388364696,1.1102230246251565e-16,7.416289804496046e-12
delta0.5_K32_radius0.015625_transverse,64,-1.0,0.0,-0.9996646914541167,-0.999664691454117,2.220446049250313e-16,1.2976866390929781e-11
delta0.5_K32_radius0.015625_transverse,64,-1.0,0.5,-0.9996732440717642,-0.9996732440717643,1.1102230246251565e-16,5.5605520188350965e-12
delta0.5_K32_radius0.015625_transverse,64,-1.0,1.0,-0.9996817966894115,-0.9996817966894116,1.1102230246251565e-16,4.632738637155853e-12
delta0.5_K32_radius0.015625_transverse,64,-0.5,-1.0,-0.4998457360185449,-0.49984573601854493,5.551115123125783e-17,2.8763658121988556e-12
delta0.5_K32_radius0.015625_transverse,64,-0.5,-0.5,-0.4998542902019047,-0.49985429020190475,5.551115123125783e-17,3.0602742562280127e-12
delta0.5_K32_radius0.015625_transverse,64,-0.5,0.0,-0.4998628443852645,-0.49986284438526457,5.551115123125783e-17,3.2442165977324452e-12
delta0.5_K32_radius0.015625_transverse,64,-0.5,0.5,-0.4998713985686244,-0.4998713985686244,0.0,1.8390844402915718e-13
delta0.5_K32_radius0.015625_transverse,64,-0.5,1.0,-0.4998799527519842,-0.4998799527519842,0.0,3.6781688805831436e-13
delta0.5_K32_radius0.015625_transverse,64,0.0,-1.0,1.710941069784254e-05,1.7109410697831255e-05,1.1285866989216298e-17,6.59694521232268e-13
delta0.5_K32_radius0.015625_transverse,64,0.0,-0.5,8.554705348917946e-06,8.554705348915627e-06,2.3191762095822743e-18,1.3555823130673161e-13
delta0.5_K32_radius0.015625_transverse,64,0.0,0.0,2.0496940009022988e-18,0.0,2.0496940009022988e-18,1.197894684312636e-13
delta0.5_K32_radius0.015625_transverse,64,0.0,0.5,-8.554705348919574e-06,-8.554705348915627e-06,3.9471735342050396e-18,2.3070434451710753e-13
delta0.5_K32_radius0.015625_transverse,64,0.0,1.0,-1.710941069784444e-05,-1.7109410697831255e-05,1.3186608922854948e-17,7.707168236947837e-13
delta0.5_K32_radius0.015625_transverse,64,0.5,-1.0,0.49987995275198416,0.4998799527519842,5.551115123125783e-17,3.612110610617947e-12
delta0.5_K32_radius0.015625_transverse,64,0.5,-0.5,0.4998713985686244,0.4998713985686244,0.0,1.8390844402915718e-13
delta0.5_K32_radius0.015625_transverse,64,0.5,0.0,0.4998628443852645,0.49986284438526457,5.551115123125783e-17,3.2442165977324452e-12
delta0.5_K32_radius0.015625_transverse,64,0.5,0.5,0.49985429020190475,0.49985429020190475,0.0,1.8390844402915718e-13
delta0.5_K32_radius0.015625_transverse,64,0.5,1.0,0.4998457360185449,0.49984573601854493,5.551115123125783e-17,2.8763658121988556e-12
delta0.5_K32_radius0.015625_transverse,64,1.0,-1.0,0.9996817966894114,0.9996817966894116,2.220446049250313e-16,1.1121104037670193e-11
delta0.5_K32_radius0.015625_transverse,64,1.0,-0.5,0.9996732440717642,0.9996732440717643,1.1102230246251565e-16,5.5605520188350965e-12
delta0.5_K32_radius0.015625_transverse,64,1.0,0.0,0.9996646914541168,0.999664691454117,1.1102230246251565e-16,6.4884331954648905e-12
delta0.5_K32_radius0.015625_transverse,64,1.0,0.5,0.9996561388364695,0.9996561388364696,1.1102230246251565e-16,7.416289804496046e-12
delta0.5_K32_radius0.015625_transverse,64,1.0,1.0,0.9996475862188223,0.9996475862188223,0.0,1.855737785660949e-12
delta0.5_K32_radius0.015625_transverse,128,-1.0,-1.0,-0.999647586218822,-0.999647586218822,0.0,1.855737785660949e-12
delta0.5_K32_radius0.015625_transverse,128,-1.0,-0.5,-0.9996561388364693,-0.9996561388364693,0.0,9.278688928304746e-13
delta0.5_K32_radius0.015625_transverse,128,-1.0,0.0,-0.9996646914541165,-0.9996646914541166,1.1102230246251565e-16,6.4884331954648905e-12
delta0.5_K32_radius0.015625_transverse,128,-1.0,0.5,-0.9996732440717638,-0.999673244071764,1.1102230246251565e-16,5.5605520188350965e-12
delta0.5_K32_radius0.015625_transverse,128,-1.0,1.0,-0.9996817966894112,-0.9996817966894113,1.1102230246251565e-16,4.632738637155853e-12
delta0.5_K32_radius0.015625_transverse,128,-0.5,-1.0,-0.49984573601854476,-0.4998457360185447,5.551115123125783e-17,3.6118885660130218e-12
delta0.5_K32_radius0.015625_transverse,128,-0.5,-0.5,-0.4998542902019045,-0.4998542902019045,0.0,1.8379742172669467e-13
delta0.5_K32_radius0.015625_transverse,128,-0.5,0.0,-0.4998628443852644,-0.49986284438526435,5.551115123125783e-17,3.2442165977324452e-12
delta0.5_K32_radius0.015625_transverse,128,-0.5,0.5,-0.4998713985686243,-0.49987139856862417,1.1102230246251565e-16,6.3046234899388764e-12
delta0.5_K32_radius0.015625_transverse,128,-0.5,1.0,-0.499879952751984,-0.499879952751984,0.0,3.6759484345338933e-13
delta0.5_K32_radius0.015625_transverse,128,0.0,-1.0,1.710941069783643e-05,1.7109410697831248e-05,5.183841637196318e-18,3.029798634202052e-13
delta0.5_K32_radius0.015625_transverse,128,0.0,-0.5,8.554705348908661e-06,8.554705348915624e-06,6.962610826430349e-18,4.0689673852511987e-13
delta0.5_K32_radius0.015625_transverse,128,0.0,0.0,-7.633421215986352e-19,0.0,7.633421215986352e-19,4.461170639970669e-14
delta0.5_K32_radius0.015625_transverse,128,0.0,0.5,-8.554705348907448e-06,-8.554705348915624e-06,8.175562006898507e-18,4.777844786474361e-13
delta0.5_K32_radius0.015625_transverse,128,0.0,1.0,-1.710941069783595e-05,-1.7109410697831248e-05,4.7027269231558755e-18,2.7489122089718876e-13
delta0.5_K32_radius0.015625_transverse,128,0.5,-1.0,0.499879952751984,0.499879952751984,0.0,3.6759484345338933e-13
delta0.5_K32_radius0.015625_transverse,128,0.5,-0.5,0.49987139856862417,0.49987139856862417,0.0,1.8379742172669467e-13
delta0.5_K32_radius0.015625_transverse,128,0.5,0.0,0.4998628443852644,0.49986284438526435,5.551115123125783e-17,3.2442165977324452e-12
delta0.5_K32_radius0.015625_transverse,128,0.5,0.5,0.4998542902019045,0.4998542902019045,0.0,1.8379742172669467e-13
delta0.5_K32_radius0.015625_transverse,128,0.5,1.0,0.49984573601854476,0.4998457360185447,5.551115123125783e-17,3.6118885660130218e-12
delta0.5_K32_radius0.015625_transverse,128,1.0,-1.0,0.999681796689411,0.9996817966894112,1.1102230246251565e-16,4.632516592550928e-12
delta0.5_K32_radius0.015625_transverse,128,1.0,-0.5,0.9996732440717638,0.9996732440717638,0.0,9.27979915132937e-13
delta0.5_K32_radius0.015625_transverse,128,1.0,0.0,0.9996646914541166,0.9996646914541165,1.1102230246251565e-16,6.4884331954648905e-12
delta0.5_K32_radius0.015625_transverse,128,1.0,0.5,0.9996561388364692,0.9996561388364692,0.0,9.27979915132937e-13
delta0.5_K32_radius0.015625_transverse,128,1.0,1.0,0.9996475862188219,0.9996475862188219,0.0,1.855959830265874e-12
delta0.5_K128_radius0_common,64,-1.0,-1.0,-0.9999682489054257,-0.9999682489054256,1.1102230246251565e-16,0.0
delta0.5_K128_radius0_common,64,-1.0,-0.5,-0.9999682489054257,-0.9999682489054256,1.1102230246251565e-16,0.0
delta0.5_K128_radius0_common,64,-1.0,0.0,-0.9999682489054257,-0.9999682489054256,1.1102230246251565e-16,0.0
delta0.5_K128_radius0_common,64,-1.0,0.5,-0.9999682489054257,-0.9999682489054256,1.1102230246251565e-16,0.0
delta0.5_K128_radius0_common,64,-1.0,1.0,-0.9999682489054257,-0.9999682489054256,1.1102230246251565e-16,0.0
delta0.5_K128_radius0_common,64,-0.5,-1.0,-0.49998603170683253,-0.4999860317068325,5.551115123125783e-17,0.0
delta0.5_K128_radius0_common,64,-0.5,-0.5,-0.49998603170683253,-0.4999860317068325,5.551115123125783e-17,0.0
delta0.5_K128_radius0_common,64,-0.5,0.0,-0.49998603170683253,-0.4999860317068325,5.551115123125783e-17,0.0
delta0.5_K128_radius0_common,64,-0.5,0.5,-0.49998603170683253,-0.4999860317068325,5.551115123125783e-17,0.0
delta0.5_K128_radius0_common,64,-0.5,1.0,-0.49998603170683253,-0.4999860317068325,5.551115123125783e-17,0.0
delta0.5_K128_radius0_common,64,0.0,-1.0,-1.2576745200831851e-17,0.0,1.2576745200831851e-17,0.0
delta0.5_K128_radius0_common,64,0.0,-0.5,-1.2576745200831851e-17,0.0,1.2576745200831851e-17,0.0
delta0.5_K128_radius0_common,64,0.0,0.0,-1.2576745200831851e-17,0.0,1.2576745200831851e-17,0.0
delta0.5_K128_radius0_common,64,0.0,0.5,-1.2576745200831851e-17,0.0,1.2576745200831851e-17,0.0
delta0.5_K128_radius0_common,64,0.0,1.0,-1.2576745200831851e-17,0.0,1.2576745200831851e-17,0.0
delta0.5_K128_radius0_common,64,0.5,-1.0,0.4999860317068324,0.4999860317068325,5.551115123125783e-17,0.0
delta0.5_K128_radius0_common,64,0.5,-0.5,0.4999860317068324,0.4999860317068325,5.551115123125783e-17,0.0
delta0.5_K128_radius0_common,64,0.5,0.0,0.4999860317068324,0.4999860317068325,5.551115123125783e-17,0.0
delta0.5_K128_radius0_common,64,0.5,0.5,0.4999860317068324,0.4999860317068325,5.551115123125783e-17,0.0
delta0.5_K128_radius0_common,64,0.5,1.0,0.4999860317068324,0.4999860317068325,5.551115123125783e-17,0.0
delta0.5_K128_radius0_common,64,1.0,-1.0,0.9999682489054258,0.9999682489054257,1.1102230246251565e-16,0.0
delta0.5_K128_radius0_common,64,1.0,-0.5,0.9999682489054258,0.9999682489054257,1.1102230246251565e-16,0.0
delta0.5_K128_radius0_common,64,1.0,0.0,0.9999682489054258,0.9999682489054257,1.1102230246251565e-16,0.0
delta0.5_K128_radius0_common,64,1.0,0.5,0.9999682489054258,0.9999682489054257,1.1102230246251565e-16,0.0
delta0.5_K128_radius0_common,64,1.0,1.0,0.9999682489054258,0.9999682489054257,1.1102230246251565e-16,0.0
delta0.5_K128_radius0_common,128,-1.0,-1.0,-0.9999682489054256,-0.9999682489054253,2.220446049250313e-16,0.0
delta0.5_K128_radius0_common,128,-1.0,-0.5,-0.9999682489054256,-0.9999682489054253,2.220446049250313e-16,0.0
delta0.5_K128_radius0_common,128,-1.0,0.0,-0.9999682489054256,-0.9999682489054253,2.220446049250313e-16,0.0
delta0.5_K128_radius0_common,128,-1.0,0.5,-0.9999682489054256,-0.9999682489054253,2.220446049250313e-16,0.0
delta0.5_K128_radius0_common,128,-1.0,1.0,-0.9999682489054256,-0.9999682489054253,2.220446049250313e-16,0.0
delta0.5_K128_radius0_common,128,-0.5,-1.0,-0.49998603170683237,-0.49998603170683226,1.1102230246251565e-16,0.0
delta0.5_K128_radius0_common,128,-0.5,-0.5,-0.49998603170683237,-0.49998603170683226,1.1102230246251565e-16,0.0
delta0.5_K128_radius0_common,128,-0.5,0.0,-0.49998603170683237,-0.49998603170683226,1.1102230246251565e-16,0.0
delta0.5_K128_radius0_common,128,-0.5,0.5,-0.49998603170683237,-0.49998603170683226,1.1102230246251565e-16,0.0
delta0.5_K128_radius0_common,128,-0.5,1.0,-0.49998603170683237,-0.49998603170683226,1.1102230246251565e-16,0.0
delta0.5_K128_radius0_common,128,0.0,-1.0,-6.179952383167375e-18,0.0,6.179952383167375e-18,0.0
delta0.5_K128_radius0_common,128,0.0,-0.5,-6.179952383167375e-18,0.0,6.179952383167375e-18,0.0
delta0.5_K128_radius0_common,128,0.0,0.0,-6.179952383167375e-18,0.0,6.179952383167375e-18,0.0
delta0.5_K128_radius0_common,128,0.0,0.5,-6.179952383167375e-18,0.0,6.179952383167375e-18,0.0
delta0.5_K128_radius0_common,128,0.0,1.0,-6.179952383167375e-18,0.0,6.179952383167375e-18,0.0
delta0.5_K128_radius0_common,128,0.5,-1.0,0.4999860317068323,0.49998603170683226,5.551115123125783e-17,0.0
delta0.5_K128_radius0_common,128,0.5,-0.5,0.4999860317068323,0.49998603170683226,5.551115123125783e-17,0.0
delta0.5_K128_radius0_common,128,0.5,0.0,0.4999860317068323,0.49998603170683226,5.551115123125783e-17,0.0
delta0.5_K128_radius0_common,128,0.5,0.5,0.4999860317068323,0.49998603170683226,5.551115123125783e-17,0.0
delta0.5_K128_radius0_common,128,0.5,1.0,0.4999860317068323,0.49998603170683226,5.551115123125783e-17,0.0
delta0.5_K128_radius0_common,128,1.0,-1.0,0.9999682489054256,0.9999682489054253,2.220446049250313e-16,0.0
delta0.5_K128_radius0_common,128,1.0,-0.5,0.9999682489054256,0.9999682489054253,2.220446049250313e-16,0.0
delta0.5_K128_radius0_common,128,1.0,0.0,0.9999682489054256,0.9999682489054253,2.220446049250313e-16,0.0
delta0.5_K128_radius0_common,128,1.0,0.5,0.9999682489054256,0.9999682489054253,2.220446049250313e-16,0.0
delta0.5_K128_radius0_common,128,1.0,1.0,0.9999682489054256,0.9999682489054253,2.220446049250313e-16,0.0
delta0.5_K128_radius1_aligned,64,-1.0,-1.0,-0.9994175546536346,-0.9994175546536345,1.1102230246251565e-16,0.0
delta0.5_K128_radius1_aligned,64,-1.0,-0.5,-0.9994175546536346,-0.9994175546536345,1.1102230246251565e-16,0.0
delta0.5_K128_radius1_aligned,64,-1.0,0.0,-0.9994175546536346,-0.9994175546536345,1.1102230246251565e-16,0.0
delta0.5_K128_radius1_aligned,64,-1.0,0.5,-0.9994175546536346,-0.9994175546536345,1.1102230246251565e-16,0.0
delta0.5_K128_radius1_aligned,64,-1.0,1.0,-0.9994175546536346,-0.9994175546536345,1.1102230246251565e-16,0.0
delta0.5_K128_radius1_aligned,64,-0.5,-1.0,-0.49971068142988984,-0.4997106814298899,5.551115123125783e-17,0.0
delta0.5_K128_radius1_aligned,64,-0.5,-0.5,-0.49971068142988984,-0.4997106814298899,5.551115123125783e-17,0.0
delta0.5_K128_radius1_aligned,64,-0.5,0.0,-0.49971068142988984,-0.4997106814298899,5.551115123125783e-17,0.0
delta0.5_K128_radius1_aligned,64,-0.5,0.5,-0.49971068142988984,-0.4997106814298899,5.551115123125783e-17,0.0
delta0.5_K128_radius1_aligned,64,-0.5,1.0,-0.49971068142988984,-0.4997106814298899,5.551115123125783e-17,0.0
delta0.5_K128_radius1_aligned,64,0.0,-1.0,-5.204170427930421e-18,0.0,5.204170427930421e-18,0.0
delta0.5_K128_radius1_aligned,64,0.0,-0.5,-5.204170427930421e-18,0.0,5.204170427930421e-18,0.0
delta0.5_K128_radius1_aligned,64,0.0,0.0,-5.204170427930421e-18,0.0,5.204170427930421e-18,0.0
delta0.5_K128_radius1_aligned,64,0.0,0.5,-5.204170427930421e-18,0.0,5.204170427930421e-18,0.0
delta0.5_K128_radius1_aligned,64,0.0,1.0,-5.204170427930421e-18,0.0,5.204170427930421e-18,0.0
delta0.5_K128_radius1_aligned,64,0.5,-1.0,0.49971068142988984,0.4997106814298899,5.551115123125783e-17,0.0
delta0.5_K128_radius1_aligned,64,0.5,-0.5,0.49971068142988984,0.4997106814298899,5.551115123125783e-17,0.0
delta0.5_K128_radius1_aligned,64,0.5,0.0,0.49971068142988984,0.4997106814298899,5.551115123125783e-17,0.0
delta0.5_K128_radius1_aligned,64,0.5,0.5,0.49971068142988984,0.4997106814298899,5.551115123125783e-17,0.0
delta0.5_K128_radius1_aligned,64,0.5,1.0,0.49971068142988984,0.4997106814298899,5.551115123125783e-17,0.0
delta0.5_K128_radius1_aligned,64,1.0,-1.0,0.9994175546536346,0.9994175546536346,0.0,0.0
delta0.5_K128_radius1_aligned,64,1.0,-0.5,0.9994175546536346,0.9994175546536346,0.0,0.0
delta0.5_K128_radius1_aligned,64,1.0,0.0,0.9994175546536346,0.9994175546536346,0.0,0.0
delta0.5_K128_radius1_aligned,64,1.0,0.5,0.9994175546536346,0.9994175546536346,0.0,0.0
delta0.5_K128_radius1_aligned,64,1.0,1.0,0.9994175546536346,0.9994175546536346,0.0,0.0
delta0.5_K128_radius1_aligned,128,-1.0,-1.0,-0.9994175546536346,-0.9994175546536342,3.3306690738754696e-16,0.0
delta0.5_K128_radius1_aligned,128,-1.0,-0.5,-0.9994175546536346,-0.9994175546536342,3.3306690738754696e-16,0.0
delta0.5_K128_radius1_aligned,128,-1.0,0.0,-0.9994175546536346,-0.9994175546536342,3.3306690738754696e-16,0.0
delta0.5_K128_radius1_aligned,128,-1.0,0.5,-0.9994175546536346,-0.9994175546536342,3.3306690738754696e-16,0.0
delta0.5_K128_radius1_aligned,128,-1.0,1.0,-0.9994175546536346,-0.9994175546536342,3.3306690738754696e-16,0.0
delta0.5_K128_radius1_aligned,128,-0.5,-1.0,-0.4997106814298898,-0.49971068142988967,1.1102230246251565e-16,0.0
delta0.5_K128_radius1_aligned,128,-0.5,-0.5,-0.4997106814298898,-0.49971068142988967,1.1102230246251565e-16,0.0
delta0.5_K128_radius1_aligned,128,-0.5,0.0,-0.4997106814298898,-0.49971068142988967,1.1102230246251565e-16,0.0
delta0.5_K128_radius1_aligned,128,-0.5,0.5,-0.4997106814298898,-0.49971068142988967,1.1102230246251565e-16,0.0
delta0.5_K128_radius1_aligned,128,-0.5,1.0,-0.4997106814298898,-0.49971068142988967,1.1102230246251565e-16,0.0
delta0.5_K128_radius1_aligned,128,0.0,-1.0,2.6020852139652106e-18,0.0,2.6020852139652106e-18,0.0
delta0.5_K128_radius1_aligned,128,0.0,-0.5,2.6020852139652106e-18,0.0,2.6020852139652106e-18,0.0
delta0.5_K128_radius1_aligned,128,0.0,0.0,2.6020852139652106e-18,0.0,2.6020852139652106e-18,0.0
delta0.5_K128_radius1_aligned,128,0.0,0.5,2.6020852139652106e-18,0.0,2.6020852139652106e-18,0.0
delta0.5_K128_radius1_aligned,128,0.0,1.0,2.6020852139652106e-18,0.0,2.6020852139652106e-18,0.0
delta0.5_K128_radius1_aligned,128,0.5,-1.0,0.4997106814298897,0.49971068142988967,5.551115123125783e-17,0.0
delta0.5_K128_radius1_aligned,128,0.5,-0.5,0.4997106814298897,0.49971068142988967,5.551115123125783e-17,0.0
delta0.5_K128_radius1_aligned,128,0.5,0.0,0.4997106814298897,0.49971068142988967,5.551115123125783e-17,0.0
delta0.5_K128_radius1_aligned,128,0.5,0.5,0.4997106814298897,0.49971068142988967,5.551115123125783e-17,0.0
delta0.5_K128_radius1_aligned,128,0.5,1.0,0.4997106814298897,0.49971068142988967,5.551115123125783e-17,0.0
delta0.5_K128_radius1_aligned,128,1.0,-1.0,0.9994175546536345,0.9994175546536342,2.220446049250313e-16,0.0
delta0.5_K128_radius1_aligned,128,1.0,-0.5,0.9994175546536345,0.9994175546536342,2.220446049250313e-16,0.0
delta0.5_K128_radius1_aligned,128,1.0,0.0,0.9994175546536345,0.9994175546536342,2.220446049250313e-16,0.0
delta0.5_K128_radius1_aligned,128,1.0,0.5,0.9994175546536345,0.9994175546536342,2.220446049250313e-16,0.0
delta0.5_K128_radius1_aligned,128,1.0,1.0,0.9994175546536345,0.9994175546536342,2.220446049250313e-16,0.0
delta0.5_K128_radius1_transverse,64,-1.0,-1.0,-0.9994175490516942,-0.9994175490516942,0.0,9.325873406851315e-15
delta0.5_K128_radius1_transverse,64,-1.0,-0.5,-0.99969289897856,-0.99969289897856,0.0,9.60898027813073e-14
delta0.5_K128_radius1_transverse,64,-1.0,0.0,-0.9999682489054258,-0.9999682489054256,2.220446049250313e-16,4.0319619847690676e-13
delta0.5_K128_radius1_transverse,64,-1.0,0.5,-1.0002435988322915,-1.0002435988322913,2.220446049250313e-16,5.087041898832467e-13
delta0.5_K128_radius1_transverse,64,-1.0,1.0,-1.000518948759157,-1.0005189487591568,2.220446049250313e-16,2.1094237467877974e-13
delta0.5_K128_radius1_transverse,64,-0.5,-1.0,-0.49943532555092157,-0.49943532555092157,0.0,3.419486915845482e-14
delta0.5_K128_radius1_transverse,64,-0.5,-0.5,-0.49971067862887697,-0.499710678628877,5.551115123125783e-17,1.1790568521519162e-13
delta0.5_K128_radius1_transverse,64,-0.5,0.0,-0.4999860317068325,-0.4999860317068325,0.0,0.0
delta0.5_K128_radius1_transverse,64,-0.5,0.5,-0.5002613847847879,-0.5002613847847879,0.0,8.365530490550555e-14
delta0.5_K128_radius1_transverse,64,-0.5,1.0,-0.5005367378627433,-0.5005367378627433,0.0,6.661338147750939e-14
delta0.5_K128_radius1_transverse,64,0.0,-1.0,0.0005507082566587745,0.0005507082566587717,2.8189256484623115e-18,5.10702591327572e-15
delta0.5_K128_radius1_transverse,64,0.0,-0.5,0.0002753541283293794,0.00027535412832938586,6.451002926288751e-18,1.1712852909795402e-14
delta0.5_K128_radius1_transverse,64,0.0,0.0,-5.594652616614654e-19,0.0,5.594652616614654e-19,1.0158961833724858e-15
delta0.5_K128_radius1_transverse,64,0.0,0.5,-0.0002753541283293796,-0.00027535412832938586,6.288372600415926e-18,1.1435297153639112e-14
delta0.5_K128_radius1_transverse,64,0.0,1.0,-0.0005507082566587752,-0.0005507082566587717,3.469446951953614e-18,6.328271240363392e-15
delta0.5_K128_radius1_transverse,64,0.5,-1.0,0.5005367378627433,0.5005367378627433,0.0,6.661338147750939e-14
delta0.5_K128_radius1_transverse,64,0.5,-0.5,0.5002613847847879,0.5002613847847879,0.0,8.365530490550555e-14
delta0.5_K128_radius1_transverse,64,0.5,0.0,0.4999860317068324,0.4999860317068325,5.551115123125783e-17,1.0079904961922669e-13
delta0.5_K128_radius1_transverse,64,0.5,0.5,0.4997106786288769,0.499710678628877,1.1102230246251565e-16,2.1871393585115584e-13
delta0.5_K128_radius1_transverse,64,0.5,1.0,0.49943532555092157,0.49943532555092157,0.0,3.419486915845482e-14
delta0.5_K128_radius1_transverse,64,1.0,-1.0,1.000518948759157,1.000518948759157,0.0,9.43689570931383e-15
delta0.5_K128_radius1_transverse,64,1.0,-0.5,1.0002435988322913,1.0002435988322913,0.0,9.603429163007604e-14
delta0.5_K128_radius1_transverse,64,1.0,0.0,0.9999682489054258,0.9999682489054257,1.1102230246251565e-16,2.0159809923845338e-13
delta0.5_K128_radius1_transverse,64,1.0,0.5,0.99969289897856,0.9996928989785601,1.1102230246251565e-16,1.0552669849062113e-13
delta0.5_K128_radius1_transverse,64,1.0,1.0,0.9994175490516943,0.9994175490516943,0.0,9.43689570931383e-15
delta0.5_K128_radius1_transverse,128,-1.0,-1.0,-0.9994175490516941,-0.999417549051694,1.1102230246251565e-16,1.9195756095768957e-13
delta0.5_K128_radius1_transverse,128,-1.0,-0.5,-0.9996928989785596,-0.9996928989785597,1.1102230246251565e-16,1.0558220964185239e-13
delta0.5_K128_radius1_transverse,128,-1.0,0.0,-0.9999682489054256,-0.9999682489054253,2.220446049250313e-16,4.0319619847690676e-13
delta0.5_K128_radius1_transverse,128,-1.0,0.5,-1.000243598832291,-1.000243598832291,0.0,1.0558220964185239e-13
delta0.5_K128_radius1_transverse,128,-1.0,1.0,-1.0005189487591566,-1.0005189487591566,0.0,1.9195756095768957e-13
delta0.5_K128_radius1_transverse,128,-0.5,-1.0,-0.4994353255509214,-0.49943532555092135,5.551115123125783e-17,6.650235917504688e-14
delta0.5_K128_radius1_transverse,128,-0.5,-0.5,-0.4997106786288768,-0.4997106786288768,0.0,1.715294573045867e-14
delta0.5_K128_radius1_transverse,128,-0.5,0.0,-0.49998603170683226,-0.49998603170683226,0.0,0.0
delta0.5_K128_radius1_transverse,128,-0.5,0.5,-0.5002613847847877,-0.5002613847847877,0.0,8.359979375427429e-14
delta0.5_K128_radius1_transverse,128,-0.5,1.0,-0.5005367378627432,-0.5005367378627431,1.1102230246251565e-16,1.3511414209688155e-13
delta0.5_K128_radius1_transverse,128,0.0,-1.0,0.0005507082566587659,0.0005507082566587716,5.7462715141731735e-18,1.0436096431476471e-14
delta0.5_K128_radius1_transverse,128,0.0,-0.5,0.00027535412832938646,0.0002753541283293858,6.505213034913027e-19,1.2212453270876722e-15
delta0.5_K128_radius1_transverse,128,0.0,0.0,-3.783060900674519e-19,0.0,3.783060900674519e-19,6.869411550321522e-16
delta0.5_K128_radius1_transverse,128,0.0,0.5,-0.00027535412832938554,-0.0002753541283293858,2.710505431213761e-19,4.996003610813204e-16
delta0.5_K128_radius1_transverse,128,0.0,1.0,-0.0005507082566587665,-0.0005507082566587716,5.095750210681871e-18,9.2148511043888e-15
delta0.5_K128_radius1_transverse,128,0.5,-1.0,0.5005367378627432,0.5005367378627431,1.1102230246251565e-16,1.3511414209688155e-13
delta0.5_K128_radius1_transverse,128,0.5,-0.5,0.5002613847847877,0.5002613847847877,0.0,8.359979375427429e-14
delta0.5_K128_radius1_transverse,128,0.5,0.0,0.49998603170683226,0.49998603170683226,0.0,0.0
delta0.5_K128_radius1_transverse,128,0.5,0.5,0.4997106786288768,0.4997106786288768,0.0,1.715294573045867e-14
delta0.5_K128_radius1_transverse,128,0.5,1.0,0.4994353255509213,0.49943532555092135,5.551115123125783e-17,1.3511414209688155e-13
delta0.5_K128_radius1_transverse,128,1.0,-1.0,1.0005189487591566,1.0005189487591566,0.0,1.9195756095768957e-13
delta0.5_K128_radius1_transverse,128,1.0,-0.5,1.000243598832291,1.000243598832291,0.0,1.0558220964185239e-13
delta0.5_K128_radius1_transverse,128,1.0,0.0,0.9999682489054253,0.9999682489054253,0.0,0.0
delta0.5_K128_radius1_transverse,128,1.0,0.5,0.9996928989785598,0.9996928989785597,1.1102230246251565e-16,2.975952817507732e-13
delta0.5_K128_radius1_transverse,128,1.0,1.0,0.999417549051694,0.999417549051694,0.0,9.547918011776346e-15
delta0.5_K128_radius0.125_aligned,64,-1.0,-1.0,-0.9998994121239518,-0.9998994121239517,1.1102230246251565e-16,0.0
delta0.5_K128_radius0.125_aligned,64,-1.0,-0.5,-0.9998994121239518,-0.9998994121239517,1.1102230246251565e-16,0.0
delta0.5_K128_radius0.125_aligned,64,-1.0,0.0,-0.9998994121239518,-0.9998994121239517,1.1102230246251565e-16,0.0
delta0.5_K128_radius0.125_aligned,64,-1.0,0.5,-0.9998994121239518,-0.9998994121239517,1.1102230246251565e-16,0.0
delta0.5_K128_radius0.125_aligned,64,-1.0,1.0,-0.9998994121239518,-0.9998994121239517,1.1102230246251565e-16,0.0
delta0.5_K128_radius0.125_aligned,64,-0.5,-1.0,-0.4999516129222147,-0.4999516129222146,5.551115123125783e-17,0.0
delta0.5_K128_radius0.125_aligned,64,-0.5,-0.5,-0.4999516129222147,-0.4999516129222146,5.551115123125783e-17,0.0
delta0.5_K128_radius0.125_aligned,64,-0.5,0.0,-0.4999516129222147,-0.4999516129222146,5.551115123125783e-17,0.0
delta0.5_K128_radius0.125_aligned,64,-0.5,0.5,-0.4999516129222147,-0.4999516129222146,5.551115123125783e-17,0.0
delta0.5_K128_radius0.125_aligned,64,-0.5,1.0,-0.4999516129222147,-0.4999516129222146,5.551115123125783e-17,0.0
delta0.5_K128_radius0.125_aligned,64,0.0,-1.0,-8.673617379884035e-19,0.0,8.673617379884035e-19,0.0
delta0.5_K128_radius0.125_aligned,64,0.0,-0.5,-8.673617379884035e-19,0.0,8.673617379884035e-19,0.0
delta0.5_K128_radius0.125_aligned,64,0.0,0.0,-8.673617379884035e-19,0.0,8.673617379884035e-19,0.0
delta0.5_K128_radius0.125_aligned,64,0.0,0.5,-8.673617379884035e-19,0.0,8.673617379884035e-19,0.0
delta0.5_K128_radius0.125_aligned,64,0.0,1.0,-8.673617379884035e-19,0.0,8.673617379884035e-19,0.0
delta0.5_K128_radius0.125_aligned,64,0.5,-1.0,0.4999516129222146,0.4999516129222146,0.0,0.0
delta0.5_K128_radius0.125_aligned,64,0.5,-0.5,0.4999516129222146,0.4999516129222146,0.0,0.0
delta0.5_K128_radius0.125_aligned,64,0.5,0.0,0.4999516129222146,0.4999516129222146,0.0,0.0
delta0.5_K128_radius0.125_aligned,64,0.5,0.5,0.4999516129222146,0.4999516129222146,0.0,0.0
delta0.5_K128_radius0.125_aligned,64,0.5,1.0,0.4999516129222146,0.4999516129222146,0.0,0.0
delta0.5_K128_radius0.125_aligned,64,1.0,-1.0,0.9998994121239517,0.9998994121239518,1.1102230246251565e-16,0.0
delta0.5_K128_radius0.125_aligned,64,1.0,-0.5,0.9998994121239517,0.9998994121239518,1.1102230246251565e-16,0.0
delta0.5_K128_radius0.125_aligned,64,1.0,0.0,0.9998994121239517,0.9998994121239518,1.1102230246251565e-16,0.0
delta0.5_K128_radius0.125_aligned,64,1.0,0.5,0.9998994121239517,0.9998994121239518,1.1102230246251565e-16,0.0
delta0.5_K128_radius0.125_aligned,64,1.0,1.0,0.9998994121239517,0.9998994121239518,1.1102230246251565e-16,0.0
delta0.5_K128_radius0.125_aligned,128,-1.0,-1.0,-0.9998994121239517,-0.9998994121239515,2.220446049250313e-16,0.0
delta0.5_K128_radius0.125_aligned,128,-1.0,-0.5,-0.9998994121239517,-0.9998994121239515,2.220446049250313e-16,0.0
delta0.5_K128_radius0.125_aligned,128,-1.0,0.0,-0.9998994121239517,-0.9998994121239515,2.220446049250313e-16,0.0
delta0.5_K128_radius0.125_aligned,128,-1.0,0.5,-0.9998994121239517,-0.9998994121239515,2.220446049250313e-16,0.0
delta0.5_K128_radius0.125_aligned,128,-1.0,1.0,-0.9998994121239517,-0.9998994121239515,2.220446049250313e-16,0.0
delta0.5_K128_radius0.125_aligned,128,-0.5,-1.0,-0.49995161292221446,-0.4999516129222144,5.551115123125783e-17,0.0
delta0.5_K128_radius0.125_aligned,128,-0.5,-0.5,-0.49995161292221446,-0.4999516129222144,5.551115123125783e-17,0.0
delta0.5_K128_radius0.125_aligned,128,-0.5,0.0,-0.49995161292221446,-0.4999516129222144,5.551115123125783e-17,0.0
delta0.5_K128_radius0.125_aligned,128,-0.5,0.5,-0.49995161292221446,-0.4999516129222144,5.551115123125783e-17,0.0
delta0.5_K128_radius0.125_aligned,128,-0.5,1.0,-0.49995161292221446,-0.4999516129222144,5.551115123125783e-17,0.0
delta0.5_K128_radius0.125_aligned,128,0.0,-1.0,1.3877787807814457e-17,0.0,1.3877787807814457e-17,0.0
delta0.5_K128_radius0.125_aligned,128,0.0,-0.5,1.3877787807814457e-17,0.0,1.3877787807814457e-17,0.0
delta0.5_K128_radius0.125_aligned,128,0.0,0.0,1.3877787807814457e-17,0.0,1.3877787807814457e-17,0.0
delta0.5_K128_radius0.125_aligned,128,0.0,0.5,1.3877787807814457e-17,0.0,1.3877787807814457e-17,0.0
delta0.5_K128_radius0.125_aligned,128,0.0,1.0,1.3877787807814457e-17,0.0,1.3877787807814457e-17,0.0
delta0.5_K128_radius0.125_aligned,128,0.5,-1.0,0.49995161292221457,0.4999516129222144,1.6653345369377348e-16,0.0
delta0.5_K128_radius0.125_aligned,128,0.5,-0.5,0.49995161292221457,0.4999516129222144,1.6653345369377348e-16,0.0
delta0.5_K128_radius0.125_aligned,128,0.5,0.0,0.49995161292221457,0.4999516129222144,1.6653345369377348e-16,0.0
delta0.5_K128_radius0.125_aligned,128,0.5,0.5,0.49995161292221457,0.4999516129222144,1.6653345369377348e-16,0.0
delta0.5_K128_radius0.125_aligned,128,0.5,1.0,0.49995161292221457,0.4999516129222144,1.6653345369377348e-16,0.0
delta0.5_K128_radius0.125_aligned,128,1.0,-1.0,0.9998994121239517,0.9998994121239515,2.220446049250313e-16,0.0
delta0.5_K128_radius0.125_aligned,128,1.0,-0.5,0.9998994121239517,0.9998994121239515,2.220446049250313e-16,0.0
delta0.5_K128_radius0.125_aligned,128,1.0,0.0,0.9998994121239517,0.9998994121239515,2.220446049250313e-16,0.0
delta0.5_K128_radius0.125_aligned,128,1.0,0.5,0.9998994121239517,0.9998994121239515,2.220446049250313e-16,0.0
delta0.5_K128_radius0.125_aligned,128,1.0,1.0,0.9998994121239517,0.9998994121239515,2.220446049250313e-16,0.0
delta0.5_K128_radius0.125_transverse,64,-1.0,-1.0,-0.9998994114237093,-0.9998994114237092,1.1102230246251565e-16,2.2082335959794364e-12
delta0.5_K128_radius0.125_transverse,64,-1.0,-0.5,-0.9999338301645675,-0.9999338301645674,1.1102230246251565e-16,1.9104717807749694e-12
delta0.5_K128_radius0.125_transverse,64,-1.0,0.0,-0.9999682489054257,-0.9999682489054256,1.1102230246251565e-16,1.612784793907627e-12
delta0.5_K128_radius0.125_transverse,64,-1.0,0.5,-1.0000026676462839,-1.0000026676462839,0.0,1.315059172668498e-12
delta0.5_K128_radius0.125_transverse,64,-1.0,1.0,-1.0000370863871422,-1.000037086387142,2.220446049250313e-16,2.630118345336996e-12
delta0.5_K128_radius0.125_transverse,64,-0.5,-1.0,-0.4999171934373436,-0.49991719343734364,5.551115123125783e-17,4.374278717023117e-13
delta0.5_K128_radius0.125_transverse,64,-0.5,-0.5,-0.499951612572088,-0.49995161257208803,5.551115123125783e-17,1.0251244297876383e-12
delta0.5_K128_radius0.125_transverse,64,-0.5,0.0,-0.4999860317068325,-0.4999860317068325,0.0,0.0
delta0.5_K128_radius0.125_transverse,64,-0.5,0.5,-0.5000204508415769,-0.5000204508415769,0.0,5.876965580853266e-13
delta0.5_K128_radius0.125_transverse,64,-0.5,1.0,-0.5000548699763212,-0.5000548699763213,1.1102230246251565e-16,1.9817480989559044e-12
delta0.5_K128_radius0.125_transverse,64,0.0,-1.0,6.883853208235109e-05,6.883853208234647e-05,4.621411760219463e-18,6.716849298982197e-14
delta0.5_K128_radius0.125_transverse,64,0.0,-0.5,3.4419266041172365e-05,3.441926604117323e-05,8.673617379884035e-19,1.2601031329495527e-14
delta0.5_K128_radius0.125_transverse,64,0.0,0.0,2.160807518225322e-18,0.0,2.160807518225322e-18,3.13893463804868e-14
delta0.5_K128_radius0.125_transverse,64,0.0,0.5,-3.4419266041172874e-05,-3.441926604117323e-05,3.5914196963582334e-19,5.218048215738236e-15
delta0.5_K128_radius0.125_transverse,64,0.0,1.0,-6.88385320823553e-05,-6.883853208234647e-05,8.836247705756861e-18,1.283417816466681e-13
delta0.5_K128_radius0.125_transverse,64,0.5,-1.0,0.5000548699763214,0.5000548699763213,1.1102230246251565e-16,1.2437828544875629e-12
delta0.5_K128_radius0.125_transverse,64,0.5,-0.5,0.5000204508415769,0.5000204508415769,0.0,5.876965580853266e-13
delta0.5_K128_radius0.125_transverse,64,0.5,0.0,0.4999860317068325,0.4999860317068325,0.0,0.0
delta0.5_K128_radius0.125_transverse,64,0.5,0.5,0.499951612572088,0.49995161257208803,5.551115123125783e-17,1.0251244297876383e-12
delta0.5_K128_radius0.125_transverse,64,0.5,1.0,0.49991719343734353,0.49991719343734364,1.1102230246251565e-16,1.2437828544875629e-12
delta0.5_K128_radius0.125_transverse,64,1.0,-1.0,1.0000370863871422,1.0000370863871422,0.0,1.017519402068956e-12
delta0.5_K128_radius0.125_transverse,64,1.0,-0.5,1.0000026676462839,1.0000026676462839,0.0,2.9765079290200447e-13
delta0.5_K128_radius0.125_transverse,64,1.0,0.0,0.9999682489054257,0.9999682489054257,0.0,0.0
delta0.5_K128_radius0.125_transverse,64,1.0,0.5,0.9999338301645675,0.9999338301645675,0.0,2.9765079290200447e-13
delta0.5_K128_radius0.125_transverse,64,1.0,1.0,0.9998994114237092,0.9998994114237093,1.1102230246251565e-16,1.017519402068956e-12
delta0.5_K128_radius0.125_transverse,128,-1.0,-1.0,-0.999899411423709,-0.999899411423709,0.0,5.951905635015464e-13
delta0.5_K128_radius0.125_transverse,128,-1.0,-0.5,-0.9999338301645672,-0.9999338301645672,0.0,2.975952817507732e-13
delta0.5_K128_radius0.125_transverse,128,-1.0,0.0,-0.9999682489054253,-0.9999682489054253,0.0,0.0
delta0.5_K128_radius0.125_transverse,128,-1.0,0.5,-1.0000026676462834,-1.0000026676462836,2.220446049250313e-16,1.910360758472507e-12
delta0.5_K128_radius0.125_transverse,128,-1.0,1.0,-1.0000370863871417,-1.0000370863871417,0.0,5.951905635015464e-13
delta0.5_K128_radius0.125_transverse,128,-0.5,-1.0,-0.4999171934373434,-0.4999171934373434,0.0,3.68816088780477e-13
delta0.5_K128_radius0.125_transverse,128,-0.5,-0.5,-0.49995161257208787,-0.4999516125720878,5.551115123125783e-17,5.876410469340954e-13
delta0.5_K128_radius0.125_transverse,128,-0.5,0.0,-0.4999860317068322,-0.49998603170683226,5.551115123125783e-17,8.063923969538135e-13
delta0.5_K128_radius0.125_transverse,128,-0.5,0.5,-0.5000204508415766,-0.5000204508415766,0.0,5.876410469340954e-13
delta0.5_K128_radius0.125_transverse,128,-0.5,1.0,-0.5000548699763212,-0.5000548699763211,1.1102230246251565e-16,1.2438938767900254e-12
delta0.5_K128_radius0.125_transverse,128,0.0,-1.0,6.883853208234831e-05,6.883853208234645e-05,1.8566962203814263e-18,2.6978419498391304e-14
delta0.5_K128_radius0.125_transverse,128,0.0,-0.5,3.4419266041175665e-05,3.4419266041173226e-05,2.439454888092385e-18,3.547162563677375e-14
delta0.5_K128_radius0.125_transverse,128,0.0,0.0,-9.588015916224654e-19,0.0,9.588015916224654e-19,1.3928198146180873e-14
delta0.5_K128_radius0.125_transverse,128,0.0,0.5,-3.441926604117594e-05,-3.4419266041173226e-05,2.7172816947917955e-18,3.9468428525424315e-14
delta0.5_K128_radius0.125_transverse,128,0.0,1.0,-6.883853208234892e-05,-6.883853208234645e-05,2.4665599424045226e-18,3.5860203695392556e-14
delta0.5_K128_radius0.125_transverse,128,0.5,-1.0,0.5000548699763211,0.5000548699763211,0.0,3.68816088780477e-13
delta0.5_K128_radius0.125_transverse,128,0.5,-0.5,0.5000204508415766,0.5000204508415766,0.0,5.876410469340954e-13
delta0.5_K128_radius0.125_transverse,128,0.5,0.0,0.4999860317068323,0.49998603170683226,5.551115123125783e-17,8.063923969538135e-13
delta0.5_K128_radius0.125_transverse,128,0.5,0.5,0.49995161257208787,0.4999516125720878,5.551115123125783e-17,5.876410469340954e-13
delta0.5_K128_radius0.125_transverse,128,0.5,1.0,0.4999171934373434,0.4999171934373434,0.0,3.68816088780477e-13
delta0.5_K128_radius0.125_transverse,128,1.0,-1.0,1.0000370863871417,1.0000370863871417,0.0,5.951905635015464e-13
delta0.5_K128_radius0.125_transverse,128,1.0,-0.5,1.0000026676462836,1.0000026676462836,0.0,1.3151701949709604e-12
delta0.5_K128_radius0.125_transverse,128,1.0,0.0,0.9999682489054256,0.9999682489054253,2.220446049250313e-16,3.225569587815254e-12
delta0.5_K128_radius0.125_transverse,128,1.0,0.5,0.9999338301645672,0.9999338301645672,0.0,2.975952817507732e-13
delta0.5_K128_radius0.125_transverse,128,1.0,1.0,0.999899411423709,0.999899411423709,0.0,5.951905635015464e-13
delta0.5_K128_radius0.015625_aligned,64,-1.0,-1.0,-0.9999596443077415,-0.9999596443077413,2.220446049250313e-16,0.0
delta0.5_K128_radius0.015625_aligned,64,-1.0,-0.5,-0.9999596443077415,-0.9999596443077413,2.220446049250313e-16,0.0
delta0.5_K128_radius0.015625_aligned,64,-1.0,0.0,-0.9999596443077415,-0.9999596443077413,2.220446049250313e-16,0.0
delta0.5_K128_radius0.015625_aligned,64,-1.0,0.5,-0.9999596443077415,-0.9999596443077413,2.220446049250313e-16,0.0
delta0.5_K128_radius0.015625_aligned,64,-1.0,1.0,-0.9999596443077415,-0.9999596443077413,2.220446049250313e-16,0.0
delta0.5_K128_radius0.015625_aligned,64,-0.5,-1.0,-0.49998172935875523,-0.49998172935875523,0.0,0.0
delta0.5_K128_radius0.015625_aligned,64,-0.5,-0.5,-0.49998172935875523,-0.49998172935875523,0.0,0.0
delta0.5_K128_radius0.015625_aligned,64,-0.5,0.0,-0.49998172935875523,-0.49998172935875523,0.0,0.0
delta0.5_K128_radius0.015625_aligned,64,-0.5,0.5,-0.49998172935875523,-0.49998172935875523,0.0,0.0
delta0.5_K128_radius0.015625_aligned,64,-0.5,1.0,-0.49998172935875523,-0.49998172935875523,0.0,0.0
delta0.5_K128_radius0.015625_aligned,64,0.0,-1.0,1.0408340855860843e-17,0.0,1.0408340855860843e-17,0.0
delta0.5_K128_radius0.015625_aligned,64,0.0,-0.5,1.0408340855860843e-17,0.0,1.0408340855860843e-17,0.0
delta0.5_K128_radius0.015625_aligned,64,0.0,0.0,1.0408340855860843e-17,0.0,1.0408340855860843e-17,0.0
delta0.5_K128_radius0.015625_aligned,64,0.0,0.5,1.0408340855860843e-17,0.0,1.0408340855860843e-17,0.0
delta0.5_K128_radius0.015625_aligned,64,0.0,1.0,1.0408340855860843e-17,0.0,1.0408340855860843e-17,0.0
delta0.5_K128_radius0.015625_aligned,64,0.5,-1.0,0.49998172935875523,0.49998172935875523,0.0,0.0
delta0.5_K128_radius0.015625_aligned,64,0.5,-0.5,0.49998172935875523,0.49998172935875523,0.0,0.0
delta0.5_K128_radius0.015625_aligned,64,0.5,0.0,0.49998172935875523,0.49998172935875523,0.0,0.0
delta0.5_K128_radius0.015625_aligned,64,0.5,0.5,0.49998172935875523,0.49998172935875523,0.0,0.0
delta0.5_K128_radius0.015625_aligned,64,0.5,1.0,0.49998172935875523,0.49998172935875523,0.0,0.0
delta0.5_K128_radius0.015625_aligned,64,1.0,-1.0,0.9999596443077416,0.9999596443077414,2.220446049250313e-16,0.0
delta0.5_K128_radius0.015625_aligned,64,1.0,-0.5,0.9999596443077416,0.9999596443077414,2.220446049250313e-16,0.0
delta0.5_K128_radius0.015625_aligned,64,1.0,0.0,0.9999596443077416,0.9999596443077414,2.220446049250313e-16,0.0
delta0.5_K128_radius0.015625_aligned,64,1.0,0.5,0.9999596443077416,0.9999596443077414,2.220446049250313e-16,0.0
delta0.5_K128_radius0.015625_aligned,64,1.0,1.0,0.9999596443077416,0.9999596443077414,2.220446049250313e-16,0.0
delta0.5_K128_radius0.015625_aligned,128,-1.0,-1.0,-0.9999596443077413,-0.9999596443077411,2.220446049250313e-16,0.0
delta0.5_K128_radius0.015625_aligned,128,-1.0,-0.5,-0.9999596443077413,-0.9999596443077411,2.220446049250313e-16,0.0
delta0.5_K128_radius0.015625_aligned,128,-1.0,0.0,-0.9999596443077413,-0.9999596443077411,2.220446049250313e-16,0.0
delta0.5_K128_radius0.015625_aligned,128,-1.0,0.5,-0.9999596443077413,-0.9999596443077411,2.220446049250313e-16,0.0
delta0.5_K128_radius0.015625_aligned,128,-1.0,1.0,-0.9999596443077413,-0.9999596443077411,2.220446049250313e-16,0.0
delta0.5_K128_radius0.015625_aligned,128,-0.5,-1.0,-0.4999817293587551,-0.499981729358755,1.1102230246251565e-16,0.0
delta0.5_K128_radius0.015625_aligned,128,-0.5,-0.5,-0.4999817293587551,-0.499981729358755,1.1102230246251565e-16,0.0
delta0.5_K128_radius0.015625_aligned,128,-0.5,0.0,-0.4999817293587551,-0.499981729358755,1.1102230246251565e-16,0.0
delta0.5_K128_radius0.015625_aligned,128,-0.5,0.5,-0.4999817293587551,-0.499981729358755,1.1102230246251565e-16,0.0
delta0.5_K128_radius0.015625_aligned,128,-0.5,1.0,-0.4999817293587551,-0.499981729358755,1.1102230246251565e-16,0.0
delta0.5_K128_radius0.015625_aligned,128,0.0,-1.0,1.3986208025063007e-17,0.0,1.3986208025063007e-17,0.0
delta0.5_K128_radius0.015625_aligned,128,0.0,-0.5,1.3986208025063007e-17,0.0,1.3986208025063007e-17,0.0
delta0.5_K128_radius0.015625_aligned,128,0.0,0.0,1.3986208025063007e-17,0.0,1.3986208025063007e-17,0.0
delta0.5_K128_radius0.015625_aligned,128,0.0,0.5,1.3986208025063007e-17,0.0,1.3986208025063007e-17,0.0
delta0.5_K128_radius0.015625_aligned,128,0.0,1.0,1.3986208025063007e-17,0.0,1.3986208025063007e-17,0.0
delta0.5_K128_radius0.015625_aligned,128,0.5,-1.0,0.4999817293587551,0.499981729358755,1.1102230246251565e-16,0.0
delta0.5_K128_radius0.015625_aligned,128,0.5,-0.5,0.4999817293587551,0.499981729358755,1.1102230246251565e-16,0.0
delta0.5_K128_radius0.015625_aligned,128,0.5,0.0,0.4999817293587551,0.499981729358755,1.1102230246251565e-16,0.0
delta0.5_K128_radius0.015625_aligned,128,0.5,0.5,0.4999817293587551,0.499981729358755,1.1102230246251565e-16,0.0
delta0.5_K128_radius0.015625_aligned,128,0.5,1.0,0.4999817293587551,0.499981729358755,1.1102230246251565e-16,0.0
delta0.5_K128_radius0.015625_aligned,128,1.0,-1.0,0.9999596443077413,0.9999596443077411,2.220446049250313e-16,0.0
delta0.5_K128_radius0.015625_aligned,128,1.0,-0.5,0.9999596443077413,0.9999596443077411,2.220446049250313e-16,0.0
delta0.5_K128_radius0.015625_aligned,128,1.0,0.0,0.9999596443077413,0.9999596443077411,2.220446049250313e-16,0.0
delta0.5_K128_radius0.015625_aligned,128,1.0,0.5,0.9999596443077413,0.9999596443077411,2.220446049250313e-16,0.0
delta0.5_K128_radius0.015625_aligned,128,1.0,1.0,0.9999596443077413,0.9999596443077411,2.220446049250313e-16,0.0
delta0.5_K128_radius0.015625_transverse,64,-1.0,-1.0,-0.9999596442202112,-0.999959644220211,2.220446049250313e-16,2.317446234911813e-11
delta0.5_K128_radius0.015625_transverse,64,-1.0,-0.5,-0.9999639465628185,-0.9999639465628183,2.220446049250313e-16,2.4489466010635397e-11
delta0.5_K128_radius0.015625_transverse,64,-1.0,0.0,-0.9999682489054258,-0.9999682489054256,2.220446049250313e-16,2.5804556702522033e-11
delta0.5_K128_radius0.015625_transverse,64,-1.0,0.5,-0.9999725512480329,-0.9999725512480329,0.0,1.315059172668498e-12
delta0.5_K128_radius0.015625_transverse,64,-1.0,1.0,-0.9999768535906404,-0.9999768535906401,2.220446049250313e-16,2.8434699039792122e-11
delta0.5_K128_radius0.015625_transverse,64,-0.5,-1.0,-0.49997742692314634,-0.4999774269231464,5.551115123125783e-17,3.662958825145779e-12
delta0.5_K128_radius0.015625_transverse,64,-0.5,-0.5,-0.49998172931498935,-0.4999817293149894,5.551115123125783e-17,8.282652341762287e-12
delta0.5_K128_radius0.015625_transverse,64,-0.5,0.0,-0.4999860317068324,-0.4999860317068325,5.551115123125783e-17,6.451139175630508e-12
delta0.5_K128_radius0.015625_transverse,64,-0.5,0.5,-0.4999903340986755,-0.49999033409867555,5.551115123125783e-17,4.619638005465276e-12
delta0.5_K128_radius0.015625_transverse,64,-0.5,1.0,-0.4999946364905185,-0.49999463649051856,5.551115123125783e-17,9.239276010930553e-12
delta0.5_K128_radius0.015625_transverse,64,0.0,-1.0,8.604816510304242e-06,8.604816510293308e-06,1.0933501283158509e-17,1.2706502516834917e-12
delta0.5_K128_radius0.015625_transverse,64,0.0,-0.5,4.3024082551443925e-06,4.302408255146654e-06,2.261577969168982e-18,2.628453010800058e-13
delta0.5_K128_radius0.015625_transverse,64,0.0,0.0,1.7036247936672635e-18,0.0,1.7036247936672635e-18,1.9798401588208775e-13
delta0.5_K128_radius0.015625_transverse,64,0.0,0.5,-4.3024082551423766e-06,-4.302408255146654e-06,4.277516383634217e-18,4.971023592759138e-13
delta0.5_K128_radius0.015625_transverse,64,0.0,1.0,-8.604816510305827e-06,-8.604816510293308e-06,1.2519146960418559e-17,1.4549472737712676e-12
delta0.5_K128_radius0.015625_transverse,64,0.5,-1.0,0.49999463649051856,0.49999463649051856,0.0,2.7881030817411556e-12
delta0.5_K128_radius0.015625_transverse,64,0.5,-0.5,0.4999903340986755,0.49999033409867555,5.551115123125783e-17,4.619638005465276e-12
delta0.5_K128_radius0.015625_transverse,64,0.5,0.0,0.4999860317068325,0.4999860317068325,0.0,0.0
delta0.5_K128_radius0.015625_transverse,64,0.5,0.5,0.49998172931498935,0.4999817293149894,5.551115123125783e-17,8.282652341762287e-12
delta0.5_K128_radius0.015625_transverse,64,0.5,1.0,0.49997742692314634,0.4999774269231464,5.551115123125783e-17,3.662958825145779e-12
delta0.5_K128_radius0.015625_transverse,64,1.0,-1.0,0.9999768535906401,0.9999768535906403,1.1102230246251565e-16,1.0272005468436873e-11
delta0.5_K128_radius0.015625_transverse,64,1.0,-0.5,0.9999725512480329,0.999972551248033,1.1102230246251565e-16,1.1587175663407834e-11
delta0.5_K128_radius0.015625_transverse,64,1.0,0.0,0.9999682489054258,0.9999682489054257,1.1102230246251565e-16,1.2902278351261016e-11
delta0.5_K128_radius0.015625_transverse,64,1.0,0.5,0.9999639465628185,0.9999639465628184,1.1102230246251565e-16,1.1587175663407834e-11
delta0.5_K128_radius0.015625_transverse,64,1.0,1.0,0.999959644220211,0.9999596442202111,1.1102230246251565e-16,1.5532575226018253e-11
delta0.5_K128_radius0.015625_transverse,128,-1.0,-1.0,-0.9999596442202109,-0.9999596442202108,1.1102230246251565e-16,1.0271894446134411e-11
delta0.5_K128_radius0.015625_transverse,128,-1.0,-0.5,-0.9999639465628181,-0.9999639465628181,0.0,1.3151701949709604e-12
delta0.5_K128_radius0.015625_transverse,128,-1.0,0.0,-0.9999682489054255,-0.9999682489054253,1.1102230246251565e-16,1.2902278351261016e-11
delta0.5_K128_radius0.015625_transverse,128,-1.0,0.5,-0.9999725512480326,-0.9999725512480326,0.0,1.3151701949709604e-12
delta0.5_K128_radius0.015625_transverse,128,-1.0,1.0,-0.99997685359064,-0.9999768535906399,1.1102230246251565e-16,1.5532686248320715e-11
delta0.5_K128_radius0.015625_transverse,128,-0.5,-1.0,-0.4999774269231462,-0.4999774269231462,0.0,2.787992059438693e-12
delta0.5_K128_radius0.015625_transverse,128,-0.5,-0.5,-0.4999817293149893,-0.4999817293149892,1.1102230246251565e-16,1.1070699912352211e-11
delta0.5_K128_radius0.015625_transverse,128,-0.5,0.0,-0.49998603170683226,-0.49998603170683226,0.0,0.0
delta0.5_K128_radius0.015625_transverse,128,-0.5,0.5,-0.4999903340986753,-0.4999903340986753,0.0,1.8315349237241207e-12
delta0.5_K128_radius0.015625_transverse,128,-0.5,1.0,-0.49999463649051834,-0.49999463649051834,0.0,2.787992059438693e-12
delta0.5_K128_radius0.015625_transverse,128,0.0,-1.0,8.604816510284892e-06,8.604816510293306e-06,8.41442529802422e-18,9.778844400898379e-13
delta0.5_K128_radius0.015625_transverse,128,0.0,-0.5,4.302408255150688e-06,4.302408255146653e-06,4.0344179277722325e-18,4.688471832992036e-13
delta0.5_K128_radius0.015625_transverse,128,0.0,0.0,-3.6062617980892724e-18,0.0,3.6062617980892724e-18,4.1909591581544063e-13
delta0.5_K128_radius0.015625_transverse,128,0.0,0.5,-4.302408255149873e-06,-4.302408255146653e-06,3.2195722325135956e-18,3.74200670449909e-13
delta0.5_K128_radius0.015625_transverse,128,0.0,1.0,-8.604816510287626e-06,-8.604816510293306e-06,5.680202944287338e-18,6.600275881396556e-13
delta0.5_K128_radius0.015625_transverse,128,0.5,-1.0,0.49999463649051845,0.49999463649051834,1.1102230246251565e-16,1.0114242776637639e-11
delta0.5_K128_radius0.015625_transverse,128,0.5,-0.5,0.4999903340986753,0.4999903340986753,0.0,1.8315349237241207e-12
delta0.5_K128_radius0.015625_transverse,128,0.5,0.0,0.49998603170683226,0.49998603170683226,0.0,0.0
delta0.5_K128_radius0.015625_transverse,128,0.5,0.5,0.4999817293149892,0.4999817293149892,0.0,1.8315349237241207e-12
delta0.5_K128_radius0.015625_transverse,128,0.5,1.0,0.4999774269231462,0.4999774269231462,0.0,2.787992059438693e-12
delta0.5_K128_radius0.015625_transverse,128,1.0,-1.0,0.99997685359064,0.9999768535906399,1.1102230246251565e-16,1.5532686248320715e-11
delta0.5_K128_radius0.015625_transverse,128,1.0,-0.5,0.9999725512480326,0.9999725512480326,0.0,1.3151701949709604e-12
delta0.5_K128_radius0.015625_transverse,128,1.0,0.0,0.9999682489054253,0.9999682489054253,0.0,0.0
delta0.5_K128_radius0.015625_transverse,128,1.0,0.5,0.9999639465628181,0.9999639465628181,0.0,1.3151701949709604e-12
delta0.5_K128_radius0.015625_transverse,128,1.0,1.0,0.9999596442202108,0.9999596442202108,0.0,2.630340389941921e-12
delta0.5_K512_radius0_common,64,-1.0,-1.0,-0.9999966668248174,-0.9999966668248174,0.0,0.0
delta0.5_K512_radius0_common,64,-1.0,-0.5,-0.9999966668248174,-0.9999966668248174,0.0,0.0
delta0.5_K512_radius0_common,64,-1.0,0.0,-0.9999966668248174,-0.9999966668248174,0.0,0.0
delta0.5_K512_radius0_common,64,-1.0,0.5,-0.9999966668248174,-0.9999966668248174,0.0,0.0
delta0.5_K512_radius0_common,64,-1.0,1.0,-0.9999966668248174,-0.9999966668248174,0.0,0.0
delta0.5_K512_radius0_common,64,-0.5,-1.0,-0.49999845262116827,-0.49999845262116815,1.1102230246251565e-16,0.0
delta0.5_K512_radius0_common,64,-0.5,-0.5,-0.49999845262116827,-0.49999845262116815,1.1102230246251565e-16,0.0
delta0.5_K512_radius0_common,64,-0.5,0.0,-0.49999845262116827,-0.49999845262116815,1.1102230246251565e-16,0.0
delta0.5_K512_radius0_common,64,-0.5,0.5,-0.49999845262116827,-0.49999845262116815,1.1102230246251565e-16,0.0
delta0.5_K512_radius0_common,64,-0.5,1.0,-0.49999845262116827,-0.49999845262116815,1.1102230246251565e-16,0.0
delta0.5_K512_radius0_common,64,0.0,-1.0,7.37257477290143e-18,0.0,7.37257477290143e-18,0.0
delta0.5_K512_radius0_common,64,0.0,-0.5,7.37257477290143e-18,0.0,7.37257477290143e-18,0.0
delta0.5_K512_radius0_common,64,0.0,0.0,7.37257477290143e-18,0.0,7.37257477290143e-18,0.0
delta0.5_K512_radius0_common,64,0.0,0.5,7.37257477290143e-18,0.0,7.37257477290143e-18,0.0
delta0.5_K512_radius0_common,64,0.0,1.0,7.37257477290143e-18,0.0,7.37257477290143e-18,0.0
delta0.5_K512_radius0_common,64,0.5,-1.0,0.4999984526211682,0.49999845262116827,5.551115123125783e-17,0.0
delta0.5_K512_radius0_common,64,0.5,-0.5,0.4999984526211682,0.49999845262116827,5.551115123125783e-17,0.0
delta0.5_K512_radius0_common,64,0.5,0.0,0.4999984526211682,0.49999845262116827,5.551115123125783e-17,0.0
delta0.5_K512_radius0_common,64,0.5,0.5,0.4999984526211682,0.49999845262116827,5.551115123125783e-17,0.0
delta0.5_K512_radius0_common,64,0.5,1.0,0.4999984526211682,0.49999845262116827,5.551115123125783e-17,0.0
delta0.5_K512_radius0_common,64,1.0,-1.0,0.9999966668248175,0.9999966668248174,1.1102230246251565e-16,0.0
delta0.5_K512_radius0_common,64,1.0,-0.5,0.9999966668248175,0.9999966668248174,1.1102230246251565e-16,0.0
delta0.5_K512_radius0_common,64,1.0,0.0,0.9999966668248175,0.9999966668248174,1.1102230246251565e-16,0.0
delta0.5_K512_radius0_common,64,1.0,0.5,0.9999966668248175,0.9999966668248174,1.1102230246251565e-16,0.0
delta0.5_K512_radius0_common,64,1.0,1.0,0.9999966668248175,0.9999966668248174,1.1102230246251565e-16,0.0
delta0.5_K512_radius0_common,128,-1.0,-1.0,-0.9999966668248172,-0.999996666824817,2.220446049250313e-16,0.0
delta0.5_K512_radius0_common,128,-1.0,-0.5,-0.9999966668248172,-0.999996666824817,2.220446049250313e-16,0.0
delta0.5_K512_radius0_common,128,-1.0,0.0,-0.9999966668248172,-0.999996666824817,2.220446049250313e-16,0.0
delta0.5_K512_radius0_common,128,-1.0,0.5,-0.9999966668248172,-0.999996666824817,2.220446049250313e-16,0.0
delta0.5_K512_radius0_common,128,-1.0,1.0,-0.9999966668248172,-0.999996666824817,2.220446049250313e-16,0.0
delta0.5_K512_radius0_common,128,-0.5,-1.0,-0.49999845262116815,-0.49999845262116804,1.1102230246251565e-16,0.0
delta0.5_K512_radius0_common,128,-0.5,-0.5,-0.49999845262116815,-0.49999845262116804,1.1102230246251565e-16,0.0
delta0.5_K512_radius0_common,128,-0.5,0.0,-0.49999845262116815,-0.49999845262116804,1.1102230246251565e-16,0.0
delta0.5_K512_radius0_common,128,-0.5,0.5,-0.49999845262116815,-0.49999845262116804,1.1102230246251565e-16,0.0
delta0.5_K512_radius0_common,128,-0.5,1.0,-0.49999845262116815,-0.49999845262116804,1.1102230246251565e-16,0.0
delta0.5_K512_radius0_common,128,0.0,-1.0,5.421010862427522e-19,0.0,5.421010862427522e-19,0.0
delta0.5_K512_radius0_common,128,0.0,-0.5,5.421010862427522e-19,0.0,5.421010862427522e-19,0.0
delta0.5_K512_radius0_common,128,0.0,0.0,5.421010862427522e-19,0.0,5.421010862427522e-19,0.0
delta0.5_K512_radius0_common,128,0.0,0.5,5.421010862427522e-19,0.0,5.421010862427522e-19,0.0
delta0.5_K512_radius0_common,128,0.0,1.0,5.421010862427522e-19,0.0,5.421010862427522e-19,0.0
delta0.5_K512_radius0_common,128,0.5,-1.0,0.49999845262116815,0.49999845262116804,1.1102230246251565e-16,0.0
delta0.5_K512_radius0_common,128,0.5,-0.5,0.49999845262116815,0.49999845262116804,1.1102230246251565e-16,0.0
delta0.5_K512_radius0_common,128,0.5,0.0,0.49999845262116815,0.49999845262116804,1.1102230246251565e-16,0.0
delta0.5_K512_radius0_common,128,0.5,0.5,0.49999845262116815,0.49999845262116804,1.1102230246251565e-16,0.0
delta0.5_K512_radius0_common,128,0.5,1.0,0.49999845262116815,0.49999845262116804,1.1102230246251565e-16,0.0
delta0.5_K512_radius0_common,128,1.0,-1.0,0.9999966668248172,0.999996666824817,2.220446049250313e-16,0.0
delta0.5_K512_radius0_common,128,1.0,-0.5,0.9999966668248172,0.999996666824817,2.220446049250313e-16,0.0
delta0.5_K512_radius0_common,128,1.0,0.0,0.9999966668248172,0.999996666824817,2.220446049250313e-16,0.0
delta0.5_K512_radius0_common,128,1.0,0.5,0.9999966668248172,0.999996666824817,2.220446049250313e-16,0.0
delta0.5_K512_radius0_common,128,1.0,1.0,0.9999966668248172,0.999996666824817,2.220446049250313e-16,0.0
delta0.5_K512_radius1_aligned,64,-1.0,-1.0,-0.9997207565270148,-0.9997207565270146,1.1102230246251565e-16,0.0
delta0.5_K512_radius1_aligned,64,-1.0,-0.5,-0.9997207565270148,-0.9997207565270146,1.1102230246251565e-16,0.0
delta0.5_K512_radius1_aligned,64,-1.0,0.0,-0.9997207565270148,-0.9997207565270146,1.1102230246251565e-16,0.0
delta0.5_K512_radius1_aligned,64,-1.0,0.5,-0.9997207565270148,-0.9997207565270146,1.1102230246251565e-16,0.0
delta0.5_K512_radius1_aligned,64,-1.0,1.0,-0.9997207565270148,-0.9997207565270146,1.1102230246251565e-16,0.0
delta0.5_K512_radius1_aligned,64,-0.5,-1.0,-0.49986049737359384,-0.49986049737359367,1.6653345369377348e-16,0.0
delta0.5_K512_radius1_aligned,64,-0.5,-0.5,-0.49986049737359384,-0.49986049737359367,1.6653345369377348e-16,0.0
delta0.5_K512_radius1_aligned,64,-0.5,0.0,-0.49986049737359384,-0.49986049737359367,1.6653345369377348e-16,0.0
delta0.5_K512_radius1_aligned,64,-0.5,0.5,-0.49986049737359384,-0.49986049737359367,1.6653345369377348e-16,0.0
delta0.5_K512_radius1_aligned,64,-0.5,1.0,-0.49986049737359384,-0.49986049737359367,1.6653345369377348e-16,0.0
delta0.5_K512_radius1_aligned,64,0.0,-1.0,-4.7704895589362195e-18,0.0,4.7704895589362195e-18,0.0
delta0.5_K512_radius1_aligned,64,0.0,-0.5,-4.7704895589362195e-18,0.0,4.7704895589362195e-18,0.0
delta0.5_K512_radius1_aligned,64,0.0,0.0,-4.7704895589362195e-18,0.0,4.7704895589362195e-18,0.0
delta0.5_K512_radius1_aligned,64,0.0,0.5,-4.7704895589362195e-18,0.0,4.7704895589362195e-18,0.0
delta0.5_K512_radius1_aligned,64,0.0,1.0,-4.7704895589362195e-18,0.0,4.7704895589362195e-18,0.0
delta0.5_K512_radius1_aligned,64,0.5,-1.0,0.49986049737359384,0.4998604973735938,5.551115123125783e-17,0.0
delta0.5_K512_radius1_aligned,64,0.5,-0.5,0.49986049737359384,0.4998604973735938,5.551115123125783e-17,0.0
delta0.5_K512_radius1_aligned,64,0.5,0.0,0.49986049737359384,0.4998604973735938,5.551115123125783e-17,0.0
delta0.5_K512_radius1_aligned,64,0.5,0.5,0.49986049737359384,0.4998604973735938,5.551115123125783e-17,0.0
delta0.5_K512_radius1_aligned,64,0.5,1.0,0.49986049737359384,0.4998604973735938,5.551115123125783e-17,0.0
delta0.5_K512_radius1_aligned,64,1.0,-1.0,0.9997207565270146,0.9997207565270146,0.0,0.0
delta0.5_K512_radius1_aligned,64,1.0,-0.5,0.9997207565270146,0.9997207565270146,0.0,0.0
delta0.5_K512_radius1_aligned,64,1.0,0.0,0.9997207565270146,0.9997207565270146,0.0,0.0
delta0.5_K512_radius1_aligned,64,1.0,0.5,0.9997207565270146,0.9997207565270146,0.0,0.0
delta0.5_K512_radius1_aligned,64,1.0,1.0,0.9997207565270146,0.9997207565270146,0.0,0.0
delta0.5_K512_radius1_aligned,128,-1.0,-1.0,-0.9997207565270145,-0.9997207565270143,2.220446049250313e-16,0.0
delta0.5_K512_radius1_aligned,128,-1.0,-0.5,-0.9997207565270145,-0.9997207565270143,2.220446049250313e-16,0.0
delta0.5_K512_radius1_aligned,128,-1.0,0.0,-0.9997207565270145,-0.9997207565270143,2.220446049250313e-16,0.0
delta0.5_K512_radius1_aligned,128,-1.0,0.5,-0.9997207565270145,-0.9997207565270143,2.220446049250313e-16,0.0
delta0.5_K512_radius1_aligned,128,-1.0,1.0,-0.9997207565270145,-0.9997207565270143,2.220446049250313e-16,0.0
delta0.5_K512_radius1_aligned,128,-0.5,-1.0,-0.4998604973735937,-0.49986049737359356,1.6653345369377348e-16,0.0
delta0.5_K512_radius1_aligned,128,-0.5,-0.5,-0.4998604973735937,-0.49986049737359356,1.6653345369377348e-16,0.0
delta0.5_K512_radius1_aligned,128,-0.5,0.0,-0.4998604973735937,-0.49986049737359356,1.6653345369377348e-16,0.0
delta0.5_K512_radius1_aligned,128,-0.5,0.5,-0.4998604973735937,-0.49986049737359356,1.6653345369377348e-16,0.0
delta0.5_K512_radius1_aligned,128,-0.5,1.0,-0.4998604973735937,-0.49986049737359356,1.6653345369377348e-16,0.0
delta0.5_K512_radius1_aligned,128,0.0,-1.0,5.421010862427522e-19,0.0,5.421010862427522e-19,0.0
delta0.5_K512_radius1_aligned,128,0.0,-0.5,5.421010862427522e-19,0.0,5.421010862427522e-19,0.0
delta0.5_K512_radius1_aligned,128,0.0,0.0,5.421010862427522e-19,0.0,5.421010862427522e-19,0.0
delta0.5_K512_radius1_aligned,128,0.0,0.5,5.421010862427522e-19,0.0,5.421010862427522e-19,0.0
delta0.5_K512_radius1_aligned,128,0.0,1.0,5.421010862427522e-19,0.0,5.421010862427522e-19,0.0
delta0.5_K512_radius1_aligned,128,0.5,-1.0,0.4998604973735937,0.49986049737359356,1.6653345369377348e-16,0.0
delta0.5_K512_radius1_aligned,128,0.5,-0.5,0.4998604973735937,0.49986049737359356,1.6653345369377348e-16,0.0
delta0.5_K512_radius1_aligned,128,0.5,0.0,0.4998604973735937,0.49986049737359356,1.6653345369377348e-16,0.0
delta0.5_K512_radius1_aligned,128,0.5,0.5,0.4998604973735937,0.49986049737359356,1.6653345369377348e-16,0.0
delta0.5_K512_radius1_aligned,128,0.5,1.0,0.4998604973735937,0.49986049737359356,1.6653345369377348e-16,0.0
delta0.5_K512_radius1_aligned,128,1.0,-1.0,0.9997207565270145,0.9997207565270143,2.220446049250313e-16,0.0
delta0.5_K512_radius1_aligned,128,1.0,-0.5,0.9997207565270145,0.9997207565270143,2.220446049250313e-16,0.0
delta0.5_K512_radius1_aligned,128,1.0,0.0,0.9997207565270145,0.9997207565270143,2.220446049250313e-16,0.0
delta0.5_K512_radius1_aligned,128,1.0,0.5,0.9997207565270145,0.9997207565270143,2.220446049250313e-16,0.0
delta0.5_K512_radius1_aligned,128,1.0,1.0,0.9997207565270145,0.9997207565270143,2.220446049250313e-16,0.0
delta0.5_K512_radius1_transverse,64,-1.0,-1.0,-0.9997207563515956,-0.9997207563515956,0.0,3.8191672047105385e-14
delta0.5_K512_radius1_transverse,64,-1.0,-0.5,-0.9998587115882065,-0.9998587115882065,0.0,1.9095836023552692e-14
delta0.5_K512_radius1_transverse,64,-1.0,0.0,-0.9999966668248172,-0.9999966668248174,1.1102230246251565e-16,4.023847300691507e-13
delta0.5_K512_radius1_transverse,64,-1.0,0.5,-1.0001346220614282,-1.0001346220614282,0.0,1.9095836023552692e-14
delta0.5_K512_radius1_transverse,64,-1.0,1.0,-1.0002725772980392,-1.000272577298039,2.220446049250313e-16,4.4064751847372463e-13
delta0.5_K512_radius1_transverse,64,-0.5,-1.0,-0.4997225419506001,-0.49972254195060006,5.551115123125783e-17,2.7411406477995115e-13
delta0.5_K512_radius1_transverse,64,-0.5,-0.5,-0.49986049728588416,-0.4998604972858841,5.551115123125783e-17,2.37698749572246e-13
delta0.5_K512_radius1_transverse,64,-0.5,0.0,-0.4999984526211682,-0.49999845262116815,5.551115123125783e-17,2.0119236503457535e-13
delta0.5_K512_radius1_transverse,64,-0.5,0.5,-0.5001364079564523,-0.5001364079564522,1.1102230246251565e-16,3.659295089164516e-13
delta0.5_K512_radius1_transverse,64,-0.5,1.0,-0.5002743632917364,-0.5002743632917362,1.1102230246251565e-16,3.2940317140628395e-13
delta0.5_K512_radius1_transverse,64,0.0,-1.0,0.0002759107363502805,0.00027591073635028395,3.469446951953614e-18,1.2656542480726785e-14
delta0.5_K512_radius1_transverse,64,0.0,-0.5,0.00013795536817514588,0.00013795536817514197,3.903127820947816e-18,1.4099832412739488e-14
delta0.5_K512_radius1_transverse,64,0.0,0.0,-1.1346006328471353e-18,0.0,1.1346006328471353e-18,4.112200515194911e-15
delta0.5_K512_radius1_transverse,64,0.0,0.5,-0.00013795536817514994,-0.00013795536817514197,7.968885967768458e-18,2.881028748902281e-14
delta0.5_K512_radius1_transverse,64,0.0,1.0,-0.00027591073635028167,-0.00027591073635028395,2.2768245622195593e-18,8.326672684688674e-15
delta0.5_K512_radius1_transverse,64,0.5,-1.0,0.5002743632917364,0.5002743632917364,0.0,7.294165271787278e-14
delta0.5_K512_radius1_transverse,64,0.5,-0.5,0.5001364079564523,0.5001364079564523,0.0,3.647082635893639e-14
delta0.5_K512_radius1_transverse,64,0.5,0.0,0.4999984526211682,0.49999845262116827,5.551115123125783e-17,2.0119236503457535e-13
delta0.5_K512_radius1_transverse,64,0.5,0.5,0.4998604972858841,0.4998604972858842,1.1102230246251565e-16,3.659295089164516e-13
delta0.5_K512_radius1_transverse,64,0.5,1.0,0.4997225419506002,0.4997225419506002,0.0,7.294165271787278e-14
delta0.5_K512_radius1_transverse,64,1.0,-1.0,1.000272577298039,1.000272577298039,0.0,3.6415315207705135e-13
delta0.5_K512_radius1_transverse,64,1.0,-0.5,1.0001346220614282,1.0001346220614282,0.0,1.9095836023552692e-14
delta0.5_K512_radius1_transverse,64,1.0,0.0,0.9999966668248174,0.9999966668248174,0.0,0.0
delta0.5_K512_radius1_transverse,64,1.0,0.5,0.9998587115882065,0.9998587115882065,0.0,1.9095836023552692e-14
delta0.5_K512_radius1_transverse,64,1.0,1.0,0.9997207563515956,0.9997207563515956,0.0,3.8191672047105385e-14
delta0.5_K512_radius1_transverse,128,-1.0,-1.0,-0.9997207563515953,-0.9997207563515953,0.0,3.83026943495679e-14
delta0.5_K512_radius1_transverse,128,-1.0,-0.5,-0.999858711588206,-0.9998587115882062,1.1102230246251565e-16,4.2155168245017194e-13
delta0.5_K512_radius1_transverse,128,-1.0,0.0,-0.9999966668248169,-0.999996666824817,1.1102230246251565e-16,4.023847300691507e-13
delta0.5_K512_radius1_transverse,128,-1.0,0.5,-1.000134622061428,-1.0001346220614278,2.220446049250313e-16,4.2155168245017194e-13
delta0.5_K512_radius1_transverse,128,-1.0,1.0,-1.0002725772980388,-1.0002725772980388,0.0,3.83026943495679e-14
delta0.5_K512_radius1_transverse,128,-0.5,-1.0,-0.49972254195059995,-0.49972254195059995,0.0,7.271960811294775e-14
delta0.5_K512_radius1_transverse,128,-0.5,-0.5,-0.499860497285884,-0.499860497285884,0.0,3.6359804056473877e-14
delta0.5_K512_radius1_transverse,128,-0.5,0.0,-0.4999984526211681,-0.49999845262116804,5.551115123125783e-17,2.0119236503457535e-13
delta0.5_K512_radius1_transverse,128,-0.5,0.5,-0.5001364079564521,-0.5001364079564521,0.0,3.6359804056473877e-14
delta0.5_K512_radius1_transverse,128,-0.5,1.0,-0.5002743632917361,-0.5002743632917361,0.0,7.271960811294775e-14
delta0.5_K512_radius1_transverse,128,0.0,-1.0,0.00027591073635027576,0.00027591073635028395,8.185726402265558e-18,2.9753977059954195e-14
delta0.5_K512_radius1_transverse,128,0.0,-0.5,0.00013795536817513704,0.00013795536817514197,4.933119884809045e-18,1.7930101847696278e-14
delta0.5_K512_radius1_transverse,128,0.0,0.0,1.292519337950859e-19,0.0,1.292519337950859e-19,4.684554664916189e-16
delta0.5_K512_radius1_transverse,128,0.0,0.5,-0.00013795536817513422,-0.00013795536817514197,7.752045533271357e-18,2.8144153674247718e-14
delta0.5_K512_radius1_transverse,128,0.0,1.0,-0.0002759107363502745,-0.00027591073635028395,9.432558900623889e-18,3.430589146091734e-14
delta0.5_K512_radius1_transverse,128,0.5,-1.0,0.5002743632917361,0.5002743632917361,0.0,7.271960811294775e-14
delta0.5_K512_radius1_transverse,128,0.5,-0.5,0.5001364079564521,0.5001364079564521,0.0,3.6359804056473877e-14
delta0.5_K512_radius1_transverse,128,0.5,0.0,0.49999845262116804,0.49999845262116804,0.0,0.0
delta0.5_K512_radius1_transverse,128,0.5,0.5,0.499860497285884,0.499860497285884,0.0,3.6359804056473877e-14
delta0.5_K512_radius1_transverse,128,0.5,1.0,0.49972254195059995,0.49972254195059995,0.0,7.271960811294775e-14
delta0.5_K512_radius1_transverse,128,1.0,-1.0,1.0002725772980385,1.0002725772980388,2.220446049250313e-16,7.664979762012081e-13
delta0.5_K512_radius1_transverse,128,1.0,-0.5,1.0001346220614278,1.0001346220614278,0.0,3.8324898810060404e-13
delta0.5_K512_radius1_transverse,128,1.0,0.0,0.999996666824817,0.999996666824817,0.0,0.0
delta0.5_K512_radius1_transverse,128,1.0,0.5,0.9998587115882062,0.9998587115882062,0.0,1.915134717478395e-14
delta0.5_K512_radius1_transverse,128,1.0,1.0,0.9997207563515953,0.9997207563515953,0.0,3.83026943495679e-14
delta0.5_K512_radius0.125_aligned,64,-1.0,-1.0,-0.999962178037592,-0.999962178037592,0.0,0.0
delta0.5_K512_radius0.125_aligned,64,-1.0,-0.5,-0.999962178037592,-0.999962178037592,0.0,0.0
delta0.5_K512_radius0.125_aligned,64,-1.0,0.0,-0.999962178037592,-0.999962178037592,0.0,0.0
delta0.5_K512_radius0.125_aligned,64,-1.0,0.5,-0.999962178037592,-0.999962178037592,0.0,0.0
delta0.5_K512_radius0.125_aligned,64,-1.0,1.0,-0.999962178037592,-0.999962178037592,0.0,0.0
delta0.5_K512_radius0.125_aligned,64,-0.5,-1.0,-0.49998120821522146,-0.49998120821522135,1.1102230246251565e-16,0.0
delta0.5_K512_radius0.125_aligned,64,-0.5,-0.5,-0.49998120821522146,-0.49998120821522135,1.1102230246251565e-16,0.0
delta0.5_K512_radius0.125_aligned,64,-0.5,0.0,-0.49998120821522146,-0.49998120821522135,1.1102230246251565e-16,0.0
delta0.5_K512_radius0.125_aligned,64,-0.5,0.5,-0.49998120821522146,-0.49998120821522135,1.1102230246251565e-16,0.0
delta0.5_K512_radius0.125_aligned,64,-0.5,1.0,-0.49998120821522146,-0.49998120821522135,1.1102230246251565e-16,0.0
delta0.5_K512_radius0.125_aligned,64,0.0,-1.0,-3.903127820947816e-18,0.0,3.903127820947816e-18,0.0
delta0.5_K512_radius0.125_aligned,64,0.0,-0.5,-3.903127820947816e-18,0.0,3.903127820947816e-18,0.0
delta0.5_K512_radius0.125_aligned,64,0.0,0.0,-3.903127820947816e-18,0.0,3.903127820947816e-18,0.0
delta0.5_K512_radius0.125_aligned,64,0.0,0.5,-3.903127820947816e-18,0.0,3.903127820947816e-18,0.0
delta0.5_K512_radius0.125_aligned,64,0.0,1.0,-3.903127820947816e-18,0.0,3.903127820947816e-18,0.0
delta0.5_K512_radius0.125_aligned,64,0.5,-1.0,0.49998120821522135,0.49998120821522146,1.1102230246251565e-16,0.0
delta0.5_K512_radius0.125_aligned,64,0.5,-0.5,0.49998120821522135,0.49998120821522146,1.1102230246251565e-16,0.0
delta0.5_K512_radius0.125_aligned,64,0.5,0.0,0.49998120821522135,0.49998120821522146,1.1102230246251565e-16,0.0
delta0.5_K512_radius0.125_aligned,64,0.5,0.5,0.49998120821522135,0.49998120821522146,1.1102230246251565e-16,0.0
delta0.5_K512_radius0.125_aligned,64,0.5,1.0,0.49998120821522135,0.49998120821522146,1.1102230246251565e-16,0.0
delta0.5_K512_radius0.125_aligned,64,1.0,-1.0,0.9999621780375919,0.999962178037592,1.1102230246251565e-16,0.0
delta0.5_K512_radius0.125_aligned,64,1.0,-0.5,0.9999621780375919,0.999962178037592,1.1102230246251565e-16,0.0
delta0.5_K512_radius0.125_aligned,64,1.0,0.0,0.9999621780375919,0.999962178037592,1.1102230246251565e-16,0.0
delta0.5_K512_radius0.125_aligned,64,1.0,0.5,0.9999621780375919,0.999962178037592,1.1102230246251565e-16,0.0
delta0.5_K512_radius0.125_aligned,64,1.0,1.0,0.9999621780375919,0.999962178037592,1.1102230246251565e-16,0.0
delta0.5_K512_radius0.125_aligned,128,-1.0,-1.0,-0.9999621780375918,-0.9999621780375917,1.1102230246251565e-16,0.0
delta0.5_K512_radius0.125_aligned,128,-1.0,-0.5,-0.9999621780375918,-0.9999621780375917,1.1102230246251565e-16,0.0
delta0.5_K512_radius0.125_aligned,128,-1.0,0.0,-0.9999621780375918,-0.9999621780375917,1.1102230246251565e-16,0.0
delta0.5_K512_radius0.125_aligned,128,-1.0,0.5,-0.9999621780375918,-0.9999621780375917,1.1102230246251565e-16,0.0
delta0.5_K512_radius0.125_aligned,128,-1.0,1.0,-0.9999621780375918,-0.9999621780375917,1.1102230246251565e-16,0.0
delta0.5_K512_radius0.125_aligned,128,-0.5,-1.0,-0.49998120821522135,-0.49998120821522124,1.1102230246251565e-16,0.0
delta0.5_K512_radius0.125_aligned,128,-0.5,-0.5,-0.49998120821522135,-0.49998120821522124,1.1102230246251565e-16,0.0
delta0.5_K512_radius0.125_aligned,128,-0.5,0.0,-0.49998120821522135,-0.49998120821522124,1.1102230246251565e-16,0.0
delta0.5_K512_radius0.125_aligned,128,-0.5,0.5,-0.49998120821522135,-0.49998120821522124,1.1102230246251565e-16,0.0
delta0.5_K512_radius0.125_aligned,128,-0.5,1.0,-0.49998120821522135,-0.49998120821522124,1.1102230246251565e-16,0.0
delta0.5_K512_radius0.125_aligned,128,0.0,-1.0,-4.336808689942018e-19,0.0,4.336808689942018e-19,0.0
delta0.5_K512_radius0.125_aligned,128,0.0,-0.5,-4.336808689942018e-19,0.0,4.336808689942018e-19,0.0
delta0.5_K512_radius0.125_aligned,128,0.0,0.0,-4.336808689942018e-19,0.0,4.336808689942018e-19,0.0
delta0.5_K512_radius0.125_aligned,128,0.0,0.5,-4.336808689942018e-19,0.0,4.336808689942018e-19,0.0
delta0.5_K512_radius0.125_aligned,128,0.0,1.0,-4.336808689942018e-19,0.0,4.336808689942018e-19,0.0
delta0.5_K512_radius0.125_aligned,128,0.5,-1.0,0.4999812082152214,0.49998120821522124,1.6653345369377348e-16,0.0
delta0.5_K512_radius0.125_aligned,128,0.5,-0.5,0.4999812082152214,0.49998120821522124,1.6653345369377348e-16,0.0
delta0.5_K512_radius0.125_aligned,128,0.5,0.0,0.4999812082152214,0.49998120821522124,1.6653345369377348e-16,0.0
delta0.5_K512_radius0.125_aligned,128,0.5,0.5,0.4999812082152214,0.49998120821522124,1.6653345369377348e-16,0.0
delta0.5_K512_radius0.125_aligned,128,0.5,1.0,0.4999812082152214,0.49998120821522124,1.6653345369377348e-16,0.0
delta0.5_K512_radius0.125_aligned,128,1.0,-1.0,0.9999621780375918,0.9999621780375917,1.1102230246251565e-16,0.0
delta0.5_K512_radius0.125_aligned,128,1.0,-0.5,0.9999621780375918,0.9999621780375917,1.1102230246251565e-16,0.0
delta0.5_K512_radius0.125_aligned,128,1.0,0.0,0.9999621780375918,0.9999621780375917,1.1102230246251565e-16,0.0
delta0.5_K512_radius0.125_aligned,128,1.0,0.5,0.9999621780375918,0.9999621780375917,1.1102230246251565e-16,0.0
delta0.5_K512_radius0.125_aligned,128,1.0,1.0,0.9999621780375918,0.9999621780375917,1.1102230246251565e-16,0.0
delta0.5_K512_radius0.125_transverse,64,-1.0,-1.0,-0.9999621780156646,-0.9999621780156647,1.1102230246251565e-16,2.4524826613969708e-12
delta0.5_K512_radius0.125_transverse,64,-1.0,-0.5,-0.999979422420241,-0.999979422420241,0.0,1.2262413306984854e-12
delta0.5_K512_radius0.125_transverse,64,-1.0,0.0,-0.9999966668248174,-0.9999966668248174,0.0,0.0
delta0.5_K512_radius0.125_transverse,64,-1.0,0.5,-1.0000139112293938,-1.0000139112293938,0.0,1.2262413306984854e-12
delta0.5_K512_radius0.125_transverse,64,-1.0,1.0,-1.00003115563397,-1.00003115563397,0.0,7.666089985036706e-13
delta0.5_K512_radius0.125_transverse,64,-0.5,-1.0,-0.49996396378734725,-0.49996396378734714,1.1102230246251565e-16,3.292033312618514e-12
delta0.5_K512_radius0.125_transverse,64,-0.5,-0.5,-0.4999812082042578,-0.4999812082042576,1.6653345369377348e-16,4.0603076456591225e-12
delta0.5_K512_radius0.125_transverse,64,-0.5,0.0,-0.49999845262116827,-0.49999845262116815,1.1102230246251565e-16,3.2190778405532056e-12
delta0.5_K512_radius0.125_transverse,64,-0.5,0.5,-0.5000156970380787,-0.5000156970380787,0.0,7.682743330406083e-13
delta0.5_K512_radius0.125_transverse,64,-0.5,1.0,-0.5000329414549893,-0.5000329414549892,1.1102230246251565e-16,4.755640325981858e-12
delta0.5_K512_radius0.125_transverse,64,0.0,-1.0,3.448884204379342e-05,3.4488842043785494e-05,7.928228386300251e-18,2.298161660974074e-13
delta0.5_K512_radius0.125_transverse,64,0.0,-0.5,1.72444210219013e-05,1.7244421021892747e-05,8.551644635479416e-18,2.4791280139879746e-13
delta0.5_K512_radius0.125_transverse,64,0.0,0.0,-4.056745186866264e-18,0.0,4.056745186866264e-18,1.1762482173544504e-13
delta0.5_K512_radius0.125_transverse,64,0.0,0.5,-1.724442102190662e-05,-1.7244421021892747e-05,1.387439967602544e-17,4.022338018216942e-13
delta0.5_K512_radius0.125_transverse,64,0.0,1.0,-3.448884204379328e-05,-3.4488842043785494e-05,7.785926851161529e-18,2.2570834090629432e-13
delta0.5_K512_radius0.125_transverse,64,0.5,-1.0,0.5000329414549893,0.5000329414549893,0.0,1.5365486660812167e-12
delta0.5_K512_radius0.125_transverse,64,0.5,-0.5,0.5000156970380789,0.5000156970380788,1.1102230246251565e-16,3.98736599294125e-12
delta0.5_K512_radius0.125_transverse,64,0.5,0.0,0.49999845262116827,0.49999845262116827,0.0,0.0
delta0.5_K512_radius0.125_transverse,64,0.5,0.5,0.49998120820425773,0.49998120820425773,0.0,7.682743330406083e-13
delta0.5_K512_radius0.125_transverse,64,0.5,1.0,0.4999639637873473,0.49996396378734725,5.551115123125783e-17,1.6825429938194247e-12
delta0.5_K512_radius0.125_transverse,64,1.0,-1.0,1.00003115563397,1.00003115563397,0.0,7.666089985036706e-13
delta0.5_K512_radius0.125_transverse,64,1.0,-0.5,1.0000139112293938,1.0000139112293938,0.0,1.2262413306984854e-12
delta0.5_K512_radius0.125_transverse,64,1.0,0.0,0.9999966668248174,0.9999966668248174,0.0,0.0
delta0.5_K512_radius0.125_transverse,64,1.0,0.5,0.999979422420241,0.999979422420241,0.0,1.2262413306984854e-12
delta0.5_K512_radius0.125_transverse,64,1.0,1.0,0.9999621780156647,0.9999621780156647,0.0,7.666089985036706e-13
delta0.5_K512_radius0.125_transverse,128,-1.0,-1.0,-0.9999621780156643,-0.9999621780156643,0.0,7.664979762012081e-13
delta0.5_K512_radius0.125_transverse,128,-1.0,-0.5,-0.9999794224202407,-0.9999794224202406,1.1102230246251565e-16,1.9927393068996935e-12
delta0.5_K512_radius0.125_transverse,128,-1.0,0.0,-0.999996666824817,-0.999996666824817,0.0,0.0
delta0.5_K512_radius0.125_transverse,128,-1.0,0.5,-1.0000139112293933,-1.0000139112293933,0.0,1.9927393068996935e-12
delta0.5_K512_radius0.125_transverse,128,-1.0,1.0,-1.0000311556339696,-1.0000311556339698,2.220446049250313e-16,3.985478613799387e-12
delta0.5_K512_radius0.125_transverse,128,-0.5,-1.0,-0.4999639637873471,-0.49996396378734703,5.551115123125783e-17,1.6823209492144997e-12
delta0.5_K512_radius0.125_transverse,128,-0.5,-0.5,-0.49998120820425757,-0.4999812082042575,5.551115123125783e-17,8.411604746072499e-13
delta0.5_K512_radius0.125_transverse,128,-0.5,0.0,-0.49999845262116804,-0.49999845262116804,0.0,0.0
delta0.5_K512_radius0.125_transverse,128,-0.5,0.5,-0.5000156970380786,-0.5000156970380786,0.0,7.683853553430708e-13
delta0.5_K512_radius0.125_transverse,128,-0.5,1.0,-0.5000329414549891,-0.5000329414549891,0.0,1.5367707106861417e-12
delta0.5_K512_radius0.125_transverse,128,0.0,-1.0,3.448884204379783e-05,3.4488842043785494e-05,1.2339575975600647e-17,3.5771385853422544e-13
delta0.5_K512_radius0.125_transverse,128,0.0,-0.5,1.7244421021883955e-05,1.7244421021892747e-05,8.792201992499638e-18,2.549627176051672e-13
delta0.5_K512_radius0.125_transverse,128,0.0,0.0,-1.1193937444659604e-18,0.0,1.1193937444659604e-18,3.245668228580351e-14
delta0.5_K512_radius0.125_transverse,128,0.0,0.5,-1.724442102188757e-05,-1.7244421021892747e-05,5.177065373618284e-18,1.5015766408055242e-13
delta0.5_K512_radius0.125_transverse,128,0.0,1.0,-3.448884204379435e-05,-3.4488842043785494e-05,8.856576496490964e-18,2.566835632933362e-13
delta0.5_K512_radius0.125_transverse,128,0.5,-1.0,0.5000329414549891,0.5000329414549891,0.0,1.5367707106861417e-12
delta0.5_K512_radius0.125_transverse,128,0.5,-0.5,0.5000156970380786,0.5000156970380786,0.0,7.683853553430708e-13
delta0.5_K512_radius0.125_transverse,128,0.5,0.0,0.4999984526211681,0.49999845262116804,5.551115123125783e-17,1.6095389202766028e-12
delta0.5_K512_radius0.125_transverse,128,0.5,0.5,0.49998120820425757,0.4999812082042575,5.551115123125783e-17,8.411604746072499e-13
delta0.5_K512_radius0.125_transverse,128,0.5,1.0,0.499963963787347,0.49996396378734703,5.551115123125783e-17,1.5367707106861417e-12
delta0.5_K512_radius0.125_transverse,128,1.0,-1.0,1.0000311556339698,1.0000311556339698,0.0,2.4525936836994333e-12
delta0.5_K512_radius0.125_transverse,128,1.0,-0.5,1.0000139112293933,1.0000139112293933,0.0,1.9927393068996935e-12
delta0.5_K512_radius0.125_transverse,128,1.0,0.0,0.999996666824817,0.999996666824817,0.0,0.0
delta0.5_K512_radius0.125_transverse,128,1.0,0.5,0.9999794224202407,0.9999794224202406,1.1102230246251565e-16,1.9927393068996935e-12
delta0.5_K512_radius0.125_transverse,128,1.0,1.0,0.9999621780156643,0.9999621780156643,0.0,7.664979762012081e-13
delta0.5_K512_radius0.015625_aligned,64,-1.0,-1.0,-0.9999923557264142,-0.9999923557264142,0.0,0.0
delta0.5_K512_radius0.015625_aligned,64,-1.0,-0.5,-0.9999923557264142,-0.9999923557264142,0.0,0.0
delta0.5_K512_radius0.015625_aligned,64,-1.0,0.0,-0.9999923557264142,-0.9999923557264142,0.0,0.0
delta0.5_K512_radius0.015625_aligned,64,-1.0,0.5,-0.9999923557264142,-0.9999923557264142,0.0,0.0
delta0.5_K512_radius0.015625_aligned,64,-1.0,1.0,-0.9999923557264142,-0.9999923557264142,0.0,0.0
delta0.5_K512_radius0.015625_aligned,64,-0.5,-1.0,-0.4999962970704249,-0.4999962970704248,1.1102230246251565e-16,0.0
delta0.5_K512_radius0.015625_aligned,64,-0.5,-0.5,-0.4999962970704249,-0.4999962970704248,1.1102230246251565e-16,0.0
delta0.5_K512_radius0.015625_aligned,64,-0.5,0.0,-0.4999962970704249,-0.4999962970704248,1.1102230246251565e-16,0.0
delta0.5_K512_radius0.015625_aligned,64,-0.5,0.5,-0.4999962970704249,-0.4999962970704248,1.1102230246251565e-16,0.0
delta0.5_K512_radius0.015625_aligned,64,-0.5,1.0,-0.4999962970704249,-0.4999962970704248,1.1102230246251565e-16,0.0
delta0.5_K512_radius0.015625_aligned,64,0.0,-1.0,6.938893903907228e-18,0.0,6.938893903907228e-18,0.0
delta0.5_K512_radius0.015625_aligned,64,0.0,-0.5,6.938893903907228e-18,0.0,6.938893903907228e-18,0.0
delta0.5_K512_radius0.015625_aligned,64,0.0,0.0,6.938893903907228e-18,0.0,6.938893903907228e-18,0.0
delta0.5_K512_radius0.015625_aligned,64,0.0,0.5,6.938893903907228e-18,0.0,6.938893903907228e-18,0.0
delta0.5_K512_radius0.015625_aligned,64,0.0,1.0,6.938893903907228e-18,0.0,6.938893903907228e-18,0.0
delta0.5_K512_radius0.015625_aligned,64,0.5,-1.0,0.49999629707042487,0.4999962970704249,5.551115123125783e-17,0.0
delta0.5_K512_radius0.015625_aligned,64,0.5,-0.5,0.49999629707042487,0.4999962970704249,5.551115123125783e-17,0.0
delta0.5_K512_radius0.015625_aligned,64,0.5,0.0,0.49999629707042487,0.4999962970704249,5.551115123125783e-17,0.0
delta0.5_K512_radius0.015625_aligned,64,0.5,0.5,0.49999629707042487,0.4999962970704249,5.551115123125783e-17,0.0
delta0.5_K512_radius0.015625_aligned,64,0.5,1.0,0.49999629707042487,0.4999962970704249,5.551115123125783e-17,0.0
delta0.5_K512_radius0.015625_aligned,64,1.0,-1.0,0.9999923557264142,0.9999923557264142,0.0,0.0
delta0.5_K512_radius0.015625_aligned,64,1.0,-0.5,0.9999923557264142,0.9999923557264142,0.0,0.0
delta0.5_K512_radius0.015625_aligned,64,1.0,0.0,0.9999923557264142,0.9999923557264142,0.0,0.0
delta0.5_K512_radius0.015625_aligned,64,1.0,0.5,0.9999923557264142,0.9999923557264142,0.0,0.0
delta0.5_K512_radius0.015625_aligned,64,1.0,1.0,0.9999923557264142,0.9999923557264142,0.0,0.0
delta0.5_K512_radius0.015625_aligned,128,-1.0,-1.0,-0.999992355726414,-0.9999923557264139,1.1102230246251565e-16,0.0
delta0.5_K512_radius0.015625_aligned,128,-1.0,-0.5,-0.999992355726414,-0.9999923557264139,1.1102230246251565e-16,0.0
delta0.5_K512_radius0.015625_aligned,128,-1.0,0.0,-0.999992355726414,-0.9999923557264139,1.1102230246251565e-16,0.0
delta0.5_K512_radius0.015625_aligned,128,-1.0,0.5,-0.999992355726414,-0.9999923557264139,1.1102230246251565e-16,0.0
delta0.5_K512_radius0.015625_aligned,128,-1.0,1.0,-0.999992355726414,-0.9999923557264139,1.1102230246251565e-16,0.0
delta0.5_K512_radius0.015625_aligned,128,-0.5,-1.0,-0.4999962970704248,-0.4999962970704247,1.1102230246251565e-16,0.0
delta0.5_K512_radius0.015625_aligned,128,-0.5,-0.5,-0.4999962970704248,-0.4999962970704247,1.1102230246251565e-16,0.0
delta0.5_K512_radius0.015625_aligned,128,-0.5,0.0,-0.4999962970704248,-0.4999962970704247,1.1102230246251565e-16,0.0
delta0.5_K512_radius0.015625_aligned,128,-0.5,0.5,-0.4999962970704248,-0.4999962970704247,1.1102230246251565e-16,0.0
delta0.5_K512_radius0.015625_aligned,128,-0.5,1.0,-0.4999962970704248,-0.4999962970704247,1.1102230246251565e-16,0.0
delta0.5_K512_radius0.015625_aligned,128,0.0,-1.0,-4.9873299934333204e-18,0.0,4.9873299934333204e-18,0.0
delta0.5_K512_radius0.015625_aligned,128,0.0,-0.5,-4.9873299934333204e-18,0.0,4.9873299934333204e-18,0.0
delta0.5_K512_radius0.015625_aligned,128,0.0,0.0,-4.9873299934333204e-18,0.0,4.9873299934333204e-18,0.0
delta0.5_K512_radius0.015625_aligned,128,0.0,0.5,-4.9873299934333204e-18,0.0,4.9873299934333204e-18,0.0
delta0.5_K512_radius0.015625_aligned,128,0.0,1.0,-4.9873299934333204e-18,0.0,4.9873299934333204e-18,0.0
delta0.5_K512_radius0.015625_aligned,128,0.5,-1.0,0.49999629707042476,0.4999962970704247,5.551115123125783e-17,0.0
delta0.5_K512_radius0.015625_aligned,128,0.5,-0.5,0.49999629707042476,0.4999962970704247,5.551115123125783e-17,0.0
delta0.5_K512_radius0.015625_aligned,128,0.5,0.0,0.49999629707042476,0.4999962970704247,5.551115123125783e-17,0.0
delta0.5_K512_radius0.015625_aligned,128,0.5,0.5,0.49999629707042476,0.4999962970704247,5.551115123125783e-17,0.0
delta0.5_K512_radius0.015625_aligned,128,0.5,1.0,0.49999629707042476,0.4999962970704247,5.551115123125783e-17,0.0
delta0.5_K512_radius0.015625_aligned,128,1.0,-1.0,0.9999923557264139,0.9999923557264139,0.0,0.0
delta0.5_K512_radius0.015625_aligned,128,1.0,-0.5,0.9999923557264139,0.9999923557264139,0.0,0.0
delta0.5_K512_radius0.015625_aligned,128,1.0,0.0,0.9999923557264139,0.9999923557264139,0.0,0.0
delta0.5_K512_radius0.015625_aligned,128,1.0,0.5,0.9999923557264139,0.9999923557264139,0.0,0.0
delta0.5_K512_radius0.015625_aligned,128,1.0,1.0,0.9999923557264139,0.9999923557264139,0.0,0.0
delta0.5_K512_radius0.015625_transverse,64,-1.0,-1.0,-0.9999923557236733,-0.9999923557236733,0.0,3.9855896361018495e-12
delta0.5_K512_radius0.015625_transverse,64,-1.0,-0.5,-0.9999945112742453,-0.9999945112742453,0.0,1.9927948180509247e-12
delta0.5_K512_radius0.015625_transverse,64,-1.0,0.0,-0.9999966668248172,-0.9999966668248174,1.1102230246251565e-16,2.5752622724425645e-11
delta0.5_K512_radius0.015625_transverse,64,-1.0,0.5,-0.9999988223753894,-0.9999988223753894,0.0,1.9927948180509247e-12
delta0.5_K512_radius0.015625_transverse,64,-1.0,1.0,-1.0000009779259615,-1.0000009779259615,0.0,2.176703262080082e-11
delta0.5_K512_radius0.015625_transverse,64,-0.5,-1.0,-0.4999941415169406,-0.49999414151694055,5.551115123125783e-17,1.777789027102017e-11
delta0.5_K512_radius0.015625_transverse,64,-0.5,-0.5,-0.49999629706905446,-0.49999629706905435,1.1102230246251565e-16,2.820338407261147e-11
delta0.5_K512_radius0.015625_transverse,64,-0.5,0.0,-0.49999845262116827,-0.49999845262116815,1.1102230246251565e-16,2.5752622724425645e-11
delta0.5_K512_radius0.015625_transverse,64,-0.5,0.5,-0.5000006081732821,-0.500000608173282,1.1102230246251565e-16,2.3301860441193867e-11
delta0.5_K512_radius0.015625_transverse,64,-0.5,1.0,-0.5000027637253959,-0.5000027637253958,1.1102230246251565e-16,2.0851098625485065e-11
delta0.5_K512_radius0.015625_transverse,64,0.0,-1.0,4.311105255476168e-06,4.311105255473187e-06,2.9815559743351372e-18,6.9155792203901e-13
delta0.5_K512_radius0.015625_transverse,64,0.0,-0.5,2.1555526277307247e-06,2.1555526277365934e-06,5.86866777505142e-18,1.361355472795367e-12
delta0.5_K512_radius0.015625_transverse,64,0.0,0.0,2.024163898476462e-18,0.0,2.024163898476462e-18,4.695230422506028e-13
delta0.5_K512_radius0.015625_transverse,64,0.0,0.5,-2.155552627737236e-06,-2.1555526277365934e-06,6.424744904923868e-19,1.48991929904696e-13
delta0.5_K512_radius0.015625_transverse,64,0.0,1.0,-4.311105255477545e-06,-4.311105255473187e-06,4.357984513623375e-18,1.0107470416187425e-12
delta0.5_K512_radius0.015625_transverse,64,0.5,-1.0,0.5000027637253959,0.5000027637253959,0.0,4.901523631417604e-12
delta0.5_K512_radius0.015625_transverse,64,0.5,-0.5,0.5000006081732821,0.5000006081732821,0.0,2.450761815708802e-12
delta0.5_K512_radius0.015625_transverse,64,0.5,0.0,0.4999984526211682,0.49999845262116827,5.551115123125783e-17,1.2876311362212823e-11
delta0.5_K512_radius0.015625_transverse,64,0.5,0.5,0.4999962970690544,0.49999629706905446,5.551115123125783e-17,1.0425549312742532e-11
delta0.5_K512_radius0.015625_transverse,64,0.5,1.0,0.4999941415169406,0.49999414151694066,5.551115123125783e-17,7.9747319858825e-12
delta0.5_K512_radius0.015625_transverse,64,1.0,-1.0,1.0000009779259615,1.0000009779259615,0.0,2.176703262080082e-11
delta0.5_K512_radius0.015625_transverse,64,1.0,-0.5,0.9999988223753895,0.9999988223753894,1.1102230246251565e-16,2.3759827438851744e-11
delta0.5_K512_radius0.015625_transverse,64,1.0,0.0,0.9999966668248174,0.9999966668248174,0.0,0.0
delta0.5_K512_radius0.015625_transverse,64,1.0,0.5,0.9999945112742452,0.9999945112742453,1.1102230246251565e-16,2.3759827438851744e-11
delta0.5_K512_radius0.015625_transverse,64,1.0,1.0,0.9999923557236732,0.9999923557236733,1.1102230246251565e-16,2.176703262080082e-11
delta0.5_K512_radius0.015625_transverse,128,-1.0,-1.0,-0.999992355723673,-0.999992355723673,0.0,3.985478613799387e-12
delta0.5_K512_radius0.015625_transverse,128,-1.0,-0.5,-0.999994511274245,-0.999994511274245,0.0,1.9927393068996935e-12
delta0.5_K512_radius0.015625_transverse,128,-1.0,0.0,-0.999996666824817,-0.999996666824817,0.0,0.0
delta0.5_K512_radius0.015625_transverse,128,-1.0,0.5,-0.9999988223753891,-0.9999988223753891,0.0,1.9927393068996935e-12
delta0.5_K512_radius0.015625_transverse,128,-1.0,1.0,-1.000000977925961,-1.000000977925961,0.0,3.985478613799387e-12
delta0.5_K512_radius0.015625_transverse,128,-0.5,-1.0,-0.49999414151694044,-0.49999414151694044,0.0,4.9013015868126786e-12
delta0.5_K512_radius0.015625_transverse,128,-0.5,-0.5,-0.49999629706905424,-0.49999629706905424,0.0,2.4506507934063393e-12
delta0.5_K512_radius0.015625_transverse,128,-0.5,0.0,-0.49999845262116804,-0.49999845262116804,0.0,0.0
delta0.5_K512_radius0.015625_transverse,128,-0.5,0.5,-0.5000006081732818,-0.5000006081732818,0.0,2.4506507934063393e-12
delta0.5_K512_radius0.015625_transverse,128,-0.5,1.0,-0.5000027637253956,-0.5000027637253956,0.0,4.9013015868126786e-12
delta0.5_K512_radius0.015625_transverse,128,0.0,-1.0,4.311105255476226e-06,4.311105255473187e-06,3.0391542147484296e-18,7.048805983345119e-13
delta0.5_K512_radius0.015625_transverse,128,0.0,-0.5,2.1555526277335394e-06,2.1555526277365934e-06,3.05397729132538e-18,7.084333120133124e-13
delta0.5_K512_radius0.015625_transverse,128,0.0,0.0,1.8772384237135682e-18,0.0,1.8772384237135682e-18,4.3544235543136287e-13
delta0.5_K512_radius0.015625_transverse,128,0.0,0.5,-2.1555526277347337e-06,-2.1555526277365934e-06,1.8596608356968164e-18,4.3143266736933583e-13
delta0.5_K512_radius0.015625_transverse,128,0.0,1.0,-4.311105255479363e-06,-4.311105255473187e-06,6.176564251378358e-18,1.432631790976302e-12
delta0.5_K512_radius0.015625_transverse,128,0.5,-1.0,0.5000027637253956,0.5000027637253956,0.0,4.9013015868126786e-12
delta0.5_K512_radius0.015625_transverse,128,0.5,-0.5,0.5000006081732817,0.5000006081732818,1.1102230246251565e-16,2.8203273050309008e-11
delta0.5_K512_radius0.015625_transverse,128,0.5,0.0,0.49999845262116804,0.49999845262116804,0.0,0.0
delta0.5_K512_radius0.015625_transverse,128,0.5,0.5,0.4999962970690542,0.49999629706905424,5.551115123125783e-17,1.0425660335044995e-11
delta0.5_K512_radius0.015625_transverse,128,0.5,1.0,0.49999414151694044,0.49999414151694044,0.0,4.9013015868126786e-12
delta0.5_K512_radius0.015625_transverse,128,1.0,-1.0,1.000000977925961,1.000000977925961,0.0,3.985478613799387e-12
delta0.5_K512_radius0.015625_transverse,128,1.0,-0.5,0.9999988223753891,0.9999988223753891,0.0,1.9927393068996935e-12
delta0.5_K512_radius0.015625_transverse,128,1.0,0.0,0.999996666824817,0.999996666824817,0.0,0.0
delta0.5_K512_radius0.015625_transverse,128,1.0,0.5,0.999994511274245,0.999994511274245,0.0,1.9927393068996935e-12
delta0.5_K512_radius0.015625_transverse,128,1.0,1.0,0.9999923557236727,0.999992355723673,2.220446049250313e-16,4.751976590000595e-11
delta1_K32_radius0_common,64,-1.0,-1.0,-0.9998067698095181,-0.9998067698095182,1.1102230246251565e-16,0.0
delta1_K32_radius0_common,64,-1.0,-0.5,-0.9998067698095181,-0.9998067698095182,1.1102230246251565e-16,0.0
delta1_K32_radius0_common,64,-1.0,0.0,-0.9998067698095181,-0.9998067698095182,1.1102230246251565e-16,0.0
delta1_K32_radius0_common,64,-1.0,0.5,-0.9998067698095181,-0.9998067698095182,1.1102230246251565e-16,0.0
delta1_K32_radius0_common,64,-1.0,1.0,-0.9998067698095181,-0.9998067698095182,1.1102230246251565e-16,0.0
delta1_K32_radius0_common,64,-0.5,-1.0,-0.49993388789761783,-0.49993388789761783,0.0,0.0
delta1_K32_radius0_common,64,-0.5,-0.5,-0.49993388789761783,-0.49993388789761783,0.0,0.0
delta1_K32_radius0_common,64,-0.5,0.0,-0.49993388789761783,-0.49993388789761783,0.0,0.0
delta1_K32_radius0_common,64,-0.5,0.5,-0.49993388789761783,-0.49993388789761783,0.0,0.0
delta1_K32_radius0_common,64,-0.5,1.0,-0.49993388789761783,-0.49993388789761783,0.0,0.0
delta1_K32_radius0_common,64,0.0,-1.0,2.6020852139652106e-18,0.0,2.6020852139652106e-18,0.0
delta1_K32_radius0_common,64,0.0,-0.5,2.6020852139652106e-18,0.0,2.6020852139652106e-18,0.0
delta1_K32_radius0_common,64,0.0,0.0,2.6020852139652106e-18,0.0,2.6020852139652106e-18,0.0
delta1_K32_radius0_common,64,0.0,0.5,2.6020852139652106e-18,0.0,2.6020852139652106e-18,0.0
delta1_K32_radius0_common,64,0.0,1.0,2.6020852139652106e-18,0.0,2.6020852139652106e-18,0.0
delta1_K32_radius0_common,64,0.5,-1.0,0.49993388789761783,0.49993388789761783,0.0,0.0
delta1_K32_radius0_common,64,0.5,-0.5,0.49993388789761783,0.49993388789761783,0.0,0.0
delta1_K32_radius0_common,64,0.5,0.0,0.49993388789761783,0.49993388789761783,0.0,0.0
delta1_K32_radius0_common,64,0.5,0.5,0.49993388789761783,0.49993388789761783,0.0,0.0
delta1_K32_radius0_common,64,0.5,1.0,0.49993388789761783,0.49993388789761783,0.0,0.0
delta1_K32_radius0_common,64,1.0,-1.0,0.9998067698095181,0.9998067698095182,1.1102230246251565e-16,0.0
delta1_K32_radius0_common,64,1.0,-0.5,0.9998067698095181,0.9998067698095182,1.1102230246251565e-16,0.0
delta1_K32_radius0_common,64,1.0,0.0,0.9998067698095181,0.9998067698095182,1.1102230246251565e-16,0.0
delta1_K32_radius0_common,64,1.0,0.5,0.9998067698095181,0.9998067698095182,1.1102230246251565e-16,0.0
delta1_K32_radius0_common,64,1.0,1.0,0.9998067698095181,0.9998067698095182,1.1102230246251565e-16,0.0
delta1_K32_radius0_common,128,-1.0,-1.0,-0.9998067698095179,-0.9998067698095179,0.0,0.0
delta1_K32_radius0_common,128,-1.0,-0.5,-0.9998067698095179,-0.9998067698095179,0.0,0.0
delta1_K32_radius0_common,128,-1.0,0.0,-0.9998067698095179,-0.9998067698095179,0.0,0.0
delta1_K32_radius0_common,128,-1.0,0.5,-0.9998067698095179,-0.9998067698095179,0.0,0.0
delta1_K32_radius0_common,128,-1.0,1.0,-0.9998067698095179,-0.9998067698095179,0.0,0.0
delta1_K32_radius0_common,128,-0.5,-1.0,-0.4999338878976177,-0.4999338878976176,1.1102230246251565e-16,0.0
delta1_K32_radius0_common,128,-0.5,-0.5,-0.4999338878976177,-0.4999338878976176,1.1102230246251565e-16,0.0
delta1_K32_radius0_common,128,-0.5,0.0,-0.4999338878976177,-0.4999338878976176,1.1102230246251565e-16,0.0
delta1_K32_radius0_common,128,-0.5,0.5,-0.4999338878976177,-0.4999338878976176,1.1102230246251565e-16,0.0
delta1_K32_radius0_common,128,-0.5,1.0,-0.4999338878976177,-0.4999338878976176,1.1102230246251565e-16,0.0
delta1_K32_radius0_common,128,0.0,-1.0,-5.312590645178972e-18,0.0,5.312590645178972e-18,0.0
delta1_K32_radius0_common,128,0.0,-0.5,-5.312590645178972e-18,0.0,5.312590645178972e-18,0.0
delta1_K32_radius0_common,128,0.0,0.0,-5.312590645178972e-18,0.0,5.312590645178972e-18,0.0
delta1_K32_radius0_common,128,0.0,0.5,-5.312590645178972e-18,0.0,5.312590645178972e-18,0.0
delta1_K32_radius0_common,128,0.0,1.0,-5.312590645178972e-18,0.0,5.312590645178972e-18,0.0
delta1_K32_radius0_common,128,0.5,-1.0,0.4999338878976177,0.4999338878976176,1.1102230246251565e-16,0.0
delta1_K32_radius0_common,128,0.5,-0.5,0.4999338878976177,0.4999338878976176,1.1102230246251565e-16,0.0
delta1_K32_radius0_common,128,0.5,0.0,0.4999338878976177,0.4999338878976176,1.1102230246251565e-16,0.0
delta1_K32_radius0_common,128,0.5,0.5,0.4999338878976177,0.4999338878976176,1.1102230246251565e-16,0.0
delta1_K32_radius0_common,128,0.5,1.0,0.4999338878976177,0.4999338878976176,1.1102230246251565e-16,0.0
delta1_K32_radius0_common,128,1.0,-1.0,0.999806769809518,0.9998067698095178,2.220446049250313e-16,0.0
delta1_K32_radius0_common,128,1.0,-0.5,0.999806769809518,0.9998067698095178,2.220446049250313e-16,0.0
delta1_K32_radius0_common,128,1.0,0.0,0.999806769809518,0.9998067698095178,2.220446049250313e-16,0.0
delta1_K32_radius0_common,128,1.0,0.5,0.999806769809518,0.9998067698095178,2.220446049250313e-16,0.0
delta1_K32_radius0_common,128,1.0,1.0,0.999806769809518,0.9998067698095178,2.220446049250313e-16,0.0
delta1_K32_radius1_aligned,64,-1.0,-1.0,-0.9996115615718397,-0.9996115615718397,0.0,0.0
delta1_K32_radius1_aligned,64,-1.0,-0.5,-0.9996115615718397,-0.9996115615718397,0.0,0.0
delta1_K32_radius1_aligned,64,-1.0,0.0,-0.9996115615718397,-0.9996115615718397,0.0,0.0
delta1_K32_radius1_aligned,64,-1.0,0.5,-0.9996115615718397,-0.9996115615718397,0.0,0.0
delta1_K32_radius1_aligned,64,-1.0,1.0,-0.9996115615718397,-0.9996115615718397,0.0,0.0
delta1_K32_radius1_aligned,64,-0.5,-1.0,-0.4998362659115355,-0.4998362659115355,0.0,0.0
delta1_K32_radius1_aligned,64,-0.5,-0.5,-0.4998362659115355,-0.4998362659115355,0.0,0.0
delta1_K32_radius1_aligned,64,-0.5,0.0,-0.4998362659115355,-0.4998362659115355,0.0,0.0
delta1_K32_radius1_aligned,64,-0.5,0.5,-0.4998362659115355,-0.4998362659115355,0.0,0.0
delta1_K32_radius1_aligned,64,-0.5,1.0,-0.4998362659115355,-0.4998362659115355,0.0,0.0
delta1_K32_radius1_aligned,64,0.0,-1.0,-8.673617379884035e-18,0.0,8.673617379884035e-18,0.0
delta1_K32_radius1_aligned,64,0.0,-0.5,-8.673617379884035e-18,0.0,8.673617379884035e-18,0.0
delta1_K32_radius1_aligned,64,0.0,0.0,-8.673617379884035e-18,0.0,8.673617379884035e-18,0.0
delta1_K32_radius1_aligned,64,0.0,0.5,-8.673617379884035e-18,0.0,8.673617379884035e-18,0.0
delta1_K32_radius1_aligned,64,0.0,1.0,-8.673617379884035e-18,0.0,8.673617379884035e-18,0.0
delta1_K32_radius1_aligned,64,0.5,-1.0,0.49983626591153546,0.4998362659115355,5.551115123125783e-17,0.0
delta1_K32_radius1_aligned,64,0.5,-0.5,0.49983626591153546,0.4998362659115355,5.551115123125783e-17,0.0
delta1_K32_radius1_aligned,64,0.5,0.0,0.49983626591153546,0.4998362659115355,5.551115123125783e-17,0.0
delta1_K32_radius1_aligned,64,0.5,0.5,0.49983626591153546,0.4998362659115355,5.551115123125783e-17,0.0
delta1_K32_radius1_aligned,64,0.5,1.0,0.49983626591153546,0.4998362659115355,5.551115123125783e-17,0.0
delta1_K32_radius1_aligned,64,1.0,-1.0,0.9996115615718395,0.9996115615718397,2.220446049250313e-16,0.0
delta1_K32_radius1_aligned,64,1.0,-0.5,0.9996115615718395,0.9996115615718397,2.220446049250313e-16,0.0
delta1_K32_radius1_aligned,64,1.0,0.0,0.9996115615718395,0.9996115615718397,2.220446049250313e-16,0.0
delta1_K32_radius1_aligned,64,1.0,0.5,0.9996115615718395,0.9996115615718397,2.220446049250313e-16,0.0
delta1_K32_radius1_aligned,64,1.0,1.0,0.9996115615718395,0.9996115615718397,2.220446049250313e-16,0.0
delta1_K32_radius1_aligned,128,-1.0,-1.0,-0.9996115615718395,-0.9996115615718394,1.1102230246251565e-16,0.0
delta1_K32_radius1_aligned,128,-1.0,-0.5,-0.9996115615718395,-0.9996115615718394,1.1102230246251565e-16,0.0
delta1_K32_radius1_aligned,128,-1.0,0.0,-0.9996115615718395,-0.9996115615718394,1.1102230246251565e-16,0.0
delta1_K32_radius1_aligned,128,-1.0,0.5,-0.9996115615718395,-0.9996115615718394,1.1102230246251565e-16,0.0
delta1_K32_radius1_aligned,128,-1.0,1.0,-0.9996115615718395,-0.9996115615718394,1.1102230246251565e-16,0.0
delta1_K32_radius1_aligned,128,-0.5,-1.0,-0.4998362659115354,-0.4998362659115353,1.1102230246251565e-16,0.0
delta1_K32_radius1_aligned,128,-0.5,-0.5,-0.4998362659115354,-0.4998362659115353,1.1102230246251565e-16,0.0
delta1_K32_radius1_aligned,128,-0.5,0.0,-0.4998362659115354,-0.4998362659115353,1.1102230246251565e-16,0.0
delta1_K32_radius1_aligned,128,-0.5,0.5,-0.4998362659115354,-0.4998362659115353,1.1102230246251565e-16,0.0
delta1_K32_radius1_aligned,128,-0.5,1.0,-0.4998362659115354,-0.4998362659115353,1.1102230246251565e-16,0.0
delta1_K32_radius1_aligned,128,0.0,-1.0,7.589415207398531e-18,0.0,7.589415207398531e-18,0.0
delta1_K32_radius1_aligned,128,0.0,-0.5,7.589415207398531e-18,0.0,7.589415207398531e-18,0.0
delta1_K32_radius1_aligned,128,0.0,0.0,7.589415207398531e-18,0.0,7.589415207398531e-18,0.0
delta1_K32_radius1_aligned,128,0.0,0.5,7.589415207398531e-18,0.0,7.589415207398531e-18,0.0
delta1_K32_radius1_aligned,128,0.0,1.0,7.589415207398531e-18,0.0,7.589415207398531e-18,0.0
delta1_K32_radius1_aligned,128,0.5,-1.0,0.4998362659115354,0.4998362659115353,1.1102230246251565e-16,0.0
delta1_K32_radius1_aligned,128,0.5,-0.5,0.4998362659115354,0.4998362659115353,1.1102230246251565e-16,0.0
delta1_K32_radius1_aligned,128,0.5,0.0,0.4998362659115354,0.4998362659115353,1.1102230246251565e-16,0.0
delta1_K32_radius1_aligned,128,0.5,0.5,0.4998362659115354,0.4998362659115353,1.1102230246251565e-16,0.0
delta1_K32_radius1_aligned,128,0.5,1.0,0.4998362659115354,0.4998362659115353,1.1102230246251565e-16,0.0
delta1_K32_radius1_aligned,128,1.0,-1.0,0.9996115615718396,0.9996115615718393,3.3306690738754696e-16,0.0
delta1_K32_radius1_aligned,128,1.0,-0.5,0.9996115615718396,0.9996115615718393,3.3306690738754696e-16,0.0
delta1_K32_radius1_aligned,128,1.0,0.0,0.9996115615718396,0.9996115615718393,3.3306690738754696e-16,0.0
delta1_K32_radius1_aligned,128,1.0,0.5,0.9996115615718396,0.9996115615718393,3.3306690738754696e-16,0.0
delta1_K32_radius1_aligned,128,1.0,1.0,0.9996115615718396,0.9996115615718393,3.3306690738754696e-16,0.0
delta1_K32_radius1_transverse,64,-1.0,-1.0,-0.9996115298006997,-0.9996115298006998,1.1102230246251565e-16,6.475930902638538e-13
delta1_K32_radius1_transverse,64,-1.0,-0.5,-0.9997091498051088,-0.999709149805109,2.220446049250313e-16,8.922307337400071e-13
delta1_K32_radius1_transverse,64,-1.0,0.0,-0.9998067698095181,-0.9998067698095182,1.1102230246251565e-16,5.684602104528718e-13
delta1_K32_radius1_transverse,64,-1.0,0.5,-0.9999043898139273,-0.9999043898139274,1.1102230246251565e-16,8.131273432354647e-13
delta1_K32_radius1_transverse,64,-1.0,1.0,-1.0000020098183364,-1.0000020098183366,2.220446049250313e-16,1.0578204978628492e-12
delta1_K32_radius1_transverse,64,-0.5,-1.0,-0.4997386121465578,-0.49973861214655774,5.551115123125783e-17,1.9939605522267811e-13
delta1_K32_radius1_transverse,64,-0.5,-0.5,-0.49983625002208776,-0.4998362500220878,5.551115123125783e-17,1.8451906669270102e-13
delta1_K32_radius1_transverse,64,-0.5,0.0,-0.4999338878976178,-0.49993388789761783,5.551115123125783e-17,2.842301052264359e-13
delta1_K32_radius1_transverse,64,-0.5,0.5,-0.5000315257731478,-0.5000315257731479,1.1102230246251565e-16,3.839706330666104e-13
delta1_K32_radius1_transverse,64,-0.5,1.0,-0.500129163648678,-0.5001291636486779,1.1102230246251565e-16,3.6903813338540203e-13
delta1_K32_radius1_transverse,64,0.0,-1.0,0.0001952876670791257,0.00019528766707912617,4.607859233063394e-19,2.3314683517128287e-15
delta1_K32_radius1_transverse,64,0.0,-0.5,9.764383353955805e-05,9.764383353956308e-05,5.027987574901527e-18,2.5701663020072374e-14
delta1_K32_radius1_transverse,64,0.0,0.0,-2.967262293350221e-18,0.0,2.967262293350221e-18,1.519307842058347e-14
delta1_K32_radius1_transverse,64,0.0,0.5,-9.76438335395561e-05,-9.764383353956308e-05,6.979551485375435e-18,3.569367024169878e-14
delta1_K32_radius1_transverse,64,0.0,1.0,-0.00019528766707912435,-0.00019528766707912617,1.81603863891322e-18,9.2148511043888e-15
delta1_K32_radius1_transverse,64,0.5,-1.0,0.5001291636486779,0.5001291636486779,0.0,1.9939605522267811e-13
delta1_K32_radius1_transverse,64,0.5,-0.5,0.5000315257731478,0.5000315257731479,1.1102230246251565e-16,3.839706330666104e-13
delta1_K32_radius1_transverse,64,0.5,0.0,0.4999338878976178,0.49993388789761783,5.551115123125783e-17,2.842301052264359e-13
delta1_K32_radius1_transverse,64,0.5,0.5,0.49983625002208776,0.4998362500220878,5.551115123125783e-17,1.8451906669270102e-13
delta1_K32_radius1_transverse,64,0.5,1.0,0.4997386121465578,0.49973861214655774,5.551115123125783e-17,1.9939605522267811e-13
delta1_K32_radius1_transverse,64,1.0,-1.0,1.0000020098183364,1.0000020098183366,2.220446049250313e-16,1.0578204978628492e-12
delta1_K32_radius1_transverse,64,1.0,-0.5,0.9999043898139274,0.9999043898139274,0.0,2.446931546273845e-13
delta1_K32_radius1_transverse,64,1.0,0.0,0.9998067698095181,0.9998067698095182,1.1102230246251565e-16,5.684602104528718e-13
delta1_K32_radius1_transverse,64,1.0,0.5,0.9997091498051089,0.999709149805109,1.1102230246251565e-16,3.237965451319269e-13
delta1_K32_radius1_transverse,64,1.0,1.0,0.9996115298006998,0.9996115298006998,0.0,7.904787935331115e-14
delta1_K32_radius1_transverse,128,-1.0,-1.0,-0.9996115298006993,-0.9996115298006994,1.1102230246251565e-16,6.475930902638538e-13
delta1_K32_radius1_transverse,128,-1.0,-0.5,-0.9997091498051085,-0.9997091498051087,2.220446049250313e-16,8.922307337400071e-13
delta1_K32_radius1_transverse,128,-1.0,0.0,-0.9998067698095179,-0.9998067698095179,0.0,0.0
delta1_K32_radius1_transverse,128,-1.0,0.5,-0.9999043898139269,-0.999904389813927,1.1102230246251565e-16,8.131273432354647e-13
delta1_K32_radius1_transverse,128,-1.0,1.0,-1.0000020098183362,-1.0000020098183362,0.0,4.89386309254769e-13
delta1_K32_radius1_transverse,128,-0.5,-1.0,-0.49973861214655757,-0.4997386121465575,5.551115123125783e-17,1.9917401061775308e-13
delta1_K32_radius1_transverse,128,-0.5,-0.5,-0.49983625002208754,-0.4998362500220876,5.551115123125783e-17,1.8463008899516353e-13
delta1_K32_radius1_transverse,128,-0.5,0.0,-0.49993388789761767,-0.4999338878976176,5.551115123125783e-17,2.842301052264359e-13
delta1_K32_radius1_transverse,128,-0.5,0.5,-0.5000315257731477,-0.5000315257731477,0.0,1.8463008899516353e-13
delta1_K32_radius1_transverse,128,-0.5,1.0,-0.5001291636486778,-0.5001291636486777,1.1102230246251565e-16,3.6926017799032707e-13
delta1_K32_radius1_transverse,128,0.0,-1.0,0.0001952876670791223,0.00019528766707912608,3.7947076036992655e-18,1.942890293094024e-14
delta1_K32_radius1_transverse,128,0.0,-0.5,9.764383353956193e-05,9.764383353956304e-05,1.111307226797642e-18,5.717648576819556e-15
delta1_K32_radius1_transverse,128,0.0,0.0,2.777659262063266e-18,0.0,2.777659262063266e-18,1.422226646048856e-14
delta1_K32_radius1_transverse,128,0.0,0.5,-9.764383353955976e-05,-9.764383353956304e-05,3.279711571768651e-18,1.6819878823071122e-14
delta1_K32_radius1_transverse,128,0.0,1.0,-0.0001952876670791235,-0.00019528766707912608,2.574980159653073e-18,1.3211653993039363e-14
delta1_K32_radius1_transverse,128,0.5,-1.0,0.5001291636486778,0.5001291636486777,1.1102230246251565e-16,3.6926017799032707e-13
delta1_K32_radius1_transverse,128,0.5,-0.5,0.5000315257731477,0.5000315257731477,0.0,1.8463008899516353e-13
delta1_K32_radius1_transverse,128,0.5,0.0,0.4999338878976176,0.4999338878976176,0.0,0.0
delta1_K32_radius1_transverse,128,0.5,0.5,0.49983625002208754,0.4998362500220876,5.551115123125783e-17,1.8463008899516353e-13
delta1_K32_radius1_transverse,128,0.5,1.0,0.49973861214655757,0.4997386121465575,5.551115123125783e-17,1.9917401061775308e-13
delta1_K32_radius1_transverse,128,1.0,-1.0,1.0000020098183362,1.0000020098183362,0.0,7.926992395823618e-14
delta1_K32_radius1_transverse,128,1.0,-0.5,0.999904389813927,0.9999043898139269,1.1102230246251565e-16,3.239075674343894e-13
delta1_K32_radius1_transverse,128,1.0,0.0,0.9998067698095178,0.9998067698095178,0.0,0.0
delta1_K32_radius1_transverse,128,1.0,0.5,0.9997091498051087,0.9997091498051086,1.1102230246251565e-16,8.130163209330021e-13
delta1_K32_radius1_transverse,128,1.0,1.0,0.9996115298006993,0.9996115298006993,0.0,7.926992395823618e-14
delta1_K32_radius0.125_aligned,64,-1.0,-1.0,-0.9997823687798082,-0.9997823687798084,2.220446049250313e-16,0.0
delta1_K32_radius0.125_aligned,64,-1.0,-0.5,-0.9997823687798082,-0.9997823687798084,2.220446049250313e-16,0.0
delta1_K32_radius0.125_aligned,64,-1.0,0.0,-0.9997823687798082,-0.9997823687798084,2.220446049250313e-16,0.0
delta1_K32_radius0.125_aligned,64,-1.0,0.5,-0.9997823687798082,-0.9997823687798084,2.220446049250313e-16,0.0
delta1_K32_radius0.125_aligned,64,-1.0,1.0,-0.9997823687798082,-0.9997823687798084,2.220446049250313e-16,0.0
delta1_K32_radius0.125_aligned,64,-0.5,-1.0,-0.49992168514935753,-0.49992168514935753,0.0,0.0
delta1_K32_radius0.125_aligned,64,-0.5,-0.5,-0.49992168514935753,-0.49992168514935753,0.0,0.0
delta1_K32_radius0.125_aligned,64,-0.5,0.0,-0.49992168514935753,-0.49992168514935753,0.0,0.0
delta1_K32_radius0.125_aligned,64,-0.5,0.5,-0.49992168514935753,-0.49992168514935753,0.0,0.0
delta1_K32_radius0.125_aligned,64,-0.5,1.0,-0.49992168514935753,-0.49992168514935753,0.0,0.0
delta1_K32_radius0.125_aligned,64,0.0,-1.0,1.3010426069826053e-18,0.0,1.3010426069826053e-18,0.0
delta1_K32_radius0.125_aligned,64,0.0,-0.5,1.3010426069826053e-18,0.0,1.3010426069826053e-18,0.0
delta1_K32_radius0.125_aligned,64,0.0,0.0,1.3010426069826053e-18,0.0,1.3010426069826053e-18,0.0
delta1_K32_radius0.125_aligned,64,0.0,0.5,1.3010426069826053e-18,0.0,1.3010426069826053e-18,0.0
delta1_K32_radius0.125_aligned,64,0.0,1.0,1.3010426069826053e-18,0.0,1.3010426069826053e-18,0.0
delta1_K32_radius0.125_aligned,64,0.5,-1.0,0.49992168514935753,0.49992168514935753,0.0,0.0
delta1_K32_radius0.125_aligned,64,0.5,-0.5,0.49992168514935753,0.49992168514935753,0.0,0.0
delta1_K32_radius0.125_aligned,64,0.5,0.0,0.49992168514935753,0.49992168514935753,0.0,0.0
delta1_K32_radius0.125_aligned,64,0.5,0.5,0.49992168514935753,0.49992168514935753,0.0,0.0
delta1_K32_radius0.125_aligned,64,0.5,1.0,0.49992168514935753,0.49992168514935753,0.0,0.0
delta1_K32_radius0.125_aligned,64,1.0,-1.0,0.9997823687798084,0.9997823687798084,0.0,0.0
delta1_K32_radius0.125_aligned,64,1.0,-0.5,0.9997823687798084,0.9997823687798084,0.0,0.0
delta1_K32_radius0.125_aligned,64,1.0,0.0,0.9997823687798084,0.9997823687798084,0.0,0.0
delta1_K32_radius0.125_aligned,64,1.0,0.5,0.9997823687798084,0.9997823687798084,0.0,0.0
delta1_K32_radius0.125_aligned,64,1.0,1.0,0.9997823687798084,0.9997823687798084,0.0,0.0
delta1_K32_radius0.125_aligned,128,-1.0,-1.0,-0.9997823687798082,-0.9997823687798081,1.1102230246251565e-16,0.0
delta1_K32_radius0.125_aligned,128,-1.0,-0.5,-0.9997823687798082,-0.9997823687798081,1.1102230246251565e-16,0.0
delta1_K32_radius0.125_aligned,128,-1.0,0.0,-0.9997823687798082,-0.9997823687798081,1.1102230246251565e-16,0.0
delta1_K32_radius0.125_aligned,128,-1.0,0.5,-0.9997823687798082,-0.9997823687798081,1.1102230246251565e-16,0.0
delta1_K32_radius0.125_aligned,128,-1.0,1.0,-0.9997823687798082,-0.9997823687798081,1.1102230246251565e-16,0.0
delta1_K32_radius0.125_aligned,128,-0.5,-1.0,-0.4999216851493574,-0.4999216851493573,1.1102230246251565e-16,0.0
delta1_K32_radius0.125_aligned,128,-0.5,-0.5,-0.4999216851493574,-0.4999216851493573,1.1102230246251565e-16,0.0
delta1_K32_radius0.125_aligned,128,-0.5,0.0,-0.4999216851493574,-0.4999216851493573,1.1102230246251565e-16,0.0
delta1_K32_radius0.125_aligned,128,-0.5,0.5,-0.4999216851493574,-0.4999216851493573,1.1102230246251565e-16,0.0
delta1_K32_radius0.125_aligned,128,-0.5,1.0,-0.4999216851493574,-0.4999216851493573,1.1102230246251565e-16,0.0
delta1_K32_radius0.125_aligned,128,0.0,-1.0,-1.6371452804531117e-17,0.0,1.6371452804531117e-17,0.0
delta1_K32_radius0.125_aligned,128,0.0,-0.5,-1.6371452804531117e-17,0.0,1.6371452804531117e-17,0.0
delta1_K32_radius0.125_aligned,128,0.0,0.0,-1.6371452804531117e-17,0.0,1.6371452804531117e-17,0.0
delta1_K32_radius0.125_aligned,128,0.0,0.5,-1.6371452804531117e-17,0.0,1.6371452804531117e-17,0.0
delta1_K32_radius0.125_aligned,128,0.0,1.0,-1.6371452804531117e-17,0.0,1.6371452804531117e-17,0.0
delta1_K32_radius0.125_aligned,128,0.5,-1.0,0.4999216851493575,0.4999216851493573,1.6653345369377348e-16,0.0
delta1_K32_radius0.125_aligned,128,0.5,-0.5,0.4999216851493575,0.4999216851493573,1.6653345369377348e-16,0.0
delta1_K32_radius0.125_aligned,128,0.5,0.0,0.4999216851493575,0.4999216851493573,1.6653345369377348e-16,0.0
delta1_K32_radius0.125_aligned,128,0.5,0.5,0.4999216851493575,0.4999216851493573,1.6653345369377348e-16,0.0
delta1_K32_radius0.125_aligned,128,0.5,1.0,0.4999216851493575,0.4999216851493573,1.6653345369377348e-16,0.0
delta1_K32_radius0.125_aligned,128,1.0,-1.0,0.9997823687798081,0.999782368779808,1.1102230246251565e-16,0.0
delta1_K32_radius0.125_aligned,128,1.0,-0.5,0.9997823687798081,0.999782368779808,1.1102230246251565e-16,0.0
delta1_K32_radius0.125_aligned,128,1.0,0.0,0.9997823687798081,0.999782368779808,1.1102230246251565e-16,0.0
delta1_K32_radius0.125_aligned,128,1.0,0.5,0.9997823687798081,0.999782368779808,1.1102230246251565e-16,0.0
delta1_K32_radius0.125_aligned,128,1.0,1.0,0.9997823687798081,0.999782368779808,1.1102230246251565e-16,0.0
delta1_K32_radius0.125_transverse,64,-1.0,-1.0,-0.9997823648084159,-0.9997823648084159,0.0,1.7844614674800141e-12
delta1_K32_radius0.125_transverse,64,-1.0,-0.5,-0.999794567308967,-0.9997945673089671,1.1102230246251565e-16,3.16607851047479e-12
delta1_K32_radius0.125_transverse,64,-1.0,0.0,-0.9998067698095182,-0.9998067698095182,0.0,0.0
delta1_K32_radius0.125_transverse,64,-1.0,0.5,-0.9998189723100692,-0.9998189723100693,1.1102230246251565e-16,5.929257085313111e-12
delta1_K32_radius0.125_transverse,64,-1.0,1.0,-0.9998311748106203,-0.9998311748106206,2.220446049250313e-16,7.310929639459118e-12
delta1_K32_radius0.125_transverse,64,-0.5,-1.0,-0.49990947842873534,-0.49990947842873534,0.0,7.679412661332208e-13
delta1_K32_radius0.125_transverse,64,-0.5,-0.5,-0.4999216831631766,-0.4999216831631766,0.0,3.839706330666104e-13
delta1_K32_radius0.125_transverse,64,-0.5,0.0,-0.49993388789761783,-0.49993388789761783,0.0,0.0
delta1_K32_radius0.125_transverse,64,-0.5,0.5,-0.499946092632059,-0.4999460926320591,5.551115123125783e-17,2.6578184098013935e-12
delta1_K32_radius0.125_transverse,64,-0.5,1.0,-0.4999582973665003,-0.4999582973665003,0.0,7.679412661332208e-13
delta1_K32_radius0.125_transverse,64,0.0,-1.0,2.4410958384891696e-05,2.441095838489077e-05,9.24959978401696e-19,3.7969627442180354e-14
delta1_K32_radius0.125_transverse,64,0.0,-0.5,1.2205479192454733e-05,1.2205479192445385e-05,9.347855605898459e-18,3.829159211932165e-13
delta1_K32_radius0.125_transverse,64,0.0,0.0,5.567653441420923e-19,0.0,5.567653441420923e-19,2.280615247090474e-14
delta1_K32_radius0.125_transverse,64,0.0,0.5,-1.2205479192447166e-05,-1.2205479192445385e-05,1.7804632551285393e-18,7.294165271787278e-14
delta1_K32_radius0.125_transverse,64,0.0,1.0,-2.4410958384887684e-05,-2.441095838489077e-05,3.0865880597946704e-18,1.2634338020234281e-13
delta1_K32_radius0.125_transverse,64,0.5,-1.0,0.4999582973665003,0.4999582973665003,0.0,7.679412661332208e-13
delta1_K32_radius0.125_transverse,64,0.5,-0.5,0.4999460926320591,0.4999460926320591,0.0,3.839706330666104e-13
delta1_K32_radius0.125_transverse,64,0.5,0.0,0.4999338878976178,0.49993388789761783,5.551115123125783e-17,2.273840841811487e-12
delta1_K32_radius0.125_transverse,64,0.5,0.5,0.49992168316317653,0.4999216831631766,5.551115123125783e-17,1.8898771436681727e-12
delta1_K32_radius0.125_transverse,64,0.5,1.0,0.49990947842873534,0.49990947842873534,0.0,7.679412661332208e-13
delta1_K32_radius0.125_transverse,64,1.0,-1.0,0.9998311748106203,0.9998311748106206,2.220446049250313e-16,7.310929639459118e-12
delta1_K32_radius0.125_transverse,64,1.0,-0.5,0.9998189723100692,0.9998189723100693,1.1102230246251565e-16,5.929257085313111e-12
delta1_K32_radius0.125_transverse,64,1.0,0.0,0.9998067698095181,0.9998067698095182,1.1102230246251565e-16,4.547681683622974e-12
delta1_K32_radius0.125_transverse,64,1.0,0.5,0.9997945673089669,0.9997945673089671,2.220446049250313e-16,7.713774063944356e-12
delta1_K32_radius0.125_transverse,64,1.0,1.0,0.9997823648084159,0.9997823648084159,0.0,1.7844614674800141e-12
delta1_K32_radius0.125_transverse,128,-1.0,-1.0,-0.9997823648084155,-0.9997823648084155,0.0,1.7844614674800141e-12
delta1_K32_radius0.125_transverse,128,-1.0,-0.5,-0.9997945673089667,-0.9997945673089668,1.1102230246251565e-16,3.16607851047479e-12
delta1_K32_radius0.125_transverse,128,-1.0,0.0,-0.9998067698095178,-0.9998067698095179,1.1102230246251565e-16,4.547681683622974e-12
delta1_K32_radius0.125_transverse,128,-1.0,0.5,-0.9998189723100689,-0.999818972310069,1.1102230246251565e-16,5.929257085313111e-12
delta1_K32_radius0.125_transverse,128,-1.0,1.0,-0.9998311748106201,-0.9998311748106202,1.1102230246251565e-16,2.763234085989552e-12
delta1_K32_radius0.125_transverse,128,-0.5,-1.0,-0.4999094784287352,-0.4999094784287351,5.551115123125783e-17,3.041566998263079e-12
delta1_K32_radius0.125_transverse,128,-0.5,-0.5,-0.49992168316317637,-0.49992168316317637,0.0,3.8385961076414787e-13
delta1_K32_radius0.125_transverse,128,-0.5,0.0,-0.49993388789761767,-0.4999338878976176,5.551115123125783e-17,2.273840841811487e-12
delta1_K32_radius0.125_transverse,128,-0.5,0.5,-0.4999460926320588,-0.49994609263205886,5.551115123125783e-17,2.657707387498931e-12
delta1_K32_radius0.125_transverse,128,-0.5,1.0,-0.4999582973665001,-0.4999582973665001,0.0,7.677192215282957e-13
delta1_K32_radius0.125_transverse,128,0.0,-1.0,2.4410958384891065e-05,2.441095838489076e-05,3.049318610115481e-19,1.2434497875801753e-14
delta1_K32_radius0.125_transverse,128,0.0,-0.5,1.2205479192442717e-05,1.220547919244538e-05,2.6630715861675203e-18,1.0907941216942163e-13
delta1_K32_radius0.125_transverse,128,0.0,0.0,-7.145847875723095e-20,0.0,7.145847875723095e-20,2.92707327965514e-15
delta1_K32_radius0.125_transverse,128,0.0,0.5,-1.220547919244471e-05,-1.220547919244538e-05,6.708500942254059e-19,2.7478019859472624e-14
delta1_K32_radius0.125_transverse,128,0.0,1.0,-2.4410958384892726e-05,-2.441095838489076e-05,1.9651164376299768e-18,8.049116928532385e-14
delta1_K32_radius0.125_transverse,128,0.5,-1.0,0.4999582973665001,0.4999582973665001,0.0,7.677192215282957e-13
delta1_K32_radius0.125_transverse,128,0.5,-0.5,0.4999460926320589,0.49994609263205886,5.551115123125783e-17,1.8899881659706352e-12
delta1_K32_radius0.125_transverse,128,0.5,0.0,0.49993388789761756,0.4999338878976176,5.551115123125783e-17,2.273840841811487e-12
delta1_K32_radius0.125_transverse,128,0.5,0.5,0.4999216831631764,0.49992168316317637,5.551115123125783e-17,2.657707387498931e-12
delta1_K32_radius0.125_transverse,128,0.5,1.0,0.4999094784287351,0.4999094784287351,0.0,7.677192215282957e-13
delta1_K32_radius0.125_transverse,128,1.0,-1.0,0.9998311748106201,0.9998311748106201,0.0,1.7846835120849391e-12
delta1_K32_radius0.125_transverse,128,1.0,-0.5,0.9998189723100689,0.9998189723100689,0.0,1.3815060206923135e-12
delta1_K32_radius0.125_transverse,128,1.0,0.0,0.9998067698095177,0.9998067698095178,1.1102230246251565e-16,4.547681683622974e-12
delta1_K32_radius0.125_transverse,128,1.0,0.5,0.9997945673089665,0.9997945673089667,1.1102230246251565e-16,3.1661895327772527e-12
delta1_K32_radius0.125_transverse,128,1.0,1.0,0.9997823648084154,0.9997823648084154,0.0,1.7846835120849391e-12
delta1_K32_radius0.015625_aligned,64,-1.0,-1.0,-0.9998037196808044,-0.9998037196808045,1.1102230246251565e-16,0.0
delta1_K32_radius0.015625_aligned,64,-1.0,-0.5,-0.9998037196808044,-0.9998037196808045,1.1102230246251565e-16,0.0
delta1_K32_radius0.015625_aligned,64,-1.0,0.0,-0.9998037196808044,-0.9998037196808045,1.1102230246251565e-16,0.0
delta1_K32_radius0.015625_aligned,64,-1.0,0.5,-0.9998037196808044,-0.9998037196808045,1.1102230246251565e-16,0.0
delta1_K32_radius0.015625_aligned,64,-1.0,1.0,-0.9998037196808044,-0.9998037196808045,1.1102230246251565e-16,0.0
delta1_K32_radius0.015625_aligned,64,-0.5,-1.0,-0.49993236255408524,-0.4999323625540853,5.551115123125783e-17,0.0
delta1_K32_radius0.015625_aligned,64,-0.5,-0.5,-0.49993236255408524,-0.4999323625540853,5.551115123125783e-17,0.0
delta1_K32_radius0.015625_aligned,64,-0.5,0.0,-0.49993236255408524,-0.4999323625540853,5.551115123125783e-17,0.0
delta1_K32_radius0.015625_aligned,64,-0.5,0.5,-0.49993236255408524,-0.4999323625540853,5.551115123125783e-17,0.0
delta1_K32_radius0.015625_aligned,64,-0.5,1.0,-0.49993236255408524,-0.4999323625540853,5.551115123125783e-17,0.0
delta1_K32_radius0.015625_aligned,64,0.0,-1.0,-1.8648277366750676e-17,0.0,1.8648277366750676e-17,0.0
delta1_K32_radius0.015625_aligned,64,0.0,-0.5,-1.8648277366750676e-17,0.0,1.8648277366750676e-17,0.0
delta1_K32_radius0.015625_aligned,64,0.0,0.0,-1.8648277366750676e-17,0.0,1.8648277366750676e-17,0.0
delta1_K32_radius0.015625_aligned,64,0.0,0.5,-1.8648277366750676e-17,0.0,1.8648277366750676e-17,0.0
delta1_K32_radius0.015625_aligned,64,0.0,1.0,-1.8648277366750676e-17,0.0,1.8648277366750676e-17,0.0
delta1_K32_radius0.015625_aligned,64,0.5,-1.0,0.49993236255408535,0.4999323625540853,5.551115123125783e-17,0.0
delta1_K32_radius0.015625_aligned,64,0.5,-0.5,0.49993236255408535,0.4999323625540853,5.551115123125783e-17,0.0
delta1_K32_radius0.015625_aligned,64,0.5,0.0,0.49993236255408535,0.4999323625540853,5.551115123125783e-17,0.0
delta1_K32_radius0.015625_aligned,64,0.5,0.5,0.49993236255408535,0.4999323625540853,5.551115123125783e-17,0.0
delta1_K32_radius0.015625_aligned,64,0.5,1.0,0.49993236255408535,0.4999323625540853,5.551115123125783e-17,0.0
delta1_K32_radius0.015625_aligned,64,1.0,-1.0,0.9998037196808045,0.9998037196808045,0.0,0.0
delta1_K32_radius0.015625_aligned,64,1.0,-0.5,0.9998037196808045,0.9998037196808045,0.0,0.0
delta1_K32_radius0.015625_aligned,64,1.0,0.0,0.9998037196808045,0.9998037196808045,0.0,0.0
delta1_K32_radius0.015625_aligned,64,1.0,0.5,0.9998037196808045,0.9998037196808045,0.0,0.0
delta1_K32_radius0.015625_aligned,64,1.0,1.0,0.9998037196808045,0.9998037196808045,0.0,0.0
delta1_K32_radius0.015625_aligned,128,-1.0,-1.0,-0.9998037196808043,-0.9998037196808042,1.1102230246251565e-16,0.0
delta1_K32_radius0.015625_aligned,128,-1.0,-0.5,-0.9998037196808043,-0.9998037196808042,1.1102230246251565e-16,0.0
delta1_K32_radius0.015625_aligned,128,-1.0,0.0,-0.9998037196808043,-0.9998037196808042,1.1102230246251565e-16,0.0
delta1_K32_radius0.015625_aligned,128,-1.0,0.5,-0.9998037196808043,-0.9998037196808042,1.1102230246251565e-16,0.0
delta1_K32_radius0.015625_aligned,128,-1.0,1.0,-0.9998037196808043,-0.9998037196808042,1.1102230246251565e-16,0.0
delta1_K32_radius0.015625_aligned,128,-0.5,-1.0,-0.49993236255408524,-0.4999323625540851,1.6653345369377348e-16,0.0
delta1_K32_radius0.015625_aligned,128,-0.5,-0.5,-0.49993236255408524,-0.4999323625540851,1.6653345369377348e-16,0.0
delta1_K32_radius0.015625_aligned,128,-0.5,0.0,-0.49993236255408524,-0.4999323625540851,1.6653345369377348e-16,0.0
delta1_K32_radius0.015625_aligned,128,-0.5,0.5,-0.49993236255408524,-0.4999323625540851,1.6653345369377348e-16,0.0
delta1_K32_radius0.015625_aligned,128,-0.5,1.0,-0.49993236255408524,-0.4999323625540851,1.6653345369377348e-16,0.0
delta1_K32_radius0.015625_aligned,128,0.0,-1.0,1.6263032587282567e-18,0.0,1.6263032587282567e-18,0.0
delta1_K32_radius0.015625_aligned,128,0.0,-0.5,1.6263032587282567e-18,0.0,1.6263032587282567e-18,0.0
delta1_K32_radius0.015625_aligned,128,0.0,0.0,1.6263032587282567e-18,0.0,1.6263032587282567e-18,0.0
delta1_K32_radius0.015625_aligned,128,0.0,0.5,1.6263032587282567e-18,0.0,1.6263032587282567e-18,0.0
delta1_K32_radius0.015625_aligned,128,0.0,1.0,1.6263032587282567e-18,0.0,1.6263032587282567e-18,0.0
delta1_K32_radius0.015625_aligned,128,0.5,-1.0,0.49993236255408524,0.4999323625540851,1.6653345369377348e-16,0.0
delta1_K32_radius0.015625_aligned,128,0.5,-0.5,0.49993236255408524,0.4999323625540851,1.6653345369377348e-16,0.0
delta1_K32_radius0.015625_aligned,128,0.5,0.0,0.49993236255408524,0.4999323625540851,1.6653345369377348e-16,0.0
delta1_K32_radius0.015625_aligned,128,0.5,0.5,0.49993236255408524,0.4999323625540851,1.6653345369377348e-16,0.0
delta1_K32_radius0.015625_aligned,128,0.5,1.0,0.49993236255408524,0.4999323625540851,1.6653345369377348e-16,0.0
delta1_K32_radius0.015625_aligned,128,1.0,-1.0,0.9998037196808043,0.9998037196808041,2.220446049250313e-16,0.0
delta1_K32_radius0.015625_aligned,128,1.0,-0.5,0.9998037196808043,0.9998037196808041,2.220446049250313e-16,0.0
delta1_K32_radius0.015625_aligned,128,1.0,0.0,0.9998037196808043,0.9998037196808041,2.220446049250313e-16,0.0
delta1_K32_radius0.015625_aligned,128,1.0,0.5,0.9998037196808043,0.9998037196808041,2.220446049250313e-16,0.0
delta1_K32_radius0.015625_aligned,128,1.0,1.0,0.9998037196808043,0.9998037196808041,2.220446049250313e-16,0.0
delta1_K32_radius0.015625_transverse,64,-1.0,-1.0,-0.9998037191843803,-0.9998037191843804,1.1102230246251565e-16,5.180900153334278e-11
delta1_K32_radius0.015625_transverse,64,-1.0,-0.5,-0.9998052444969492,-0.9998052444969493,1.1102230246251565e-16,4.4095227469398424e-11
delta1_K32_radius0.015625_transverse,64,-1.0,0.0,-0.9998067698095181,-0.9998067698095182,1.1102230246251565e-16,3.6381453468983794e-11
delta1_K32_radius0.015625_transverse,64,-1.0,0.5,-0.999808295122087,-0.9998082951220871,1.1102230246251565e-16,2.866767934150971e-11
delta1_K32_radius0.015625_transverse,64,-1.0,1.0,-0.9998098204346559,-0.999809820434656,1.1102230246251565e-16,2.0953905277565354e-11
delta1_K32_radius0.015625_transverse,64,-0.5,-1.0,-0.4999308367140075,-0.4999308367140075,0.0,3.7797542873363454e-12
delta1_K32_radius0.015625_transverse,64,-0.5,-0.5,-0.4999323623058127,-0.49993236230581267,5.551115123125783e-17,1.630084955905886e-11
delta1_K32_radius0.015625_transverse,64,-0.5,0.0,-0.49993388789761783,-0.49993388789761783,0.0,0.0
delta1_K32_radius0.015625_transverse,64,-0.5,0.5,-0.49993541348942294,-0.499935413489423,5.551115123125783e-17,1.630084955905886e-11
delta1_K32_radius0.015625_transverse,64,-0.5,1.0,-0.49993693908122816,-0.49993693908122816,0.0,3.7797542873363454e-12
delta1_K32_radius0.015625_transverse,64,0.0,-1.0,3.051369798108476e-06,3.0513697981113463e-06,2.8701711417711967e-18,9.404699241599701e-13
delta1_K32_radius0.015625_transverse,64,0.0,-0.5,1.5256848990601512e-06,1.5256848990556732e-06,4.478051433896672e-18,1.4674372827983007e-12
delta1_K32_radius0.015625_transverse,64,0.0,0.0,1.2638575297258965e-18,0.0,1.2638575297258965e-18,4.141597939267384e-13
delta1_K32_radius0.015625_transverse,64,0.0,0.5,-1.5256848990604926e-06,-1.5256848990556732e-06,4.819405711640155e-18,1.5793477636805164e-12
delta1_K32_radius0.015625_transverse,64,0.0,1.0,-3.0513697981084885e-06,-3.0513697981113463e-06,2.8578891640360093e-18,9.364731212713195e-13
delta1_K32_radius0.015625_transverse,64,0.5,-1.0,0.49993693908122816,0.49993693908122816,0.0,3.7797542873363454e-12
delta1_K32_radius0.015625_transverse,64,0.5,-0.5,0.49993541348942294,0.499935413489423,5.551115123125783e-17,1.630084955905886e-11
delta1_K32_radius0.015625_transverse,64,0.5,0.0,0.4999338878976179,0.49993388789761783,5.551115123125783e-17,1.8190726734491897e-11
delta1_K32_radius0.015625_transverse,64,0.5,0.5,0.4999323623058126,0.49993236230581267,5.551115123125783e-17,2.0080603846395206e-11
delta1_K32_radius0.015625_transverse,64,0.5,1.0,0.4999308367140075,0.4999308367140075,0.0,3.7797542873363454e-12
delta1_K32_radius0.015625_transverse,64,1.0,-1.0,0.9998098204346559,0.999809820434656,1.1102230246251565e-16,2.0953905277565354e-11
delta1_K32_radius0.015625_transverse,64,1.0,-0.5,0.9998082951220869,0.9998082951220871,2.220446049250313e-16,6.504913274696378e-11
delta1_K32_radius0.015625_transverse,64,1.0,0.0,0.9998067698095181,0.9998067698095182,1.1102230246251565e-16,3.6381453468983794e-11
delta1_K32_radius0.015625_transverse,64,1.0,0.5,0.9998052444969492,0.9998052444969493,1.1102230246251565e-16,4.4095227469398424e-11
delta1_K32_radius0.015625_transverse,64,1.0,1.0,0.9998037191843804,0.9998037191843804,0.0,1.5427548127888713e-11
delta1_K32_radius0.015625_transverse,128,-1.0,-1.0,-0.99980371918438,-0.99980371918438,0.0,1.5427548127888713e-11
delta1_K32_radius0.015625_transverse,128,-1.0,-0.5,-0.9998052444969487,-0.999805244496949,2.220446049250313e-16,8.047668087485249e-11
delta1_K32_radius0.015625_transverse,128,-1.0,0.0,-0.9998067698095178,-0.9998067698095179,1.1102230246251565e-16,3.6381453468983794e-11
delta1_K32_radius0.015625_transverse,128,-1.0,0.5,-0.9998082951220867,-0.9998082951220868,1.1102230246251565e-16,2.866767934150971e-11
delta1_K32_radius0.015625_transverse,128,-1.0,1.0,-0.9998098204346555,-0.9998098204346557,2.220446049250313e-16,5.733535868301942e-11
delta1_K32_radius0.015625_transverse,128,-0.5,-1.0,-0.49993083671400734,-0.4999308367140073,5.551115123125783e-17,1.4410694859634532e-11
delta1_K32_radius0.015625_transverse,128,-0.5,-0.5,-0.4999323623058125,-0.49993236230581245,5.551115123125783e-17,1.63007385367564e-11
delta1_K32_radius0.015625_transverse,128,-0.5,0.0,-0.49993388789761767,-0.4999338878976176,5.551115123125783e-17,1.8190726734491897e-11
delta1_K32_radius0.015625_transverse,128,-0.5,0.5,-0.49993541348942283,-0.4999354134894228,5.551115123125783e-17,2.008071486869767e-11
delta1_K32_radius0.015625_transverse,128,-0.5,1.0,-0.49993693908122794,-0.49993693908122794,0.0,3.7799763319412705e-12
delta1_K32_radius0.015625_transverse,128,0.0,-1.0,3.051369798120248e-06,3.051369798111345e-06,8.902739792116324e-18,2.917333041807524e-12
delta1_K32_radius0.015625_transverse,128,0.0,-0.5,1.5256848990437503e-06,1.5256848990556725e-06,1.1922200490841091e-17,3.906874823655926e-12
delta1_K32_radius0.015625_transverse,128,0.0,0.0,-5.261588342970177e-19,0.0,5.261588342970177e-19,1.7241961950604242e-13
delta1_K32_radius0.015625_transverse,128,0.0,0.5,-1.52568489904552e-06,-1.5256848990556725e-06,1.0152536905790044e-17,3.3269498267429753e-12
delta1_K32_radius0.015625_transverse,128,0.0,1.0,-3.0513697981211537e-06,-3.051369798111345e-06,9.808641529204798e-18,3.2142066785922907e-12
delta1_K32_radius0.015625_transverse,128,0.5,-1.0,0.499936939081228,0.49993693908122794,5.551115123125783e-17,2.1970758545819535e-11
delta1_K32_radius0.015625_transverse,128,0.5,-0.5,0.49993541348942283,0.4999354134894228,5.551115123125783e-17,2.008071486869767e-11
delta1_K32_radius0.015625_transverse,128,0.5,0.0,0.49993388789761767,0.4999338878976176,5.551115123125783e-17,1.8190726734491897e-11
delta1_K32_radius0.015625_transverse,128,0.5,0.5,0.4999323623058125,0.49993236230581245,5.551115123125783e-17,1.63007385367564e-11
delta1_K32_radius0.015625_transverse,128,0.5,1.0,0.49993083671400734,0.4999308367140073,5.551115123125783e-17,1.4410694859634532e-11
delta1_K32_radius0.015625_transverse,128,1.0,-1.0,0.9998098204346556,0.9998098204346556,0.0,1.5427770172493638e-11
delta1_K32_radius0.015625_transverse,128,1.0,-0.5,0.9998082951220868,0.9998082951220867,1.1102230246251565e-16,4.4095338491700886e-11
delta1_K32_radius0.015625_transverse,128,1.0,0.0,0.9998067698095177,0.9998067698095178,1.1102230246251565e-16,3.6381453468983794e-11
delta1_K32_radius0.015625_transverse,128,1.0,0.5,0.999805244496949,0.9998052444969489,1.1102230246251565e-16,2.8667568319207248e-11
delta1_K32_radius0.015625_transverse,128,1.0,1.0,0.99980371918438,0.9998037191843799,1.1102230246251565e-16,2.095368323296043e-11
delta1_K128_radius0_common,64,-1.0,-1.0,-0.999987920312112,-0.999987920312112,0.0,0.0
delta1_K128_radius0_common,64,-1.0,-0.5,-0.999987920312112,-0.999987920312112,0.0,0.0
delta1_K128_radius0_common,64,-1.0,0.0,-0.999987920312112,-0.999987920312112,0.0,0.0
delta1_K128_radius0_common,64,-1.0,0.5,-0.999987920312112,-0.999987920312112,0.0,0.0
delta1_K128_radius0_common,64,-1.0,1.0,-0.999987920312112,-0.999987920312112,0.0,0.0
delta1_K128_radius0_common,64,-0.5,-1.0,-0.4999958674476952,-0.49999586744769525,5.551115123125783e-17,0.0
delta1_K128_radius0_common,64,-0.5,-0.5,-0.4999958674476952,-0.49999586744769525,5.551115123125783e-17,0.0
delta1_K128_radius0_common,64,-0.5,0.0,-0.4999958674476952,-0.49999586744769525,5.551115123125783e-17,0.0
delta1_K128_radius0_common,64,-0.5,0.5,-0.4999958674476952,-0.49999586744769525,5.551115123125783e-17,0.0
delta1_K128_radius0_common,64,-0.5,1.0,-0.4999958674476952,-0.49999586744769525,5.551115123125783e-17,0.0
delta1_K128_radius0_common,64,0.0,-1.0,-4.336808689942018e-18,0.0,4.336808689942018e-18,0.0
delta1_K128_radius0_common,64,0.0,-0.5,-4.336808689942018e-18,0.0,4.336808689942018e-18,0.0
delta1_K128_radius0_common,64,0.0,0.0,-4.336808689942018e-18,0.0,4.336808689942018e-18,0.0
delta1_K128_radius0_common,64,0.0,0.5,-4.336808689942018e-18,0.0,4.336808689942018e-18,0.0
delta1_K128_radius0_common,64,0.0,1.0,-4.336808689942018e-18,0.0,4.336808689942018e-18,0.0
delta1_K128_radius0_common,64,0.5,-1.0,0.4999958674476952,0.49999586744769525,5.551115123125783e-17,0.0
delta1_K128_radius0_common,64,0.5,-0.5,0.4999958674476952,0.49999586744769525,5.551115123125783e-17,0.0
delta1_K128_radius0_common,64,0.5,0.0,0.4999958674476952,0.49999586744769525,5.551115123125783e-17,0.0
delta1_K128_radius0_common,64,0.5,0.5,0.4999958674476952,0.49999586744769525,5.551115123125783e-17,0.0
delta1_K128_radius0_common,64,0.5,1.0,0.4999958674476952,0.49999586744769525,5.551115123125783e-17,0.0
delta1_K128_radius0_common,64,1.0,-1.0,0.9999879203121121,0.9999879203121121,0.0,0.0
delta1_K128_radius0_common,64,1.0,-0.5,0.9999879203121121,0.9999879203121121,0.0,0.0
delta1_K128_radius0_common,64,1.0,0.0,0.9999879203121121,0.9999879203121121,0.0,0.0
delta1_K128_radius0_common,64,1.0,0.5,0.9999879203121121,0.9999879203121121,0.0,0.0
delta1_K128_radius0_common,64,1.0,1.0,0.9999879203121121,0.9999879203121121,0.0,0.0
delta1_K128_radius0_common,128,-1.0,-1.0,-0.999987920312112,-0.9999879203121118,2.220446049250313e-16,0.0
delta1_K128_radius0_common,128,-1.0,-0.5,-0.999987920312112,-0.9999879203121118,2.220446049250313e-16,0.0
delta1_K128_radius0_common,128,-1.0,0.0,-0.999987920312112,-0.9999879203121118,2.220446049250313e-16,0.0
delta1_K128_radius0_common,128,-1.0,0.5,-0.999987920312112,-0.9999879203121118,2.220446049250313e-16,0.0
delta1_K128_radius0_common,128,-1.0,1.0,-0.999987920312112,-0.9999879203121118,2.220446049250313e-16,0.0
delta1_K128_radius0_common,128,-0.5,-1.0,-0.4999958674476951,-0.49999586744769503,5.551115123125783e-17,0.0
delta1_K128_radius0_common,128,-0.5,-0.5,-0.4999958674476951,-0.49999586744769503,5.551115123125783e-17,0.0
delta1_K128_radius0_common,128,-0.5,0.0,-0.4999958674476951,-0.49999586744769503,5.551115123125783e-17,0.0
delta1_K128_radius0_common,128,-0.5,0.5,-0.4999958674476951,-0.49999586744769503,5.551115123125783e-17,0.0
delta1_K128_radius0_common,128,-0.5,1.0,-0.4999958674476951,-0.49999586744769503,5.551115123125783e-17,0.0
delta1_K128_radius0_common,128,0.0,-1.0,-7.047314121155779e-18,0.0,7.047314121155779e-18,0.0
delta1_K128_radius0_common,128,0.0,-0.5,-7.047314121155779e-18,0.0,7.047314121155779e-18,0.0
delta1_K128_radius0_common,128,0.0,0.0,-7.047314121155779e-18,0.0,7.047314121155779e-18,0.0
delta1_K128_radius0_common,128,0.0,0.5,-7.047314121155779e-18,0.0,7.047314121155779e-18,0.0
delta1_K128_radius0_common,128,0.0,1.0,-7.047314121155779e-18,0.0,7.047314121155779e-18,0.0
delta1_K128_radius0_common,128,0.5,-1.0,0.4999958674476952,0.49999586744769503,1.6653345369377348e-16,0.0
delta1_K128_radius0_common,128,0.5,-0.5,0.4999958674476952,0.49999586744769503,1.6653345369377348e-16,0.0
delta1_K128_radius0_common,128,0.5,0.0,0.4999958674476952,0.49999586744769503,1.6653345369377348e-16,0.0
delta1_K128_radius0_common,128,0.5,0.5,0.4999958674476952,0.49999586744769503,1.6653345369377348e-16,0.0
delta1_K128_radius0_common,128,0.5,1.0,0.4999958674476952,0.49999586744769503,1.6653345369377348e-16,0.0
delta1_K128_radius0_common,128,1.0,-1.0,0.999987920312112,0.9999879203121118,2.220446049250313e-16,0.0
delta1_K128_radius0_common,128,1.0,-0.5,0.999987920312112,0.9999879203121118,2.220446049250313e-16,0.0
delta1_K128_radius0_common,128,1.0,0.0,0.999987920312112,0.9999879203121118,2.220446049250313e-16,0.0
delta1_K128_radius0_common,128,1.0,0.5,0.999987920312112,0.9999879203121118,2.220446049250313e-16,0.0
delta1_K128_radius0_common,128,1.0,1.0,0.999987920312112,0.9999879203121118,2.220446049250313e-16,0.0
delta1_K128_radius1_aligned,64,-1.0,-1.0,-0.999939093816882,-0.9999390938168818,1.1102230246251565e-16,0.0
delta1_K128_radius1_aligned,64,-1.0,-0.5,-0.999939093816882,-0.9999390938168818,1.1102230246251565e-16,0.0
delta1_K128_radius1_aligned,64,-1.0,0.0,-0.999939093816882,-0.9999390938168818,1.1102230246251565e-16,0.0
delta1_K128_radius1_aligned,64,-1.0,0.5,-0.999939093816882,-0.9999390938168818,1.1102230246251565e-16,0.0
delta1_K128_radius1_aligned,64,-1.0,1.0,-0.999939093816882,-0.9999390938168818,1.1102230246251565e-16,0.0
delta1_K128_radius1_aligned,64,-0.5,-1.0,-0.4999714539206971,-0.4999714539206972,1.1102230246251565e-16,0.0
delta1_K128_radius1_aligned,64,-0.5,-0.5,-0.4999714539206971,-0.4999714539206972,1.1102230246251565e-16,0.0
delta1_K128_radius1_aligned,64,-0.5,0.0,-0.4999714539206971,-0.4999714539206972,1.1102230246251565e-16,0.0
delta1_K128_radius1_aligned,64,-0.5,0.5,-0.4999714539206971,-0.4999714539206972,1.1102230246251565e-16,0.0
delta1_K128_radius1_aligned,64,-0.5,1.0,-0.4999714539206971,-0.4999714539206972,1.1102230246251565e-16,0.0
delta1_K128_radius1_aligned,64,0.0,-1.0,-8.673617379884035e-18,0.0,8.673617379884035e-18,0.0
delta1_K128_radius1_aligned,64,0.0,-0.5,-8.673617379884035e-18,0.0,8.673617379884035e-18,0.0
delta1_K128_radius1_aligned,64,0.0,0.0,-8.673617379884035e-18,0.0,8.673617379884035e-18,0.0
delta1_K128_radius1_aligned,64,0.0,0.5,-8.673617379884035e-18,0.0,8.673617379884035e-18,0.0
delta1_K128_radius1_aligned,64,0.0,1.0,-8.673617379884035e-18,0.0,8.673617379884035e-18,0.0
delta1_K128_radius1_aligned,64,0.5,-1.0,0.4999714539206971,0.4999714539206972,1.1102230246251565e-16,0.0
delta1_K128_radius1_aligned,64,0.5,-0.5,0.4999714539206971,0.4999714539206972,1.1102230246251565e-16,0.0
delta1_K128_radius1_aligned,64,0.5,0.0,0.4999714539206971,0.4999714539206972,1.1102230246251565e-16,0.0
delta1_K128_radius1_aligned,64,0.5,0.5,0.4999714539206971,0.4999714539206972,1.1102230246251565e-16,0.0
delta1_K128_radius1_aligned,64,0.5,1.0,0.4999714539206971,0.4999714539206972,1.1102230246251565e-16,0.0
delta1_K128_radius1_aligned,64,1.0,-1.0,0.9999390938168817,0.999939093816882,2.220446049250313e-16,0.0
delta1_K128_radius1_aligned,64,1.0,-0.5,0.9999390938168817,0.999939093816882,2.220446049250313e-16,0.0
delta1_K128_radius1_aligned,64,1.0,0.0,0.9999390938168817,0.999939093816882,2.220446049250313e-16,0.0
delta1_K128_radius1_aligned,64,1.0,0.5,0.9999390938168817,0.999939093816882,2.220446049250313e-16,0.0
delta1_K128_radius1_aligned,64,1.0,1.0,0.9999390938168817,0.999939093816882,2.220446049250313e-16,0.0
delta1_K128_radius1_aligned,128,-1.0,-1.0,-0.9999390938168817,-0.9999390938168816,1.1102230246251565e-16,0.0
delta1_K128_radius1_aligned,128,-1.0,-0.5,-0.9999390938168817,-0.9999390938168816,1.1102230246251565e-16,0.0
delta1_K128_radius1_aligned,128,-1.0,0.0,-0.9999390938168817,-0.9999390938168816,1.1102230246251565e-16,0.0
delta1_K128_radius1_aligned,128,-1.0,0.5,-0.9999390938168817,-0.9999390938168816,1.1102230246251565e-16,0.0
delta1_K128_radius1_aligned,128,-1.0,1.0,-0.9999390938168817,-0.9999390938168816,1.1102230246251565e-16,0.0
delta1_K128_radius1_aligned,128,-0.5,-1.0,-0.4999714539206971,-0.499971453920697,1.1102230246251565e-16,0.0
delta1_K128_radius1_aligned,128,-0.5,-0.5,-0.4999714539206971,-0.499971453920697,1.1102230246251565e-16,0.0
delta1_K128_radius1_aligned,128,-0.5,0.0,-0.4999714539206971,-0.499971453920697,1.1102230246251565e-16,0.0
delta1_K128_radius1_aligned,128,-0.5,0.5,-0.4999714539206971,-0.499971453920697,1.1102230246251565e-16,0.0
delta1_K128_radius1_aligned,128,-0.5,1.0,-0.4999714539206971,-0.499971453920697,1.1102230246251565e-16,0.0
delta1_K128_radius1_aligned,128,0.0,-1.0,-7.697835424647081e-18,0.0,7.697835424647081e-18,0.0
delta1_K128_radius1_aligned,128,0.0,-0.5,-7.697835424647081e-18,0.0,7.697835424647081e-18,0.0
delta1_K128_radius1_aligned,128,0.0,0.0,-7.697835424647081e-18,0.0,7.697835424647081e-18,0.0
delta1_K128_radius1_aligned,128,0.0,0.5,-7.697835424647081e-18,0.0,7.697835424647081e-18,0.0
delta1_K128_radius1_aligned,128,0.0,1.0,-7.697835424647081e-18,0.0,7.697835424647081e-18,0.0
delta1_K128_radius1_aligned,128,0.5,-1.0,0.499971453920697,0.499971453920697,0.0,0.0
delta1_K128_radius1_aligned,128,0.5,-0.5,0.499971453920697,0.499971453920697,0.0,0.0
delta1_K128_radius1_aligned,128,0.5,0.0,0.499971453920697,0.499971453920697,0.0,0.0
delta1_K128_radius1_aligned,128,0.5,0.5,0.499971453920697,0.499971453920697,0.0,0.0
delta1_K128_radius1_aligned,128,0.5,1.0,0.499971453920697,0.499971453920697,0.0,0.0
delta1_K128_radius1_aligned,128,1.0,-1.0,0.9999390938168817,0.9999390938168816,1.1102230246251565e-16,0.0
delta1_K128_radius1_aligned,128,1.0,-0.5,0.9999390938168817,0.9999390938168816,1.1102230246251565e-16,0.0
delta1_K128_radius1_aligned,128,1.0,0.0,0.9999390938168817,0.9999390938168816,1.1102230246251565e-16,0.0
delta1_K128_radius1_aligned,128,1.0,0.5,0.9999390938168817,0.9999390938168816,1.1102230246251565e-16,0.0
delta1_K128_radius1_aligned,128,1.0,1.0,0.9999390938168817,0.9999390938168816,1.1102230246251565e-16,0.0
delta1_K128_radius1_transverse,64,-1.0,-1.0,-0.999939093320194,-0.999939093320194,0.0,7.140954494389007e-13
delta1_K128_radius1_transverse,64,-1.0,-0.5,-0.999963506816153,-0.999963506816153,0.0,7.7982065249671e-13
delta1_K128_radius1_transverse,64,-1.0,0.0,-0.999987920312112,-0.999987920312112,0.0,0.0
delta1_K128_radius1_transverse,64,-1.0,0.5,-1.000012333808071,-1.000012333808071,0.0,7.7982065249671e-13
delta1_K128_radius1_transverse,64,-1.0,1.0,-1.00003674730403,-1.0000367473040301,2.220446049250313e-16,2.9878322038712213e-12
delta1_K128_radius1_transverse,64,-0.5,-1.0,-0.4999470398970037,-0.49994703989700373,5.551115123125783e-17,1.5479839632348558e-12
delta1_K128_radius1_transverse,64,-0.5,-0.5,-0.4999714536723494,-0.4999714536723495,1.1102230246251565e-16,1.910860358833588e-12
delta1_K128_radius1_transverse,64,-0.5,0.0,-0.4999958674476952,-0.49999586744769525,5.551115123125783e-17,1.1368716298304324e-12
delta1_K128_radius1_transverse,64,-0.5,0.5,-0.500020281223041,-0.500020281223041,0.0,3.628763955987324e-13
delta1_K128_radius1_transverse,64,-0.5,1.0,-0.5000446949983867,-0.5000446949983868,1.1102230246251565e-16,1.862621168413625e-12
delta1_K128_radius1_transverse,64,0.0,-1.0,4.882773695121544e-05,4.8827736951220214e-05,4.777265822514254e-18,9.792167077193881e-14
delta1_K128_radius1_transverse,64,0.0,-0.5,2.4413868475616467e-05,2.4413868475610107e-05,6.359523367985287e-18,1.3022916078853086e-13
delta1_K128_radius1_transverse,64,0.0,0.0,2.5578277424711734e-18,0.0,2.5578277424711734e-18,5.238446203888624e-14
delta1_K128_radius1_transverse,64,0.0,0.5,-2.44138684756148e-05,-2.4413868475610107e-05,4.692562527788824e-18,9.60898027813073e-14
delta1_K128_radius1_transverse,64,0.0,1.0,-4.882773695121221e-05,-4.8827736951220214e-05,8.00276728565863e-18,1.6397994073713562e-13
delta1_K128_radius1_transverse,64,0.5,-1.0,0.5000446949983868,0.5000446949983868,0.0,4.1111558601869547e-13
delta1_K128_radius1_transverse,64,0.5,-0.5,0.500020281223041,0.500020281223041,0.0,3.628763955987324e-13
delta1_K128_radius1_transverse,64,0.5,0.0,0.4999958674476952,0.49999586744769525,5.551115123125783e-17,1.1368716298304324e-12
delta1_K128_radius1_transverse,64,0.5,0.5,0.4999714536723494,0.4999714536723495,1.1102230246251565e-16,1.910860358833588e-12
delta1_K128_radius1_transverse,64,0.5,1.0,0.4999470398970037,0.49994703989700373,5.551115123125783e-17,1.5479839632348558e-12
delta1_K128_radius1_transverse,64,1.0,-1.0,1.0000367473040301,1.0000367473040301,0.0,7.139844271364382e-13
delta1_K128_radius1_transverse,64,1.0,-0.5,1.0000123338080713,1.000012333808071,2.220446049250313e-16,3.053612918080262e-12
delta1_K128_radius1_transverse,64,1.0,0.0,0.9999879203121121,0.9999879203121121,0.0,0.0
delta1_K128_radius1_transverse,64,1.0,0.5,0.9999635068161531,0.9999635068161531,0.0,7.798761636479412e-13
delta1_K128_radius1_transverse,64,1.0,1.0,0.999939093320194,0.9999390933201942,1.1102230246251565e-16,1.5597523272958824e-12
delta1_K128_radius1_transverse,128,-1.0,-1.0,-0.9999390933201937,-0.9999390933201938,1.1102230246251565e-16,1.559863349598345e-12
delta1_K128_radius1_transverse,128,-1.0,-0.5,-0.9999635068161528,-0.9999635068161528,0.0,7.799316747991725e-13
delta1_K128_radius1_transverse,128,-1.0,0.0,-0.9999879203121118,-0.9999879203121118,0.0,0.0
delta1_K128_radius1_transverse,128,-1.0,0.5,-1.0000123338080709,-1.0000123338080709,0.0,7.799316747991725e-13
delta1_K128_radius1_transverse,128,-1.0,1.0,-1.00003674730403,-1.00003674730403,0.0,1.559863349598345e-12
delta1_K128_radius1_transverse,128,-0.5,-1.0,-0.4999470398970035,-0.4999470398970035,0.0,4.11226608321158e-13
delta1_K128_radius1_transverse,128,-0.5,-0.5,-0.4999714536723493,-0.4999714536723493,0.0,3.6282088444750116e-13
delta1_K128_radius1_transverse,128,-0.5,0.0,-0.49999586744769503,-0.49999586744769503,0.0,0.0
delta1_K128_radius1_transverse,128,-0.5,0.5,-0.5000202812230408,-0.5000202812230408,0.0,3.6282088444750116e-13
delta1_K128_radius1_transverse,128,-0.5,1.0,-0.5000446949983864,-0.5000446949983866,1.1102230246251565e-16,1.8625101461111626e-12
delta1_K128_radius1_transverse,128,0.0,-1.0,4.8827736951208024e-05,4.882773695122021e-05,1.2183721913305856e-17,2.4946711363327267e-13
delta1_K128_radius1_transverse,128,0.0,-0.5,2.441386847561362e-05,2.4413868475610104e-05,3.516880796999855e-18,7.205347429817266e-14
delta1_K128_radius1_transverse,128,0.0,0.0,5.41161409066892e-19,0.0,5.41161409066892e-19,1.1083017366441858e-14
delta1_K128_radius1_transverse,128,0.0,0.5,-2.4413868475616192e-05,-2.4413868475610104e-05,6.088472824863911e-18,1.2473355681663634e-13
delta1_K128_radius1_transverse,128,0.0,1.0,-4.8827736951209514e-05,-4.882773695122021e-05,1.0692943926138287e-17,2.1893598045608087e-13
delta1_K128_radius1_transverse,128,0.5,-1.0,0.5000446949983866,0.5000446949983866,0.0,4.11226608321158e-13
delta1_K128_radius1_transverse,128,0.5,-0.5,0.5000202812230408,0.5000202812230408,0.0,3.6282088444750116e-13
delta1_K128_radius1_transverse,128,0.5,0.0,0.49999586744769503,0.49999586744769503,0.0,0.0
delta1_K128_radius1_transverse,128,0.5,0.5,0.4999714536723493,0.4999714536723493,0.0,3.6282088444750116e-13
delta1_K128_radius1_transverse,128,0.5,1.0,0.4999470398970035,0.4999470398970035,0.0,4.11226608321158e-13
delta1_K128_radius1_transverse,128,1.0,-1.0,1.0000367473040297,1.00003674730403,2.220446049250313e-16,2.9876101592662963e-12
delta1_K128_radius1_transverse,128,1.0,-0.5,1.0000123338080709,1.0000123338080709,0.0,7.799316747991725e-13
delta1_K128_radius1_transverse,128,1.0,0.0,0.9999879203121118,0.9999879203121118,0.0,0.0
delta1_K128_radius1_transverse,128,1.0,0.5,0.9999635068161528,0.9999635068161528,0.0,7.799316747991725e-13
delta1_K128_radius1_transverse,128,1.0,1.0,0.9999390933201938,0.9999390933201938,0.0,7.138734048339757e-13
delta1_K128_radius0.125_aligned,64,-1.0,-1.0,-0.9999818170002082,-0.9999818170002083,1.1102230246251565e-16,0.0
delta1_K128_radius0.125_aligned,64,-1.0,-0.5,-0.9999818170002082,-0.9999818170002083,1.1102230246251565e-16,0.0
delta1_K128_radius0.125_aligned,64,-1.0,0.0,-0.9999818170002082,-0.9999818170002083,1.1102230246251565e-16,0.0
delta1_K128_radius0.125_aligned,64,-1.0,0.5,-0.9999818170002082,-0.9999818170002083,1.1102230246251565e-16,0.0
delta1_K128_radius0.125_aligned,64,-1.0,1.0,-0.9999818170002082,-0.9999818170002083,1.1102230246251565e-16,0.0
delta1_K128_radius0.125_aligned,64,-0.5,-1.0,-0.4999928157568204,-0.4999928157568205,5.551115123125783e-17,0.0
delta1_K128_radius0.125_aligned,64,-0.5,-0.5,-0.4999928157568204,-0.4999928157568205,5.551115123125783e-17,0.0
delta1_K128_radius0.125_aligned,64,-0.5,0.0,-0.4999928157568204,-0.4999928157568205,5.551115123125783e-17,0.0
delta1_K128_radius0.125_aligned,64,-0.5,0.5,-0.4999928157568204,-0.4999928157568205,5.551115123125783e-17,0.0
delta1_K128_radius0.125_aligned,64,-0.5,1.0,-0.4999928157568204,-0.4999928157568205,5.551115123125783e-17,0.0
delta1_K128_radius0.125_aligned,64,0.0,-1.0,-3.469446951953614e-18,0.0,3.469446951953614e-18,0.0
delta1_K128_radius0.125_aligned,64,0.0,-0.5,-3.469446951953614e-18,0.0,3.469446951953614e-18,0.0
delta1_K128_radius0.125_aligned,64,0.0,0.0,-3.469446951953614e-18,0.0,3.469446951953614e-18,0.0
delta1_K128_radius0.125_aligned,64,0.0,0.5,-3.469446951953614e-18,0.0,3.469446951953614e-18,0.0
delta1_K128_radius0.125_aligned,64,0.0,1.0,-3.469446951953614e-18,0.0,3.469446951953614e-18,0.0
delta1_K128_radius0.125_aligned,64,0.5,-1.0,0.4999928157568205,0.4999928157568205,0.0,0.0
delta1_K128_radius0.125_aligned,64,0.5,-0.5,0.4999928157568205,0.4999928157568205,0.0,0.0
delta1_K128_radius0.125_aligned,64,0.5,0.0,0.4999928157568205,0.4999928157568205,0.0,0.0
delta1_K128_radius0.125_aligned,64,0.5,0.5,0.4999928157568205,0.4999928157568205,0.0,0.0
delta1_K128_radius0.125_aligned,64,0.5,1.0,0.4999928157568205,0.4999928157568205,0.0,0.0
delta1_K128_radius0.125_aligned,64,1.0,-1.0,0.9999818170002083,0.9999818170002084,1.1102230246251565e-16,0.0
delta1_K128_radius0.125_aligned,64,1.0,-0.5,0.9999818170002083,0.9999818170002084,1.1102230246251565e-16,0.0
delta1_K128_radius0.125_aligned,64,1.0,0.0,0.9999818170002083,0.9999818170002084,1.1102230246251565e-16,0.0
delta1_K128_radius0.125_aligned,64,1.0,0.5,0.9999818170002083,0.9999818170002084,1.1102230246251565e-16,0.0
delta1_K128_radius0.125_aligned,64,1.0,1.0,0.9999818170002083,0.9999818170002084,1.1102230246251565e-16,0.0
delta1_K128_radius0.125_aligned,128,-1.0,-1.0,-0.9999818170002082,-0.999981817000208,1.1102230246251565e-16,0.0
delta1_K128_radius0.125_aligned,128,-1.0,-0.5,-0.9999818170002082,-0.999981817000208,1.1102230246251565e-16,0.0
delta1_K128_radius0.125_aligned,128,-1.0,0.0,-0.9999818170002082,-0.999981817000208,1.1102230246251565e-16,0.0
delta1_K128_radius0.125_aligned,128,-1.0,0.5,-0.9999818170002082,-0.999981817000208,1.1102230246251565e-16,0.0
delta1_K128_radius0.125_aligned,128,-1.0,1.0,-0.9999818170002082,-0.999981817000208,1.1102230246251565e-16,0.0
delta1_K128_radius0.125_aligned,128,-0.5,-1.0,-0.49999281575682036,-0.49999281575682025,1.1102230246251565e-16,0.0
delta1_K128_radius0.125_aligned,128,-0.5,-0.5,-0.49999281575682036,-0.49999281575682025,1.1102230246251565e-16,0.0
delta1_K128_radius0.125_aligned,128,-0.5,0.0,-0.49999281575682036,-0.49999281575682025,1.1102230246251565e-16,0.0
delta1_K128_radius0.125_aligned,128,-0.5,0.5,-0.49999281575682036,-0.49999281575682025,1.1102230246251565e-16,0.0
delta1_K128_radius0.125_aligned,128,-0.5,1.0,-0.49999281575682036,-0.49999281575682025,1.1102230246251565e-16,0.0
delta1_K128_radius0.125_aligned,128,0.0,-1.0,-4.9873299934333204e-18,0.0,4.9873299934333204e-18,0.0
delta1_K128_radius0.125_aligned,128,0.0,-0.5,-4.9873299934333204e-18,0.0,4.9873299934333204e-18,0.0
delta1_K128_radius0.125_aligned,128,0.0,0.0,-4.9873299934333204e-18,0.0,4.9873299934333204e-18,0.0
delta1_K128_radius0.125_aligned,128,0.0,0.5,-4.9873299934333204e-18,0.0,4.9873299934333204e-18,0.0
delta1_K128_radius0.125_aligned,128,0.0,1.0,-4.9873299934333204e-18,0.0,4.9873299934333204e-18,0.0
delta1_K128_radius0.125_aligned,128,0.5,-1.0,0.4999928157568203,0.49999281575682025,5.551115123125783e-17,0.0
delta1_K128_radius0.125_aligned,128,0.5,-0.5,0.4999928157568203,0.49999281575682025,5.551115123125783e-17,0.0
delta1_K128_radius0.125_aligned,128,0.5,0.0,0.4999928157568203,0.49999281575682025,5.551115123125783e-17,0.0
delta1_K128_radius0.125_aligned,128,0.5,0.5,0.4999928157568203,0.49999281575682025,5.551115123125783e-17,0.0
delta1_K128_radius0.125_aligned,128,0.5,1.0,0.4999928157568203,0.49999281575682025,5.551115123125783e-17,0.0
delta1_K128_radius0.125_aligned,128,1.0,-1.0,0.9999818170002082,0.999981817000208,1.1102230246251565e-16,0.0
delta1_K128_radius0.125_aligned,128,1.0,-0.5,0.9999818170002082,0.999981817000208,1.1102230246251565e-16,0.0
delta1_K128_radius0.125_aligned,128,1.0,0.0,0.9999818170002082,0.999981817000208,1.1102230246251565e-16,0.0
delta1_K128_radius0.125_aligned,128,1.0,0.5,0.9999818170002082,0.999981817000208,1.1102230246251565e-16,0.0
delta1_K128_radius0.125_aligned,128,1.0,1.0,0.9999818170002082,0.999981817000208,1.1102230246251565e-16,0.0
delta1_K128_radius0.125_transverse,64,-1.0,-1.0,-0.9999818169381224,-0.9999818169381223,1.1102230246251565e-16,1.6630252730465145e-11
delta1_K128_radius0.125_transverse,64,-1.0,-0.5,-0.9999848686251172,-0.9999848686251172,0.0,7.7982065249671e-13
delta1_K128_radius0.125_transverse,64,-1.0,0.0,-0.999987920312112,-0.999987920312112,0.0,0.0
delta1_K128_radius0.125_transverse,64,-1.0,0.5,-0.9999909719991069,-0.9999909719991069,0.0,7.7982065249671e-13
delta1_K128_radius0.125_transverse,64,-1.0,1.0,-0.9999940236861018,-0.9999940236861018,0.0,1.55964130499342e-12
delta1_K128_radius0.125_transverse,64,-0.5,-1.0,-0.49998976400385875,-0.4999897640038588,5.551115123125783e-17,1.0642930980964138e-11
delta1_K128_radius0.125_transverse,64,-0.5,-0.5,-0.499992815725777,-0.49999281572577703,5.551115123125783e-17,9.868994510497942e-12
delta1_K128_radius0.125_transverse,64,-0.5,0.0,-0.4999958674476952,-0.49999586744769525,5.551115123125783e-17,9.094973038643459e-12
delta1_K128_radius0.125_transverse,64,-0.5,0.5,-0.4999989191696135,-0.4999989191696135,0.0,7.739919816174279e-13
delta1_K128_radius0.125_transverse,64,-0.5,1.0,-0.5000019708915316,-0.5000019708915316,0.0,7.546963054494427e-12
delta1_K128_radius0.125_transverse,64,0.0,-1.0,6.103467118908136e-06,6.103467118902527e-06,5.609052176717977e-18,9.18931597482242e-13
delta1_K128_radius0.125_transverse,64,0.0,-0.5,3.051733559438226e-06,3.0517335594512634e-06,1.3037531124138191e-17,2.136069099378801e-12
delta1_K128_radius0.125_transverse,64,0.0,0.0,-7.944970521898324e-19,0.0,7.944970521898324e-19,1.3017076945216328e-13
delta1_K128_radius0.125_transverse,64,0.0,0.5,-3.051733559439329e-06,-3.0517335594512634e-06,1.1934270710339465e-17,1.9553247909698257e-12
delta1_K128_radius0.125_transverse,64,0.0,1.0,-6.103467118909082e-06,-6.103467118902527e-06,6.55518797880103e-18,1.073918731719914e-12
delta1_K128_radius0.125_transverse,64,0.5,-1.0,0.5000019708915316,0.5000019708915316,0.0,7.546963054494427e-12
delta1_K128_radius0.125_transverse,64,0.5,-0.5,0.4999989191696134,0.4999989191696135,5.551115123125783e-17,8.320955036111854e-12
delta1_K128_radius0.125_transverse,64,0.5,0.0,0.49999586744769525,0.49999586744769525,0.0,0.0
delta1_K128_radius0.125_transverse,64,0.5,0.5,0.4999928157257769,0.49999281572577703,1.1102230246251565e-16,1.8963941528227224e-11
delta1_K128_radius0.125_transverse,64,0.5,1.0,0.49998976400385875,0.4999897640038588,5.551115123125783e-17,1.0642930980964138e-11
delta1_K128_radius0.125_transverse,64,1.0,-1.0,0.9999940236861019,0.9999940236861019,0.0,1.5597523272958824e-12
delta1_K128_radius0.125_transverse,64,1.0,-0.5,0.9999909719991071,0.999990971999107,1.1102230246251565e-16,1.8969825710257737e-11
delta1_K128_radius0.125_transverse,64,1.0,0.0,0.999987920312112,0.9999879203121121,1.1102230246251565e-16,1.8189946077286918e-11
delta1_K128_radius0.125_transverse,64,1.0,0.5,0.9999848686251174,0.9999848686251173,1.1102230246251565e-16,1.7410073382961855e-11
delta1_K128_radius0.125_transverse,64,1.0,1.0,0.9999818169381223,0.9999818169381224,1.1102230246251565e-16,1.974975738505691e-11
delta1_K128_radius0.125_transverse,128,-1.0,-1.0,-0.9999818169381222,-0.999981816938122,1.1102230246251565e-16,1.663003068586022e-11
delta1_K128_radius0.125_transverse,128,-1.0,-0.5,-0.9999848686251167,-0.9999848686251169,2.220446049250313e-16,3.7159830768018765e-11
delta1_K128_radius0.125_transverse,128,-1.0,0.0,-0.9999879203121118,-0.9999879203121118,0.0,0.0
delta1_K128_radius0.125_transverse,128,-1.0,0.5,-0.9999909719991065,-0.9999909719991067,2.220446049250313e-16,3.559996741842042e-11
delta1_K128_radius0.125_transverse,128,-1.0,1.0,-0.9999940236861016,-0.9999940236861016,0.0,1.559863349598345e-12
delta1_K128_radius0.125_transverse,128,-0.5,-1.0,-0.49998976400385864,-0.4999897640038586,5.551115123125783e-17,7.546852032191964e-12
delta1_K128_radius0.125_transverse,128,-0.5,-0.5,-0.4999928157257768,-0.4999928157257768,0.0,7.740474927686591e-13
delta1_K128_radius0.125_transverse,128,-0.5,0.0,-0.499995867447695,-0.49999586744769503,5.551115123125783e-17,9.094973038643459e-12
delta1_K128_radius0.125_transverse,128,-0.5,0.5,-0.4999989191696132,-0.49999891916961325,5.551115123125783e-17,8.320899524960623e-12
delta1_K128_radius0.125_transverse,128,-0.5,1.0,-0.5000019708915315,-0.5000019708915314,1.1102230246251565e-16,1.06430420032666e-11
delta1_K128_radius0.125_transverse,128,0.0,-1.0,6.103467118898045e-06,6.103467118902526e-06,4.480804290975249e-18,7.340794638821535e-13
delta1_K128_radius0.125_transverse,128,0.0,-0.5,3.0517335594582383e-06,3.051733559451263e-06,6.975316320639163e-18,1.1428635815491361e-12
delta1_K128_radius0.125_transverse,128,0.0,0.0,-8.842527660967364e-19,0.0,8.842527660967364e-19,1.448763876917616e-13
delta1_K128_radius0.125_transverse,128,0.0,0.5,-3.0517335594538617e-06,-3.051733559451263e-06,2.5986970821761934e-18,4.2577052994374753e-13
delta1_K128_radius0.125_transverse,128,0.0,1.0,-6.1034671188931975e-06,-6.103467118902526e-06,9.32837384811161e-18,1.5283330156989905e-12
delta1_K128_radius0.125_transverse,128,0.5,-1.0,0.5000019708915315,0.5000019708915314,1.1102230246251565e-16,1.06430420032666e-11
delta1_K128_radius0.125_transverse,128,0.5,-0.5,0.49999891916961325,0.49999891916961325,0.0,7.740474927686591e-13
delta1_K128_radius0.125_transverse,128,0.5,0.0,0.49999586744769503,0.49999586744769503,0.0,0.0
delta1_K128_radius0.125_transverse,128,0.5,0.5,0.4999928157257768,0.4999928157257768,0.0,7.740474927686591e-13
delta1_K128_radius0.125_transverse,128,0.5,1.0,0.4999897640038586,0.4999897640038586,0.0,1.5480949855373183e-12
delta1_K128_radius0.125_transverse,128,1.0,-1.0,0.9999940236861016,0.9999940236861016,0.0,1.559863349598345e-12
delta1_K128_radius0.125_transverse,128,1.0,-0.5,0.9999909719991067,0.9999909719991067,0.0,7.799316747991725e-13
delta1_K128_radius0.125_transverse,128,1.0,0.0,0.9999879203121118,0.9999879203121118,0.0,0.0
delta1_K128_radius0.125_transverse,128,1.0,0.5,0.9999848686251168,0.9999848686251169,1.1102230246251565e-16,1.896988122140897e-11
delta1_K128_radius0.125_transverse,128,1.0,1.0,0.9999818169381222,0.999981816938122,1.1102230246251565e-16,1.663003068586022e-11
delta1_K128_radius0.015625_aligned,64,-1.0,-1.0,-0.999987157398124,-0.999987157398124,0.0,0.0
delta1_K128_radius0.015625_aligned,64,-1.0,-0.5,-0.999987157398124,-0.999987157398124,0.0,0.0
delta1_K128_radius0.015625_aligned,64,-1.0,0.0,-0.999987157398124,-0.999987157398124,0.0,0.0
delta1_K128_radius0.015625_aligned,64,-1.0,0.5,-0.999987157398124,-0.999987157398124,0.0,0.0
delta1_K128_radius0.015625_aligned,64,-1.0,1.0,-0.999987157398124,-0.999987157398124,0.0,0.0
delta1_K128_radius0.015625_aligned,64,-0.5,-1.0,-0.49999548598633586,-0.4999954859863359,5.551115123125783e-17,0.0
delta1_K128_radius0.015625_aligned,64,-0.5,-0.5,-0.49999548598633586,-0.4999954859863359,5.551115123125783e-17,0.0
delta1_K128_radius0.015625_aligned,64,-0.5,0.0,-0.49999548598633586,-0.4999954859863359,5.551115123125783e-17,0.0
delta1_K128_radius0.015625_aligned,64,-0.5,0.5,-0.49999548598633586,-0.4999954859863359,5.551115123125783e-17,0.0
delta1_K128_radius0.015625_aligned,64,-0.5,1.0,-0.49999548598633586,-0.4999954859863359,5.551115123125783e-17,0.0
delta1_K128_radius0.015625_aligned,64,0.0,-1.0,-9.107298248878237e-18,0.0,9.107298248878237e-18,0.0
delta1_K128_radius0.015625_aligned,64,0.0,-0.5,-9.107298248878237e-18,0.0,9.107298248878237e-18,0.0
delta1_K128_radius0.015625_aligned,64,0.0,0.0,-9.107298248878237e-18,0.0,9.107298248878237e-18,0.0
delta1_K128_radius0.015625_aligned,64,0.0,0.5,-9.107298248878237e-18,0.0,9.107298248878237e-18,0.0
delta1_K128_radius0.015625_aligned,64,0.0,1.0,-9.107298248878237e-18,0.0,9.107298248878237e-18,0.0
delta1_K128_radius0.015625_aligned,64,0.5,-1.0,0.4999954859863359,0.4999954859863359,0.0,0.0
delta1_K128_radius0.015625_aligned,64,0.5,-0.5,0.4999954859863359,0.4999954859863359,0.0,0.0
delta1_K128_radius0.015625_aligned,64,0.5,0.0,0.4999954859863359,0.4999954859863359,0.0,0.0
delta1_K128_radius0.015625_aligned,64,0.5,0.5,0.4999954859863359,0.4999954859863359,0.0,0.0
delta1_K128_radius0.015625_aligned,64,0.5,1.0,0.4999954859863359,0.4999954859863359,0.0,0.0
delta1_K128_radius0.015625_aligned,64,1.0,-1.0,0.9999871573981242,0.9999871573981242,0.0,0.0
delta1_K128_radius0.015625_aligned,64,1.0,-0.5,0.9999871573981242,0.9999871573981242,0.0,0.0
delta1_K128_radius0.015625_aligned,64,1.0,0.0,0.9999871573981242,0.9999871573981242,0.0,0.0
delta1_K128_radius0.015625_aligned,64,1.0,0.5,0.9999871573981242,0.9999871573981242,0.0,0.0
delta1_K128_radius0.015625_aligned,64,1.0,1.0,0.9999871573981242,0.9999871573981242,0.0,0.0
delta1_K128_radius0.015625_aligned,128,-1.0,-1.0,-0.9999871573981239,-0.9999871573981238,1.1102230246251565e-16,0.0
delta1_K128_radius0.015625_aligned,128,-1.0,-0.5,-0.9999871573981239,-0.9999871573981238,1.1102230246251565e-16,0.0
delta1_K128_radius0.015625_aligned,128,-1.0,0.0,-0.9999871573981239,-0.9999871573981238,1.1102230246251565e-16,0.0
delta1_K128_radius0.015625_aligned,128,-1.0,0.5,-0.9999871573981239,-0.9999871573981238,1.1102230246251565e-16,0.0
delta1_K128_radius0.015625_aligned,128,-1.0,1.0,-0.9999871573981239,-0.9999871573981238,1.1102230246251565e-16,0.0
delta1_K128_radius0.015625_aligned,128,-0.5,-1.0,-0.4999954859863358,-0.4999954859863357,1.1102230246251565e-16,0.0
delta1_K128_radius0.015625_aligned,128,-0.5,-0.5,-0.4999954859863358,-0.4999954859863357,1.1102230246251565e-16,0.0
delta1_K128_radius0.015625_aligned,128,-0.5,0.0,-0.4999954859863358,-0.4999954859863357,1.1102230246251565e-16,0.0
delta1_K128_radius0.015625_aligned,128,-0.5,0.5,-0.4999954859863358,-0.4999954859863357,1.1102230246251565e-16,0.0
delta1_K128_radius0.015625_aligned,128,-0.5,1.0,-0.4999954859863358,-0.4999954859863357,1.1102230246251565e-16,0.0
delta1_K128_radius0.015625_aligned,128,0.0,-1.0,-2.0599841277224584e-18,0.0,2.0599841277224584e-18,0.0
delta1_K128_radius0.015625_aligned,128,0.0,-0.5,-2.0599841277224584e-18,0.0,2.0599841277224584e-18,0.0
delta1_K128_radius0.015625_aligned,128,0.0,0.0,-2.0599841277224584e-18,0.0,2.0599841277224584e-18,0.0
delta1_K128_radius0.015625_aligned,128,0.0,0.5,-2.0599841277224584e-18,0.0,2.0599841277224584e-18,0.0
delta1_K128_radius0.015625_aligned,128,0.0,1.0,-2.0599841277224584e-18,0.0,2.0599841277224584e-18,0.0
delta1_K128_radius0.015625_aligned,128,0.5,-1.0,0.49999548598633575,0.4999954859863357,5.551115123125783e-17,0.0
delta1_K128_radius0.015625_aligned,128,0.5,-0.5,0.49999548598633575,0.4999954859863357,5.551115123125783e-17,0.0
delta1_K128_radius0.015625_aligned,128,0.5,0.0,0.49999548598633575,0.4999954859863357,5.551115123125783e-17,0.0
delta1_K128_radius0.015625_aligned,128,0.5,0.5,0.49999548598633575,0.4999954859863357,5.551115123125783e-17,0.0
delta1_K128_radius0.015625_aligned,128,0.5,1.0,0.49999548598633575,0.4999954859863357,5.551115123125783e-17,0.0
delta1_K128_radius0.015625_aligned,128,1.0,-1.0,0.9999871573981239,0.9999871573981238,1.1102230246251565e-16,0.0
delta1_K128_radius0.015625_aligned,128,1.0,-0.5,0.9999871573981239,0.9999871573981238,1.1102230246251565e-16,0.0
delta1_K128_radius0.015625_aligned,128,1.0,0.0,0.9999871573981239,0.9999871573981238,1.1102230246251565e-16,0.0
delta1_K128_radius0.015625_aligned,128,1.0,0.5,0.9999871573981239,0.9999871573981238,1.1102230246251565e-16,0.0
delta1_K128_radius0.015625_aligned,128,1.0,1.0,0.9999871573981239,0.9999871573981238,1.1102230246251565e-16,0.0
delta1_K128_radius0.015625_transverse,64,-1.0,-1.0,-0.9999871573903634,-0.9999871573903634,0.0,7.120015688144576e-11
delta1_K128_radius0.015625_transverse,64,-1.0,-0.5,-0.9999875388512378,-0.9999875388512377,1.1102230246251565e-16,1.8111961930245002e-10
delta1_K128_radius0.015625_transverse,64,-1.0,0.0,-0.999987920312112,-0.999987920312112,0.0,0.0
delta1_K128_radius0.015625_transverse,64,-1.0,0.5,-0.9999883017729865,-0.9999883017729864,1.1102230246251565e-16,1.0991951793215549e-10
delta1_K128_radius0.015625_transverse,64,-1.0,1.0,-0.9999886832338609,-0.9999886832338607,2.220446049250313e-16,2.1983903586431097e-10
delta1_K128_radius0.015625_transverse,64,-0.5,-1.0,-0.4999951045172156,-0.4999951045172157,5.551115123125783e-17,9.249778720743507e-11
delta1_K128_radius0.015625_transverse,64,-0.5,-0.5,-0.49999548598245547,-0.49999548598245547,0.0,9.868994510497942e-12
delta1_K128_radius0.015625_transverse,64,-0.5,0.0,-0.4999958674476952,-0.49999586744769525,5.551115123125783e-17,7.275978430914767e-11
delta1_K128_radius0.015625_transverse,64,-0.5,0.5,-0.49999624891293504,-0.49999624891293504,0.0,9.868994510497942e-12
delta1_K128_radius0.015625_transverse,64,-0.5,1.0,-0.49999663037817477,-0.4999966303781748,5.551115123125783e-17,5.30218091654433e-11
delta1_K128_radius0.015625_transverse,64,0.0,-1.0,7.629333898634876e-07,7.629333898628158e-07,6.71803006291067e-19,8.805178808302117e-13
delta1_K128_radius0.015625_transverse,64,0.0,-0.5,3.814666949195237e-07,3.814666949314079e-07,1.1884242826892258e-17,1.557698414700326e-11
delta1_K128_radius0.015625_transverse,64,0.0,0.0,-4.130402311691661e-20,0.0,4.130402311691661e-20,5.4138164070260906e-14
delta1_K128_radius0.015625_transverse,64,0.0,0.5,-3.814666949241846e-07,-3.814666949314079e-07,7.223338155507063e-18,9.467815420549641e-12
delta1_K128_radius0.015625_transverse,64,0.0,1.0,-7.629333898637496e-07,-7.629333898628158e-07,9.337479452294593e-19,1.22379884004431e-12
delta1_K128_radius0.015625_transverse,64,0.5,-1.0,0.49999663037817477,0.4999966303781748,5.551115123125783e-17,5.30218091654433e-11
delta1_K128_radius0.015625_transverse,64,0.5,-0.5,0.499996248912935,0.49999624891293504,5.551115123125783e-17,6.289080367594124e-11
delta1_K128_radius0.015625_transverse,64,0.5,0.0,0.4999958674476952,0.49999586744769525,5.551115123125783e-17,7.275978430914767e-11
delta1_K128_radius0.015625_transverse,64,0.5,0.5,0.4999954859824554,0.49999548598245547,5.551115123125783e-17,8.26287371857859e-11
delta1_K128_radius0.015625_transverse,64,0.5,1.0,0.49999510451721574,0.4999951045172157,5.551115123125783e-17,5.30218091654433e-11
delta1_K128_radius0.015625_transverse,64,1.0,-1.0,0.9999886832338607,0.9999886832338608,1.1102230246251565e-16,2.1671964223202167e-10
delta1_K128_radius0.015625_transverse,64,1.0,-0.5,0.9999883017729864,0.9999883017729865,1.1102230246251565e-16,1.811195637912988e-10
delta1_K128_radius0.015625_transverse,64,1.0,0.0,0.999987920312112,0.9999879203121121,1.1102230246251565e-16,1.4551956861829534e-10
delta1_K128_radius0.015625_transverse,64,1.0,0.5,0.9999875388512378,0.9999875388512378,0.0,3.560002292957165e-11
delta1_K128_radius0.015625_transverse,64,1.0,1.0,0.9999871573903634,0.9999871573903635,1.1102230246251565e-16,7.431955051373507e-11
delta1_K128_radius0.015625_transverse,128,-1.0,-1.0,-0.9999871573903629,-0.9999871573903631,2.220446049250313e-16,2.198392579089159e-10
delta1_K128_radius0.015625_transverse,128,-1.0,-0.5,-0.9999875388512374,-0.9999875388512375,1.1102230246251565e-16,1.0991962895445795e-10
delta1_K128_radius0.015625_transverse,128,-1.0,0.0,-0.9999879203121118,-0.9999879203121118,0.0,0.0
delta1_K128_radius0.015625_transverse,128,-1.0,0.5,-0.999988301772986,-0.9999883017729861,1.1102230246251565e-16,1.8111950828014756e-10
delta1_K128_radius0.015625_transverse,128,-1.0,1.0,-0.9999886832338605,-0.9999886832338605,0.0,7.119993483684084e-11
delta1_K128_radius0.015625_transverse,128,-0.5,-1.0,-0.49999510451721546,-0.49999510451721546,0.0,1.9738100043298346e-11
delta1_K128_radius0.015625_transverse,128,-0.5,-0.5,-0.49999548598245525,-0.49999548598245525,0.0,9.869050021649173e-12
delta1_K128_radius0.015625_transverse,128,-0.5,0.0,-0.49999586744769503,-0.49999586744769503,0.0,0.0
delta1_K128_radius0.015625_transverse,128,-0.5,0.5,-0.4999962489129348,-0.4999962489129348,0.0,9.869050021649173e-12
delta1_K128_radius0.015625_transverse,128,-0.5,1.0,-0.49999663037817454,-0.4999966303781746,5.551115123125783e-17,5.302169814314084e-11
delta1_K128_radius0.015625_transverse,128,0.0,-1.0,7.629333898724531e-07,7.629333898628157e-07,9.637329115622616e-18,1.2631895529580106e-11
delta1_K128_radius0.015625_transverse,128,0.0,-0.5,3.81466694931023e-07,3.8146669493140787e-07,3.848705954086727e-19,5.044298312384399e-13
delta1_K128_radius0.015625_transverse,128,0.0,0.0,1.5757588009885102e-18,0.0,1.5757588009885102e-18,2.065384484741252e-12
delta1_K128_radius0.015625_transverse,128,0.0,0.5,-3.8146669493041716e-07,-3.8146669493140787e-07,9.90710910932311e-19,1.298516849601583e-12
delta1_K128_radius0.015625_transverse,128,0.0,1.0,-7.62933389872038e-07,-7.629333898628157e-07,9.222282971468009e-18,1.208788624751378e-11
delta1_K128_radius0.015625_transverse,128,0.5,-1.0,0.49999663037817466,0.4999966303781746,5.551115123125783e-17,9.249789822973753e-11
delta1_K128_radius0.015625_transverse,128,0.5,-0.5,0.4999962489129348,0.4999962489129348,0.0,9.869050021649173e-12
delta1_K128_radius0.015625_transverse,128,0.5,0.0,0.4999958674476951,0.49999586744769503,5.551115123125783e-17,7.275978430914767e-11
delta1_K128_radius0.015625_transverse,128,0.5,0.5,0.49999548598245525,0.49999548598245525,0.0,9.869050021649173e-12
delta1_K128_radius0.015625_transverse,128,0.5,1.0,0.4999951045172154,0.49999510451721546,5.551115123125783e-17,9.249789822973753e-11
delta1_K128_radius0.015625_transverse,128,1.0,-1.0,0.9999886832338606,0.9999886832338605,1.1102230246251565e-16,7.431966153603753e-11
delta1_K128_radius0.015625_transverse,128,1.0,-0.5,0.9999883017729863,0.9999883017729861,1.1102230246251565e-16,1.0991962895445795e-10
delta1_K128_radius0.015625_transverse,128,1.0,0.0,0.9999879203121118,0.9999879203121118,0.0,0.0
delta1_K128_radius0.015625_transverse,128,1.0,0.5,0.9999875388512374,0.9999875388512375,1.1102230246251565e-16,1.0991962895445795e-10
delta1_K128_radius0.015625_transverse,128,1.0,1.0,0.999987157390363,0.9999871573903631,1.1102230246251565e-16,7.431966153603753e-11
delta1_K512_radius0_common,64,-1.0,-1.0,-0.9999992450085624,-0.9999992450085625,1.1102230246251565e-16,0.0
delta1_K512_radius0_common,64,-1.0,-0.5,-0.9999992450085624,-0.9999992450085625,1.1102230246251565e-16,0.0
delta1_K512_radius0_common,64,-1.0,0.0,-0.9999992450085624,-0.9999992450085625,1.1102230246251565e-16,0.0
delta1_K512_radius0_common,64,-1.0,0.5,-0.9999992450085624,-0.9999992450085625,1.1102230246251565e-16,0.0
delta1_K512_radius0_common,64,-1.0,1.0,-0.9999992450085624,-0.9999992450085625,1.1102230246251565e-16,0.0
delta1_K512_radius0_common,64,-0.5,-1.0,-0.49999974171334816,-0.4999997417133481,5.551115123125783e-17,0.0
delta1_K512_radius0_common,64,-0.5,-0.5,-0.49999974171334816,-0.4999997417133481,5.551115123125783e-17,0.0
delta1_K512_radius0_common,64,-0.5,0.0,-0.49999974171334816,-0.4999997417133481,5.551115123125783e-17,0.0
delta1_K512_radius0_common,64,-0.5,0.5,-0.49999974171334816,-0.4999997417133481,5.551115123125783e-17,0.0
delta1_K512_radius0_common,64,-0.5,1.0,-0.49999974171334816,-0.4999997417133481,5.551115123125783e-17,0.0
delta1_K512_radius0_common,64,0.0,-1.0,-2.6020852139652106e-18,0.0,2.6020852139652106e-18,0.0
delta1_K512_radius0_common,64,0.0,-0.5,-2.6020852139652106e-18,0.0,2.6020852139652106e-18,0.0
delta1_K512_radius0_common,64,0.0,0.0,-2.6020852139652106e-18,0.0,2.6020852139652106e-18,0.0
delta1_K512_radius0_common,64,0.0,0.5,-2.6020852139652106e-18,0.0,2.6020852139652106e-18,0.0
delta1_K512_radius0_common,64,0.0,1.0,-2.6020852139652106e-18,0.0,2.6020852139652106e-18,0.0
delta1_K512_radius0_common,64,0.5,-1.0,0.4999997417133482,0.4999997417133482,0.0,0.0
delta1_K512_radius0_common,64,0.5,-0.5,0.4999997417133482,0.4999997417133482,0.0,0.0
delta1_K512_radius0_common,64,0.5,0.0,0.4999997417133482,0.4999997417133482,0.0,0.0
delta1_K512_radius0_common,64,0.5,0.5,0.4999997417133482,0.4999997417133482,0.0,0.0
delta1_K512_radius0_common,64,0.5,1.0,0.4999997417133482,0.4999997417133482,0.0,0.0
delta1_K512_radius0_common,64,1.0,-1.0,0.9999992450085624,0.9999992450085625,1.1102230246251565e-16,0.0
delta1_K512_radius0_common,64,1.0,-0.5,0.9999992450085624,0.9999992450085625,1.1102230246251565e-16,0.0
delta1_K512_radius0_common,64,1.0,0.0,0.9999992450085624,0.9999992450085625,1.1102230246251565e-16,0.0
delta1_K512_radius0_common,64,1.0,0.5,0.9999992450085624,0.9999992450085625,1.1102230246251565e-16,0.0
delta1_K512_radius0_common,64,1.0,1.0,0.9999992450085624,0.9999992450085625,1.1102230246251565e-16,0.0
delta1_K512_radius0_common,128,-1.0,-1.0,-0.9999992450085623,-0.9999992450085622,1.1102230246251565e-16,0.0
delta1_K512_radius0_common,128,-1.0,-0.5,-0.9999992450085623,-0.9999992450085622,1.1102230246251565e-16,0.0
delta1_K512_radius0_common,128,-1.0,0.0,-0.9999992450085623,-0.9999992450085622,1.1102230246251565e-16,0.0
delta1_K512_radius0_common,128,-1.0,0.5,-0.9999992450085623,-0.9999992450085622,1.1102230246251565e-16,0.0
delta1_K512_radius0_common,128,-1.0,1.0,-0.9999992450085623,-0.9999992450085622,1.1102230246251565e-16,0.0
delta1_K512_radius0_common,128,-0.5,-1.0,-0.4999997417133481,-0.499999741713348,1.1102230246251565e-16,0.0
delta1_K512_radius0_common,128,-0.5,-0.5,-0.4999997417133481,-0.499999741713348,1.1102230246251565e-16,0.0
delta1_K512_radius0_common,128,-0.5,0.0,-0.4999997417133481,-0.499999741713348,1.1102230246251565e-16,0.0
delta1_K512_radius0_common,128,-0.5,0.5,-0.4999997417133481,-0.499999741713348,1.1102230246251565e-16,0.0
delta1_K512_radius0_common,128,-0.5,1.0,-0.4999997417133481,-0.499999741713348,1.1102230246251565e-16,0.0
delta1_K512_radius0_common,128,0.0,-1.0,-4.9873299934333204e-18,0.0,4.9873299934333204e-18,0.0
delta1_K512_radius0_common,128,0.0,-0.5,-4.9873299934333204e-18,0.0,4.9873299934333204e-18,0.0
delta1_K512_radius0_common,128,0.0,0.0,-4.9873299934333204e-18,0.0,4.9873299934333204e-18,0.0
delta1_K512_radius0_common,128,0.0,0.5,-4.9873299934333204e-18,0.0,4.9873299934333204e-18,0.0
delta1_K512_radius0_common,128,0.0,1.0,-4.9873299934333204e-18,0.0,4.9873299934333204e-18,0.0
delta1_K512_radius0_common,128,0.5,-1.0,0.4999997417133481,0.499999741713348,1.1102230246251565e-16,0.0
delta1_K512_radius0_common,128,0.5,-0.5,0.4999997417133481,0.499999741713348,1.1102230246251565e-16,0.0
delta1_K512_radius0_common,128,0.5,0.0,0.4999997417133481,0.499999741713348,1.1102230246251565e-16,0.0
delta1_K512_radius0_common,128,0.5,0.5,0.4999997417133481,0.499999741713348,1.1102230246251565e-16,0.0
delta1_K512_radius0_common,128,0.5,1.0,0.4999997417133481,0.499999741713348,1.1102230246251565e-16,0.0
delta1_K512_radius0_common,128,1.0,-1.0,0.9999992450085623,0.9999992450085622,1.1102230246251565e-16,0.0
delta1_K512_radius0_common,128,1.0,-0.5,0.9999992450085623,0.9999992450085622,1.1102230246251565e-16,0.0
delta1_K512_radius0_common,128,1.0,0.0,0.9999992450085623,0.9999992450085622,1.1102230246251565e-16,0.0
delta1_K512_radius0_common,128,1.0,0.5,0.9999992450085623,0.9999992450085622,1.1102230246251565e-16,0.0
delta1_K512_radius0_common,128,1.0,1.0,0.9999992450085623,0.9999992450085622,1.1102230246251565e-16,0.0
delta1_K512_radius1_aligned,64,-1.0,-1.0,-0.9999870380027783,-0.9999870380027783,0.0,0.0
delta1_K512_radius1_aligned,64,-1.0,-0.5,-0.9999870380027783,-0.9999870380027783,0.0,0.0
delta1_K512_radius1_aligned,64,-1.0,0.0,-0.9999870380027783,-0.9999870380027783,0.0,0.0
delta1_K512_radius1_aligned,64,-1.0,0.5,-0.9999870380027783,-0.9999870380027783,0.0,0.0
delta1_K512_radius1_aligned,64,-1.0,1.0,-0.9999870380027783,-0.9999870380027783,0.0,0.0
delta1_K512_radius1_aligned,64,-0.5,-1.0,-0.4999936382060905,-0.49999363820609044,5.551115123125783e-17,0.0
delta1_K512_radius1_aligned,64,-0.5,-0.5,-0.4999936382060905,-0.49999363820609044,5.551115123125783e-17,0.0
delta1_K512_radius1_aligned,64,-0.5,0.0,-0.4999936382060905,-0.49999363820609044,5.551115123125783e-17,0.0
delta1_K512_radius1_aligned,64,-0.5,0.5,-0.4999936382060905,-0.49999363820609044,5.551115123125783e-17,0.0
delta1_K512_radius1_aligned,64,-0.5,1.0,-0.4999936382060905,-0.49999363820609044,5.551115123125783e-17,0.0
delta1_K512_radius1_aligned,64,0.0,-1.0,0.0,0.0,0.0,0.0
delta1_K512_radius1_aligned,64,0.0,-0.5,0.0,0.0,0.0,0.0
delta1_K512_radius1_aligned,64,0.0,0.0,0.0,0.0,0.0,0.0
delta1_K512_radius1_aligned,64,0.0,0.5,0.0,0.0,0.0,0.0
delta1_K512_radius1_aligned,64,0.0,1.0,0.0,0.0,0.0,0.0
delta1_K512_radius1_aligned,64,0.5,-1.0,0.4999936382060905,0.49999363820609055,5.551115123125783e-17,0.0
delta1_K512_radius1_aligned,64,0.5,-0.5,0.4999936382060905,0.49999363820609055,5.551115123125783e-17,0.0
delta1_K512_radius1_aligned,64,0.5,0.0,0.4999936382060905,0.49999363820609055,5.551115123125783e-17,0.0
delta1_K512_radius1_aligned,64,0.5,0.5,0.4999936382060905,0.49999363820609055,5.551115123125783e-17,0.0
delta1_K512_radius1_aligned,64,0.5,1.0,0.4999936382060905,0.49999363820609055,5.551115123125783e-17,0.0
delta1_K512_radius1_aligned,64,1.0,-1.0,0.9999870380027783,0.9999870380027783,0.0,0.0
delta1_K512_radius1_aligned,64,1.0,-0.5,0.9999870380027783,0.9999870380027783,0.0,0.0
delta1_K512_radius1_aligned,64,1.0,0.0,0.9999870380027783,0.9999870380027783,0.0,0.0
delta1_K512_radius1_aligned,64,1.0,0.5,0.9999870380027783,0.9999870380027783,0.0,0.0
delta1_K512_radius1_aligned,64,1.0,1.0,0.9999870380027783,0.9999870380027783,0.0,0.0
delta1_K512_radius1_aligned,128,-1.0,-1.0,-0.9999870380027782,-0.999987038002778,2.220446049250313e-16,0.0
delta1_K512_radius1_aligned,128,-1.0,-0.5,-0.9999870380027782,-0.999987038002778,2.220446049250313e-16,0.0
delta1_K512_radius1_aligned,128,-1.0,0.0,-0.9999870380027782,-0.999987038002778,2.220446049250313e-16,0.0
delta1_K512_radius1_aligned,128,-1.0,0.5,-0.9999870380027782,-0.999987038002778,2.220446049250313e-16,0.0
delta1_K512_radius1_aligned,128,-1.0,1.0,-0.9999870380027782,-0.999987038002778,2.220446049250313e-16,0.0
delta1_K512_radius1_aligned,128,-0.5,-1.0,-0.49999363820609044,-0.49999363820609033,1.1102230246251565e-16,0.0
delta1_K512_radius1_aligned,128,-0.5,-0.5,-0.49999363820609044,-0.49999363820609033,1.1102230246251565e-16,0.0
delta1_K512_radius1_aligned,128,-0.5,0.0,-0.49999363820609044,-0.49999363820609033,1.1102230246251565e-16,0.0
delta1_K512_radius1_aligned,128,-0.5,0.5,-0.49999363820609044,-0.49999363820609033,1.1102230246251565e-16,0.0
delta1_K512_radius1_aligned,128,-0.5,1.0,-0.49999363820609044,-0.49999363820609033,1.1102230246251565e-16,0.0
delta1_K512_radius1_aligned,128,0.0,-1.0,-2.4936649967166602e-18,0.0,2.4936649967166602e-18,0.0
delta1_K512_radius1_aligned,128,0.0,-0.5,-2.4936649967166602e-18,0.0,2.4936649967166602e-18,0.0
delta1_K512_radius1_aligned,128,0.0,0.0,-2.4936649967166602e-18,0.0,2.4936649967166602e-18,0.0
delta1_K512_radius1_aligned,128,0.0,0.5,-2.4936649967166602e-18,0.0,2.4936649967166602e-18,0.0
delta1_K512_radius1_aligned,128,0.0,1.0,-2.4936649967166602e-18,0.0,2.4936649967166602e-18,0.0
delta1_K512_radius1_aligned,128,0.5,-1.0,0.49999363820609044,0.49999363820609033,1.1102230246251565e-16,0.0
delta1_K512_radius1_aligned,128,0.5,-0.5,0.49999363820609044,0.49999363820609033,1.1102230246251565e-16,0.0
delta1_K512_radius1_aligned,128,0.5,0.0,0.49999363820609044,0.49999363820609033,1.1102230246251565e-16,0.0
delta1_K512_radius1_aligned,128,0.5,0.5,0.49999363820609044,0.49999363820609033,1.1102230246251565e-16,0.0
delta1_K512_radius1_aligned,128,0.5,1.0,0.49999363820609044,0.49999363820609033,1.1102230246251565e-16,0.0
delta1_K512_radius1_aligned,128,1.0,-1.0,0.9999870380027782,0.999987038002778,2.220446049250313e-16,0.0
delta1_K512_radius1_aligned,128,1.0,-0.5,0.9999870380027782,0.999987038002778,2.220446049250313e-16,0.0
delta1_K512_radius1_aligned,128,1.0,0.0,0.9999870380027782,0.999987038002778,2.220446049250313e-16,0.0
delta1_K512_radius1_aligned,128,1.0,0.5,0.9999870380027782,0.999987038002778,2.220446049250313e-16,0.0
delta1_K512_radius1_aligned,128,1.0,1.0,0.9999870380027782,0.999987038002778,2.220446049250313e-16,0.0
delta1_K512_radius1_transverse,64,-1.0,-1.0,-0.9999870379950173,-0.9999870379950173,0.0,8.586464872450961e-13
delta1_K512_radius1_transverse,64,-1.0,-0.5,-0.9999931415017898,-0.99999314150179,2.220446049250313e-16,1.4071743770216472e-11
delta1_K512_radius1_transverse,64,-1.0,0.0,-0.9999992450085624,-0.9999992450085625,1.1102230246251565e-16,9.094948644032782e-12
delta1_K512_radius1_transverse,64,-1.0,0.5,-1.000005348515335,-1.000005348515335,0.0,4.118150265242093e-12
delta1_K512_radius1_transverse,64,-1.0,1.0,-1.0000114520221077,-1.0000114520221077,0.0,8.586464872450961e-13
delta1_K512_radius1_transverse,64,-0.5,-1.0,-0.4999875346910718,-0.49998753469107177,5.551115123125783e-17,3.902100864650038e-12
delta1_K512_radius1_transverse,64,-0.5,-0.5,-0.49999363820221,-0.49999363820220993,5.551115123125783e-17,4.2247871867573394e-12
delta1_K512_radius1_transverse,64,-0.5,0.0,-0.49999974171334816,-0.4999997417133481,5.551115123125783e-17,4.547474322016391e-12
delta1_K512_radius1_transverse,64,-0.5,0.5,-0.5000058452244863,-0.5000058452244862,1.1102230246251565e-16,4.870159830971943e-12
delta1_K512_radius1_transverse,64,-0.5,1.0,-0.5000119487356245,-0.5000119487356244,1.1102230246251565e-16,5.192846153079245e-12
delta1_K512_radius1_transverse,64,0.0,-1.0,1.2207025186699657e-05,1.2207025186704227e-05,4.570589783384205e-18,3.743672039036028e-13
delta1_K512_radius1_transverse,64,0.0,-0.5,6.10351259335219e-06,6.103512593352114e-06,7.623296525288703e-20,6.2727600891321345e-15
delta1_K512_radius1_transverse,64,0.0,0.0,-2.2024841862081936e-18,0.0,2.2024841862081936e-18,1.8042753679713196e-13
delta1_K512_radius1_transverse,64,0.0,0.5,-6.103512593347916e-06,-6.103512593352114e-06,4.1978952865923125e-18,3.4389158187764224e-13
delta1_K512_radius1_transverse,64,0.0,1.0,-1.22070251866995e-05,-1.2207025186704227e-05,4.726443845678996e-18,3.871347686867921e-13
delta1_K512_radius1_transverse,64,0.5,-1.0,0.5000119487356245,0.5000119487356245,0.0,3.902100864650038e-12
delta1_K512_radius1_transverse,64,0.5,-0.5,0.5000058452244863,0.5000058452244863,0.0,4.2247871867573394e-12
delta1_K512_radius1_transverse,64,0.5,0.0,0.49999974171334816,0.4999997417133482,5.551115123125783e-17,4.547474322016391e-12
delta1_K512_radius1_transverse,64,0.5,0.5,0.49999363820221,0.49999363820221004,5.551115123125783e-17,4.870159830971943e-12
delta1_K512_radius1_transverse,64,0.5,1.0,0.4999875346910718,0.4999875346910719,5.551115123125783e-17,5.192846153079245e-12
delta1_K512_radius1_transverse,64,1.0,-1.0,1.0000114520221077,1.0000114520221077,0.0,8.586464872450961e-13
delta1_K512_radius1_transverse,64,1.0,-0.5,1.000005348515335,1.000005348515335,0.0,4.118150265242093e-12
delta1_K512_radius1_transverse,64,1.0,0.0,0.9999992450085625,0.9999992450085625,0.0,0.0
delta1_K512_radius1_transverse,64,1.0,0.5,0.99999314150179,0.99999314150179,0.0,4.118150265242093e-12
delta1_K512_radius1_transverse,64,1.0,1.0,0.9999870379950172,0.9999870379950173,1.1102230246251565e-16,9.953593504974378e-12
delta1_K512_radius1_transverse,128,-1.0,-1.0,-0.999987037995017,-0.999987037995017,0.0,8.587575095475586e-13
delta1_K512_radius1_transverse,128,-1.0,-0.5,-0.9999931415017896,-0.9999931415017896,0.0,4.118094754090862e-12
delta1_K512_radius1_transverse,128,-1.0,0.0,-0.9999992450085622,-0.9999992450085622,0.0,0.0
delta1_K512_radius1_transverse,128,-1.0,0.5,-1.000005348515335,-1.0000053485153348,2.220446049250313e-16,2.3166746299096985e-11
delta1_K512_radius1_transverse,128,-1.0,1.0,-1.0000114520221075,-1.0000114520221073,2.220446049250313e-16,9.953704527276841e-12
delta1_K512_radius1_transverse,128,-0.5,-1.0,-0.49998753469107166,-0.49998753469107166,0.0,6.455946888195285e-13
delta1_K512_radius1_transverse,128,-0.5,-0.5,-0.4999936382022098,-0.4999936382022098,0.0,3.2279734440976426e-13
delta1_K512_radius1_transverse,128,-0.5,0.0,-0.49999974171334804,-0.499999741713348,5.551115123125783e-17,4.547474322016391e-12
delta1_K512_radius1_transverse,128,-0.5,0.5,-0.5000058452244862,-0.5000058452244861,1.1102230246251565e-16,4.8702708532744055e-12
delta1_K512_radius1_transverse,128,-0.5,1.0,-0.5000119487356243,-0.5000119487356243,0.0,3.901878820045113e-12
delta1_K512_radius1_transverse,128,0.0,-1.0,1.22070251867203e-05,1.2207025186704227e-05,1.6073297207097603e-17,1.3168355295078982e-12
delta1_K512_radius1_transverse,128,0.0,-0.5,6.103512593349303e-06,6.103512593352114e-06,2.8104553189897685e-18,2.302047441560262e-13
delta1_K512_radius1_transverse,128,0.0,0.0,1.7830407499172545e-18,0.0,1.7830407499172545e-18,1.4606672435198637e-13
delta1_K512_radius1_transverse,128,0.0,0.5,-6.103512593346812e-06,-6.103512593352114e-06,5.301579216864666e-18,4.3426373608213e-13
delta1_K512_radius1_transverse,128,0.0,1.0,-1.220702518671668e-05,-1.2207025186704227e-05,1.2453078390532724e-17,1.0201839373280563e-12
delta1_K512_radius1_transverse,128,0.5,-1.0,0.5000119487356243,0.5000119487356243,0.0,3.901878820045113e-12
delta1_K512_radius1_transverse,128,0.5,-0.5,0.5000058452244862,0.5000058452244861,1.1102230246251565e-16,4.8702708532744055e-12
delta1_K512_radius1_transverse,128,0.5,0.0,0.499999741713348,0.499999741713348,0.0,0.0
delta1_K512_radius1_transverse,128,0.5,0.5,0.4999936382022098,0.4999936382022098,0.0,3.2279734440976426e-13
delta1_K512_radius1_transverse,128,0.5,1.0,0.4999875346910717,0.49998753469107166,5.551115123125783e-17,3.901878820045113e-12
delta1_K512_radius1_transverse,128,1.0,-1.0,1.0000114520221075,1.0000114520221073,2.220446049250313e-16,9.953704527276841e-12
delta1_K512_radius1_transverse,128,1.0,-0.5,1.0000053485153348,1.0000053485153348,0.0,4.9768522636384205e-12
delta1_K512_radius1_transverse,128,1.0,0.0,0.9999992450085622,0.9999992450085622,0.0,0.0
delta1_K512_radius1_transverse,128,1.0,0.5,0.9999931415017895,0.9999931415017896,1.1102230246251565e-16,4.9768522636384205e-12
delta1_K512_radius1_transverse,128,1.0,1.0,0.9999870379950169,0.999987037995017,1.1102230246251565e-16,9.953704527276841e-12
delta1_K512_radius0.125_aligned,64,-1.0,-1.0,-0.9999977191328395,-0.9999977191328395,0.0,0.0
delta1_K512_radius0.125_aligned,64,-1.0,-0.5,-0.9999977191328395,-0.9999977191328395,0.0,0.0
delta1_K512_radius0.125_aligned,64,-1.0,0.0,-0.9999977191328395,-0.9999977191328395,0.0,0.0
delta1_K512_radius0.125_aligned,64,-1.0,0.5,-0.9999977191328395,-0.9999977191328395,0.0,0.0
delta1_K512_radius0.125_aligned,64,-1.0,1.0,-0.9999977191328395,-0.9999977191328395,0.0,0.0
delta1_K512_radius0.125_aligned,64,-0.5,-1.0,-0.499998978774941,-0.49999897877494087,1.1102230246251565e-16,0.0
delta1_K512_radius0.125_aligned,64,-0.5,-0.5,-0.499998978774941,-0.49999897877494087,1.1102230246251565e-16,0.0
delta1_K512_radius0.125_aligned,64,-0.5,0.0,-0.499998978774941,-0.49999897877494087,1.1102230246251565e-16,0.0
delta1_K512_radius0.125_aligned,64,-0.5,0.5,-0.499998978774941,-0.49999897877494087,1.1102230246251565e-16,0.0
delta1_K512_radius0.125_aligned,64,-0.5,1.0,-0.499998978774941,-0.49999897877494087,1.1102230246251565e-16,0.0
delta1_K512_radius0.125_aligned,64,0.0,-1.0,1.3444106938820255e-17,0.0,1.3444106938820255e-17,0.0
delta1_K512_radius0.125_aligned,64,0.0,-0.5,1.3444106938820255e-17,0.0,1.3444106938820255e-17,0.0
delta1_K512_radius0.125_aligned,64,0.0,0.0,1.3444106938820255e-17,0.0,1.3444106938820255e-17,0.0
delta1_K512_radius0.125_aligned,64,0.0,0.5,1.3444106938820255e-17,0.0,1.3444106938820255e-17,0.0
delta1_K512_radius0.125_aligned,64,0.0,1.0,1.3444106938820255e-17,0.0,1.3444106938820255e-17,0.0
delta1_K512_radius0.125_aligned,64,0.5,-1.0,0.4999989787749409,0.499998978774941,5.551115123125783e-17,0.0
delta1_K512_radius0.125_aligned,64,0.5,-0.5,0.4999989787749409,0.499998978774941,5.551115123125783e-17,0.0
delta1_K512_radius0.125_aligned,64,0.5,0.0,0.4999989787749409,0.499998978774941,5.551115123125783e-17,0.0
delta1_K512_radius0.125_aligned,64,0.5,0.5,0.4999989787749409,0.499998978774941,5.551115123125783e-17,0.0
delta1_K512_radius0.125_aligned,64,0.5,1.0,0.4999989787749409,0.499998978774941,5.551115123125783e-17,0.0
delta1_K512_radius0.125_aligned,64,1.0,-1.0,0.9999977191328395,0.9999977191328395,0.0,0.0
delta1_K512_radius0.125_aligned,64,1.0,-0.5,0.9999977191328395,0.9999977191328395,0.0,0.0
delta1_K512_radius0.125_aligned,64,1.0,0.0,0.9999977191328395,0.9999977191328395,0.0,0.0
delta1_K512_radius0.125_aligned,64,1.0,0.5,0.9999977191328395,0.9999977191328395,0.0,0.0
delta1_K512_radius0.125_aligned,64,1.0,1.0,0.9999977191328395,0.9999977191328395,0.0,0.0
delta1_K512_radius0.125_aligned,128,-1.0,-1.0,-0.9999977191328393,-0.9999977191328392,1.1102230246251565e-16,0.0
delta1_K512_radius0.125_aligned,128,-1.0,-0.5,-0.9999977191328393,-0.9999977191328392,1.1102230246251565e-16,0.0
delta1_K512_radius0.125_aligned,128,-1.0,0.0,-0.9999977191328393,-0.9999977191328392,1.1102230246251565e-16,0.0
delta1_K512_radius0.125_aligned,128,-1.0,0.5,-0.9999977191328393,-0.9999977191328392,1.1102230246251565e-16,0.0
delta1_K512_radius0.125_aligned,128,-1.0,1.0,-0.9999977191328393,-0.9999977191328392,1.1102230246251565e-16,0.0
delta1_K512_radius0.125_aligned,128,-0.5,-1.0,-0.4999989787749409,-0.49999897877494076,1.6653345369377348e-16,0.0
delta1_K512_radius0.125_aligned,128,-0.5,-0.5,-0.4999989787749409,-0.49999897877494076,1.6653345369377348e-16,0.0
delta1_K512_radius0.125_aligned,128,-0.5,0.0,-0.4999989787749409,-0.49999897877494076,1.6653345369377348e-16,0.0
delta1_K512_radius0.125_aligned,128,-0.5,0.5,-0.4999989787749409,-0.49999897877494076,1.6653345369377348e-16,0.0
delta1_K512_radius0.125_aligned,128,-0.5,1.0,-0.4999989787749409,-0.49999897877494076,1.6653345369377348e-16,0.0
delta1_K512_radius0.125_aligned,128,0.0,-1.0,-5.854691731421724e-18,0.0,5.854691731421724e-18,0.0
delta1_K512_radius0.125_aligned,128,0.0,-0.5,-5.854691731421724e-18,0.0,5.854691731421724e-18,0.0
delta1_K512_radius0.125_aligned,128,0.0,0.0,-5.854691731421724e-18,0.0,5.854691731421724e-18,0.0
delta1_K512_radius0.125_aligned,128,0.0,0.5,-5.854691731421724e-18,0.0,5.854691731421724e-18,0.0
delta1_K512_radius0.125_aligned,128,0.0,1.0,-5.854691731421724e-18,0.0,5.854691731421724e-18,0.0
delta1_K512_radius0.125_aligned,128,0.5,-1.0,0.49999897877494087,0.49999897877494076,1.1102230246251565e-16,0.0
delta1_K512_radius0.125_aligned,128,0.5,-0.5,0.49999897877494087,0.49999897877494076,1.1102230246251565e-16,0.0
delta1_K512_radius0.125_aligned,128,0.5,0.0,0.49999897877494087,0.49999897877494076,1.1102230246251565e-16,0.0
delta1_K512_radius0.125_aligned,128,0.5,0.5,0.49999897877494087,0.49999897877494076,1.1102230246251565e-16,0.0
delta1_K512_radius0.125_aligned,128,0.5,1.0,0.49999897877494087,0.49999897877494076,1.1102230246251565e-16,0.0
delta1_K512_radius0.125_aligned,128,1.0,-1.0,0.9999977191328393,0.9999977191328392,1.1102230246251565e-16,0.0
delta1_K512_radius0.125_aligned,128,1.0,-0.5,0.9999977191328393,0.9999977191328392,1.1102230246251565e-16,0.0
delta1_K512_radius0.125_aligned,128,1.0,0.0,0.9999977191328393,0.9999977191328392,1.1102230246251565e-16,0.0
delta1_K512_radius0.125_aligned,128,1.0,0.5,0.9999977191328393,0.9999977191328392,1.1102230246251565e-16,0.0
delta1_K512_radius0.125_aligned,128,1.0,1.0,0.9999977191328393,0.9999977191328392,1.1102230246251565e-16,0.0
delta1_K512_radius0.125_transverse,64,-1.0,-1.0,-0.9999977191318692,-0.9999977191318694,2.220446049250313e-16,1.1909295771772577e-10
delta1_K512_radius0.125_transverse,64,-1.0,-0.5,-0.9999984820702158,-0.9999984820702159,1.1102230246251565e-16,9.592626692978001e-11
delta1_K512_radius0.125_transverse,64,-1.0,0.0,-0.9999992450085624,-0.9999992450085625,1.1102230246251565e-16,7.275958915226225e-11
delta1_K512_radius0.125_transverse,64,-1.0,0.5,-1.000000007946909,-1.0000000079469091,2.220446049250313e-16,1.2235246149572276e-10
delta1_K512_radius0.125_transverse,64,-1.0,1.0,-1.0000007708852556,-1.0000007708852556,0.0,2.642619456594275e-11
delta1_K512_radius0.125_transverse,64,-0.5,-1.0,-0.4999982158355636,-0.4999982158355636,0.0,1.754452139124396e-11
delta1_K512_radius0.125_transverse,64,-0.5,-0.5,-0.49999897877445587,-0.4999989787744558,5.551115123125783e-17,2.6962154731080545e-11
delta1_K512_radius0.125_transverse,64,-0.5,0.0,-0.49999974171334816,-0.4999997417133481,5.551115123125783e-17,3.637979457613113e-11
delta1_K512_radius0.125_transverse,64,-0.5,0.5,-0.5000005046522404,-0.5000005046522403,1.1102230246251565e-16,4.5797421410753714e-11
delta1_K512_radius0.125_transverse,64,-0.5,1.0,-0.5000012675911327,-0.5000012675911326,1.1102230246251565e-16,5.52150547505903e-11
delta1_K512_radius0.125_transverse,64,0.0,-1.0,1.5258781483439528e-06,1.5258781483380284e-06,5.92436019133339e-18,3.8826719617190975e-12
delta1_K512_radius0.125_transverse,64,0.0,-0.5,7.62939074169213e-07,7.629390741690142e-07,1.98840984367947e-19,1.3034018309099338e-13
delta1_K512_radius0.125_transverse,64,0.0,0.0,5.080413454944525e-18,0.0,5.080413454944525e-18,3.3295003571934842e-12
delta1_K512_radius0.125_transverse,64,0.0,0.5,-7.629390741710587e-07,-7.629390741690142e-07,2.0445257764350674e-18,1.3399281684201014e-12
delta1_K512_radius0.125_transverse,64,0.0,1.0,-1.5258781483439252e-06,-1.5258781483380284e-06,5.8968316205476254e-18,3.864575326417707e-12
delta1_K512_radius0.125_transverse,64,0.5,-1.0,0.5000012675911327,0.5000012675911327,0.0,1.754452139124396e-11
delta1_K512_radius0.125_transverse,64,0.5,-0.5,0.5000005046522404,0.5000005046522404,0.0,2.6962154731080545e-11
delta1_K512_radius0.125_transverse,64,0.5,0.0,0.49999974171334816,0.4999997417133482,5.551115123125783e-17,3.637979457613113e-11
delta1_K512_radius0.125_transverse,64,0.5,0.5,0.49999897877445587,0.4999989787744559,5.551115123125783e-17,4.5797421410753714e-11
delta1_K512_radius0.125_transverse,64,0.5,1.0,0.49999821583556364,0.4999982158355637,5.551115123125783e-17,1.8835266679673168e-11
delta1_K512_radius0.125_transverse,64,1.0,-1.0,1.0000007708852556,1.0000007708852556,0.0,2.642619456594275e-11
delta1_K512_radius0.125_transverse,64,1.0,-0.5,1.000000007946909,1.0000000079469091,2.220446049250313e-16,1.2235246149572276e-10
delta1_K512_radius0.125_transverse,64,1.0,0.0,0.9999992450085624,0.9999992450085625,1.1102230246251565e-16,7.275958915226225e-11
delta1_K512_radius0.125_transverse,64,1.0,0.5,0.9999984820702159,0.9999984820702159,0.0,2.3166690787945754e-11
delta1_K512_radius0.125_transverse,64,1.0,1.0,0.9999977191318693,0.9999977191318694,1.1102230246251565e-16,4.633338157589151e-11
delta1_K512_radius0.125_transverse,128,-1.0,-1.0,-0.999997719131869,-0.9999977191318691,1.1102230246251565e-16,4.633349259819397e-11
delta1_K512_radius0.125_transverse,128,-1.0,-0.5,-0.9999984820702157,-0.9999984820702156,1.1102230246251565e-16,4.9592829842737274e-11
delta1_K512_radius0.125_transverse,128,-1.0,0.0,-0.9999992450085622,-0.9999992450085622,0.0,0.0
delta1_K512_radius0.125_transverse,128,-1.0,0.5,-1.000000007946909,-1.0000000079469087,2.220446049250313e-16,9.592632244093124e-11
delta1_K512_radius0.125_transverse,128,-1.0,1.0,-1.0000007708852552,-1.0000007708852554,2.220446049250313e-16,9.918565968547455e-11
delta1_K512_radius0.125_transverse,128,-0.5,-1.0,-0.4999982158355635,-0.4999982158355635,0.0,1.7544299346639036e-11
delta1_K512_radius0.125_transverse,128,-0.5,-0.5,-0.4999989787744557,-0.4999989787744557,0.0,9.417744362139047e-12
delta1_K512_radius0.125_transverse,128,-0.5,0.0,-0.499999741713348,-0.499999741713348,0.0,0.0
delta1_K512_radius0.125_transverse,128,-0.5,0.5,-0.5000005046522402,-0.5000005046522402,0.0,2.6962043708778083e-11
delta1_K512_radius0.125_transverse,128,-0.5,1.0,-0.5000012675911325,-0.5000012675911325,0.0,1.7544299346639036e-11
delta1_K512_radius0.125_transverse,128,0.0,-1.0,1.52587814833489e-06,1.5258781483380284e-06,3.1384688278139963e-18,2.056799175420565e-12
delta1_K512_radius0.125_transverse,128,0.0,-0.5,7.6293907416026e-07,7.629390741690142e-07,8.754191388991601e-18,5.737132990901728e-12
delta1_K512_radius0.125_transverse,128,0.0,0.0,9.539977402150637e-19,0.0,9.539977402150637e-19,6.252120708239709e-13
delta1_K512_radius0.125_transverse,128,0.0,0.5,-7.629390741600563e-07,-7.629390741690142e-07,8.95790281280626e-18,5.870637309612903e-12
delta1_K512_radius0.125_transverse,128,0.0,1.0,-1.525878148336026e-06,-1.5258781483380284e-06,2.002385887309166e-18,1.312283615106935e-12
delta1_K512_radius0.125_transverse,128,0.5,-1.0,0.5000012675911325,0.5000012675911325,0.0,1.7544299346639036e-11
delta1_K512_radius0.125_transverse,128,0.5,-0.5,0.5000005046522402,0.5000005046522402,0.0,2.6962043708778083e-11
delta1_K512_radius0.125_transverse,128,0.5,0.0,0.49999974171334793,0.499999741713348,5.551115123125783e-17,3.637979457613113e-11
delta1_K512_radius0.125_transverse,128,0.5,0.5,0.49999897877445576,0.4999989787744557,5.551115123125783e-17,2.6962043708778083e-11
delta1_K512_radius0.125_transverse,128,0.5,1.0,0.4999982158355635,0.4999982158355635,0.0,1.7544299346639036e-11
delta1_K512_radius0.125_transverse,128,1.0,-1.0,1.0000007708852554,1.0000007708852554,0.0,4.633349259819397e-11
delta1_K512_radius0.125_transverse,128,1.0,-0.5,1.000000007946909,1.0000000079469087,2.220446049250313e-16,9.592632244093124e-11
delta1_K512_radius0.125_transverse,128,1.0,0.0,0.9999992450085621,0.9999992450085622,1.1102230246251565e-16,7.275958915226225e-11
delta1_K512_radius0.125_transverse,128,1.0,0.5,0.9999984820702156,0.9999984820702156,0.0,2.3166746299096985e-11
delta1_K512_radius0.125_transverse,128,1.0,1.0,0.999997719131869,0.9999977191318691,1.1102230246251565e-16,4.633349259819397e-11
delta1_K512_radius0.015625_aligned,64,-1.0,-1.0,-0.9999990542740972,-0.9999990542740972,0.0,0.0
delta1_K512_radius0.015625_aligned,64,-1.0,-0.5,-0.9999990542740972,-0.9999990542740972,0.0,0.0
delta1_K512_radius0.015625_aligned,64,-1.0,0.0,-0.9999990542740972,-0.9999990542740972,0.0,0.0
delta1_K512_radius0.015625_aligned,64,-1.0,0.5,-0.9999990542740972,-0.9999990542740972,0.0,0.0
delta1_K512_radius0.015625_aligned,64,-1.0,1.0,-0.9999990542740972,-0.9999990542740972,0.0,0.0
delta1_K512_radius0.015625_aligned,64,-0.5,-1.0,-0.49999964634604727,-0.4999996463460472,5.551115123125783e-17,0.0
delta1_K512_radius0.015625_aligned,64,-0.5,-0.5,-0.49999964634604727,-0.4999996463460472,5.551115123125783e-17,0.0
delta1_K512_radius0.015625_aligned,64,-0.5,0.0,-0.49999964634604727,-0.4999996463460472,5.551115123125783e-17,0.0
delta1_K512_radius0.015625_aligned,64,-0.5,0.5,-0.49999964634604727,-0.4999996463460472,5.551115123125783e-17,0.0
delta1_K512_radius0.015625_aligned,64,-0.5,1.0,-0.49999964634604727,-0.4999996463460472,5.551115123125783e-17,0.0
delta1_K512_radius0.015625_aligned,64,0.0,-1.0,-1.3877787807814457e-17,0.0,1.3877787807814457e-17,0.0
delta1_K512_radius0.015625_aligned,64,0.0,-0.5,-1.3877787807814457e-17,0.0,1.3877787807814457e-17,0.0
delta1_K512_radius0.015625_aligned,64,0.0,0.0,-1.3877787807814457e-17,0.0,1.3877787807814457e-17,0.0
delta1_K512_radius0.015625_aligned,64,0.0,0.5,-1.3877787807814457e-17,0.0,1.3877787807814457e-17,0.0
delta1_K512_radius0.015625_aligned,64,0.0,1.0,-1.3877787807814457e-17,0.0,1.3877787807814457e-17,0.0
delta1_K512_radius0.015625_aligned,64,0.5,-1.0,0.49999964634604727,0.4999996463460473,5.551115123125783e-17,0.0
delta1_K512_radius0.015625_aligned,64,0.5,-0.5,0.49999964634604727,0.4999996463460473,5.551115123125783e-17,0.0
delta1_K512_radius0.015625_aligned,64,0.5,0.0,0.49999964634604727,0.4999996463460473,5.551115123125783e-17,0.0
delta1_K512_radius0.015625_aligned,64,0.5,0.5,0.49999964634604727,0.4999996463460473,5.551115123125783e-17,0.0
delta1_K512_radius0.015625_aligned,64,0.5,1.0,0.49999964634604727,0.4999996463460473,5.551115123125783e-17,0.0
delta1_K512_radius0.015625_aligned,64,1.0,-1.0,0.9999990542740971,0.9999990542740972,1.1102230246251565e-16,0.0
delta1_K512_radius0.015625_aligned,64,1.0,-0.5,0.9999990542740971,0.9999990542740972,1.1102230246251565e-16,0.0
delta1_K512_radius0.015625_aligned,64,1.0,0.0,0.9999990542740971,0.9999990542740972,1.1102230246251565e-16,0.0
delta1_K512_radius0.015625_aligned,64,1.0,0.5,0.9999990542740971,0.9999990542740972,1.1102230246251565e-16,0.0
delta1_K512_radius0.015625_aligned,64,1.0,1.0,0.9999990542740971,0.9999990542740972,1.1102230246251565e-16,0.0
delta1_K512_radius0.015625_aligned,128,-1.0,-1.0,-0.9999990542740971,-0.9999990542740969,2.220446049250313e-16,0.0
delta1_K512_radius0.015625_aligned,128,-1.0,-0.5,-0.9999990542740971,-0.9999990542740969,2.220446049250313e-16,0.0
delta1_K512_radius0.015625_aligned,128,-1.0,0.0,-0.9999990542740971,-0.9999990542740969,2.220446049250313e-16,0.0
delta1_K512_radius0.015625_aligned,128,-1.0,0.5,-0.9999990542740971,-0.9999990542740969,2.220446049250313e-16,0.0
delta1_K512_radius0.015625_aligned,128,-1.0,1.0,-0.9999990542740971,-0.9999990542740969,2.220446049250313e-16,0.0
delta1_K512_radius0.015625_aligned,128,-0.5,-1.0,-0.4999996463460472,-0.4999996463460471,1.1102230246251565e-16,0.0
delta1_K512_radius0.015625_aligned,128,-0.5,-0.5,-0.4999996463460472,-0.4999996463460471,1.1102230246251565e-16,0.0
delta1_K512_radius0.015625_aligned,128,-0.5,0.0,-0.4999996463460472,-0.4999996463460471,1.1102230246251565e-16,0.0
delta1_K512_radius0.015625_aligned,128,-0.5,0.5,-0.4999996463460472,-0.4999996463460471,1.1102230246251565e-16,0.0
delta1_K512_radius0.015625_aligned,128,-0.5,1.0,-0.4999996463460472,-0.4999996463460471,1.1102230246251565e-16,0.0
delta1_K512_radius0.015625_aligned,128,0.0,-1.0,5.421010862427522e-18,0.0,5.421010862427522e-18,0.0
delta1_K512_radius0.015625_aligned,128,0.0,-0.5,5.421010862427522e-18,0.0,5.421010862427522e-18,0.0
delta1_K512_radius0.015625_aligned,128,0.0,0.0,5.421010862427522e-18,0.0,5.421010862427522e-18,0.0
delta1_K512_radius0.015625_aligned,128,0.0,0.5,5.421010862427522e-18,0.0,5.421010862427522e-18,0.0
delta1_K512_radius0.015625_aligned,128,0.0,1.0,5.421010862427522e-18,0.0,5.421010862427522e-18,0.0
delta1_K512_radius0.015625_aligned,128,0.5,-1.0,0.4999996463460472,0.4999996463460471,1.1102230246251565e-16,0.0
delta1_K512_radius0.015625_aligned,128,0.5,-0.5,0.4999996463460472,0.4999996463460471,1.1102230246251565e-16,0.0
delta1_K512_radius0.015625_aligned,128,0.5,0.0,0.4999996463460472,0.4999996463460471,1.1102230246251565e-16,0.0
delta1_K512_radius0.015625_aligned,128,0.5,0.5,0.4999996463460472,0.4999996463460471,1.1102230246251565e-16,0.0
delta1_K512_radius0.015625_aligned,128,0.5,1.0,0.4999996463460472,0.4999996463460471,1.1102230246251565e-16,0.0
delta1_K512_radius0.015625_aligned,128,1.0,-1.0,0.999999054274097,0.9999990542740969,1.1102230246251565e-16,0.0
delta1_K512_radius0.015625_aligned,128,1.0,-0.5,0.999999054274097,0.9999990542740969,1.1102230246251565e-16,0.0
delta1_K512_radius0.015625_aligned,128,1.0,0.0,0.999999054274097,0.9999990542740969,1.1102230246251565e-16,0.0
delta1_K512_radius0.015625_aligned,128,1.0,0.5,0.999999054274097,0.9999990542740969,1.1102230246251565e-16,0.0
delta1_K512_radius0.015625_aligned,128,1.0,1.0,0.999999054274097,0.9999990542740969,1.1102230246251565e-16,0.0
delta1_K512_radius0.015625_transverse,64,-1.0,-1.0,-0.9999990542739758,-0.9999990542739758,0.0,1.9185253385956003e-10
delta1_K512_radius0.015625_transverse,64,-1.0,-0.5,-0.999999149641269,-0.9999991496412692,2.220446049250313e-16,9.690413471652448e-10
delta1_K512_radius0.015625_transverse,64,-1.0,0.0,-0.9999992450085624,-0.9999992450085625,1.1102230246251565e-16,5.82076713218098e-10
delta1_K512_radius0.015625_transverse,64,-1.0,0.5,-0.9999993403758558,-0.9999993403758558,0.0,1.9511209314870825e-10
delta1_K512_radius0.015625_transverse,64,-1.0,1.0,-0.9999994357431491,-0.9999994357431492,1.1102230246251565e-16,3.902241862974165e-10
delta1_K512_radius0.015625_transverse,64,-0.5,-1.0,-0.4999995509786251,-0.49999955097862503,5.551115123125783e-17,2.7220303788766387e-10
delta1_K512_radius0.015625_transverse,64,-0.5,-0.5,-0.49999964634598665,-0.4999996463459866,5.551115123125783e-17,4.271398790223202e-10
delta1_K512_radius0.015625_transverse,64,-0.5,0.0,-0.49999974171334816,-0.4999997417133481,5.551115123125783e-17,2.91038356609049e-10
delta1_K512_radius0.015625_transverse,64,-0.5,0.5,-0.4999998370807097,-0.4999998370807096,1.1102230246251565e-16,4.4597514570199337e-10
delta1_K512_radius0.015625_transverse,64,-0.5,1.0,-0.49999993244807117,-0.49999993244807117,0.0,1.8835266679673168e-11
delta1_K512_radius0.015625_transverse,64,0.0,-1.0,1.9073476854939759e-07,1.9073476854225355e-07,7.14403469582038e-18,3.745537213717398e-11
delta1_K512_radius0.015625_transverse,64,0.0,-0.5,9.536738427077493e-08,9.536738427112678e-08,3.5184954535555585e-19,1.844691066565929e-12
delta1_K512_radius0.015625_transverse,64,0.0,0.0,-4.076890136709227e-18,0.0,4.076890136709227e-18,2.1374649582035145e-11
delta1_K512_radius0.015625_transverse,64,0.0,0.5,-9.536738427431943e-08,-9.536738427112678e-08,3.19265246665867e-18,1.6738721519971023e-11
delta1_K512_radius0.015625_transverse,64,0.0,1.0,-1.907347685411333e-07,-1.9073476854225355e-07,1.1202540123030156e-18,5.873301844872003e-12
delta1_K512_radius0.015625_transverse,64,0.5,-1.0,0.49999993244807117,0.4999999324480713,1.1102230246251565e-16,5.632414534773034e-10
delta1_K512_radius0.015625_transverse,64,0.5,-0.5,0.49999983708070966,0.4999998370807097,5.551115123125783e-17,4.271398790223202e-10
delta1_K512_radius0.015625_transverse,64,0.5,0.0,0.49999974171334816,0.4999997417133482,5.551115123125783e-17,2.91038356609049e-10
delta1_K512_radius0.015625_transverse,64,0.5,0.5,0.4999996463459866,0.4999996463459867,1.1102230246251565e-16,4.4597514570199337e-10
delta1_K512_radius0.015625_transverse,64,0.5,1.0,0.49999955097862514,0.49999955097862514,0.0,1.8835266679673168e-11
delta1_K512_radius0.015625_transverse,64,1.0,-1.0,0.9999994357431492,0.9999994357431492,0.0,1.9185253385956003e-10
delta1_K512_radius0.015625_transverse,64,1.0,-0.5,0.9999993403758558,0.9999993403758558,0.0,1.9511209314870825e-10
delta1_K512_radius0.015625_transverse,64,1.0,0.0,0.9999992450085624,0.9999992450085625,1.1102230246251565e-16,5.82076713218098e-10
delta1_K512_radius0.015625_transverse,64,1.0,0.5,0.999999149641269,0.9999991496412692,2.220446049250313e-16,9.690413471652448e-10
delta1_K512_radius0.015625_transverse,64,1.0,1.0,0.9999990542739758,0.9999990542739758,0.0,1.9185253385956003e-10
delta1_K512_radius0.015625_transverse,128,-1.0,-1.0,-0.9999990542739754,-0.9999990542739755,1.1102230246251565e-16,7.73929365038839e-10
delta1_K512_radius0.015625_transverse,128,-1.0,-0.5,-0.9999991496412689,-0.9999991496412689,0.0,1.9511203763755702e-10
delta1_K512_radius0.015625_transverse,128,-1.0,0.0,-0.9999992450085622,-0.9999992450085622,0.0,0.0
delta1_K512_radius0.015625_transverse,128,-1.0,0.5,-0.9999993403758555,-0.9999993403758555,0.0,1.9511203763755702e-10
delta1_K512_radius0.015625_transverse,128,-1.0,1.0,-0.9999994357431488,-0.9999994357431489,1.1102230246251565e-16,3.9022407527511405e-10
delta1_K512_radius0.015625_transverse,128,-0.5,-1.0,-0.4999995509786249,-0.4999995509786249,0.0,1.8835488724278093e-11
delta1_K512_radius0.015625_transverse,128,-0.5,-0.5,-0.4999996463459865,-0.4999996463459865,0.0,1.3610140792152947e-10
delta1_K512_radius0.015625_transverse,128,-0.5,0.0,-0.49999974171334793,-0.499999741713348,5.551115123125783e-17,2.91038356609049e-10
delta1_K512_radius0.015625_transverse,128,-0.5,0.5,-0.49999983708070955,-0.4999998370807095,5.551115123125783e-17,1.5493689664580756e-10
delta1_K512_radius0.015625_transverse,128,-0.5,1.0,-0.49999993244807106,-0.49999993244807106,0.0,1.8835488724278093e-11
delta1_K512_radius0.015625_transverse,128,0.0,-1.0,1.9073476853884292e-07,1.9073476854225355e-07,3.4106311016786437e-18,1.7881474079217696e-11
delta1_K512_radius0.015625_transverse,128,0.0,-0.5,9.536738427655811e-08,9.536738427112678e-08,5.431334076472184e-18,2.8475888314005715e-11
delta1_K512_radius0.015625_transverse,128,0.0,0.0,2.0147694273139384e-18,0.0,2.0147694273139384e-18,1.0563196223922319e-11
delta1_K512_radius0.015625_transverse,128,0.0,0.5,-9.536738427780972e-08,-9.536738427112678e-08,6.68294437004862e-18,3.5037917012203934e-11
delta1_K512_radius0.015625_transverse,128,0.0,1.0,-1.9073476853846308e-07,-1.9073476854225355e-07,3.790472438962994e-18,1.9872992140790302e-11
delta1_K512_radius0.015625_transverse,128,0.5,-1.0,0.4999999324480711,0.49999993244807106,5.551115123125783e-17,3.0987379329161513e-10
delta1_K512_radius0.015625_transverse,128,0.5,-0.5,0.49999983708070955,0.4999998370807095,5.551115123125783e-17,1.5493689664580756e-10
delta1_K512_radius0.015625_transverse,128,0.5,0.0,0.49999974171334804,0.499999741713348,5.551115123125783e-17,2.91038356609049e-10
delta1_K512_radius0.015625_transverse,128,0.5,0.5,0.4999996463459865,0.4999996463459865,0.0,1.3610140792152947e-10
delta1_K512_radius0.015625_transverse,128,0.5,1.0,0.4999995509786249,0.4999995509786249,0.0,1.8835488724278093e-11
delta1_K512_radius0.015625_transverse,128,1.0,-1.0,0.9999994357431488,0.9999994357431489,1.1102230246251565e-16,3.9022407527511405e-10
delta1_K512_radius0.015625_transverse,128,1.0,-0.5,0.9999993403758556,0.9999993403758555,1.1102230246251565e-16,3.869646825194195e-10
delta1_K512_radius0.015625_transverse,128,1.0,0.0,0.9999992450085622,0.9999992450085622,0.0,0.0
delta1_K512_radius0.015625_transverse,128,1.0,0.5,0.9999991496412688,0.9999991496412689,1.1102230246251565e-16,3.869646825194195e-10
delta1_K512_radius0.015625_transverse,128,1.0,1.0,0.9999990542739755,0.9999990542739755,0.0,1.918526448818625e-10
